,sessionID,age,tracing_item,f1_score
0,v31525887854758,6,square,0.15509202453987733
1,v31525887854758,6,shape,0.23563528459670893
2,v31525887854758,6,this circle,0.012468555178825329
3,v31525889224904,2,square,0.18695543938262385
4,v31525889224904,2,shape,0.23922873474959472
5,v31525892637212,2,square,0.03855203619909502
6,v31525893174061,2,square,0.1729742843279961
7,v31525893174061,2,shape,0.22871931174372245
8,v31525893174061,2,this circle,0.19198293485023554
9,v31525893423612,6,square,0.005665204678362573
10,v31525893423612,6,shape,0.20245559038662483
11,v31525893768237,3,square,0.007452953232718463
12,v31525893976840,5,square,0.2465860319937573
13,v31525893976840,5,shape,0.22933036645574023
14,v31525893976840,5,this circle,0.05002919992213354
15,v31525894638556,2,square,0.07957096532801197
16,v31525894638556,2,shape,0.255712806351398
17,v31525894638556,2,this circle,0.46501529655580776
18,v31525895728803,6,square,0.19409603446091475
19,v31525895728803,6,shape,0.2141448295294449
20,v31525895728803,6,this circle,0.2977591323032846
21,v31525897661521,2,square,0.0
22,v31525897661521,2,shape,0.04302165568190048
23,v31525899254114,4,square,0.2483317445185891
24,v31525901322190,2,square,0.009307135470527403
25,v31525901714819,3,square,0.0
26,v31525902126553,-1,square,0.21651422127552938
27,v31525902126553,-1,shape,0.24303093500173792
28,v31525902126553,-1,this circle,0.040320878192949126
29,v31525904067360,3,square,0.07540248624414102
30,v31525908206117,4,square,0.036547560776635665
31,v31525908387543,4,square,0.23059475806451613
32,v31525908387543,4,shape,0.28751814223512334
33,v31525908387543,4,this circle,0.20049457865702874
34,v31525908911986,8,square,0.2341186628839275
35,v31525973096978,-1,square,0.10017990720575702
36,v31525973096978,-1,shape,0.09636321519573778
37,v31525973096978,-1,this circle,0.05470149957559181
38,v31525974358965,6,square,0.20916976456009914
39,v31525974676521,6,square,0.4451868349418461
40,v31525974676521,6,shape,0.2687787429739397
41,v31525975379407,4,square,0.22694864048338367
42,v31525975379407,4,shape,0.027529411764705882
43,v31525976032935,6,square,0.12232475947378757
44,v31525976032935,6,shape,0.008843470570895155
45,v31525976865876,5,square,0.2952593812492648
46,v31525976865876,5,shape,0.3231030962912555
47,v31525976865876,5,this circle,0.026315789473684213
48,v31525984464310,4,square,0.180825995287114
49,v31525984464310,4,shape,0.3109669251463839
50,v31525984944345,3,square,0.24238777229510172
51,v31525984944345,3,shape,0.3052541753017189
52,v31525990258467,2,square,0.2409839980893241
53,v31525992411710,3,square,0.022495313476359094
54,v31525992682386,3,square,0.07730485787336441
55,v31525993726883,9,square,0.2725865968337103
56,v31526060310716,7,square,0.48417132216014896
57,v31526060310716,7,shape,0.43073471676948966
58,v31526060310716,7,this circle,0.21681203872328192
59,v31526060708396,7,square,0.11266201395812563
60,v31526060998610,6,square,0.22038906673233197
61,v31526060998610,6,shape,0.3837273991655077
62,v31526060998610,6,this circle,0.2140228192859772
63,v31526061437727,6,square,0.5638435334194761
64,v31526061437727,6,shape,0.23450219160926739
65,v31526061799166,7,square,0.16267823930564163
66,v31526061799166,7,shape,0.345047498837441
67,v31526061799166,7,this circle,0.3429355281207134
68,v31526061874268,7,square,0.16223067173637515
69,v31526061874268,7,shape,0.4006192367234301
70,v31526061874268,7,this circle,0.028375733855185912
71,v31526061922561,7,square,0.03490909090909091
72,v31526061922561,7,shape,0.42222664807807214
73,v31526061922561,7,this circle,0.07060964513193813
74,v31526063462438,6,square,0.5398877775067089
75,v31526063462438,6,shape,0.3207521273675542
76,v31526063462438,6,this circle,0.14788873323994398
77,v31526063950237,6,square,0.25422518447988574
78,v31526063950237,6,shape,0.3406200317965024
79,v31526063950237,6,this circle,0.10165975103734438
80,v31526064139398,7,square,0.3892926356589147
81,v31526064139398,7,shape,0.554833413149073
82,v31526064139398,7,this circle,0.36212019553340363
83,v31526064497532,7,square,0.29368754569826955
84,v31526064497532,7,shape,0.5028061396984245
85,v31526064497532,7,this circle,0.1442998640512721
86,v31526064586872,7,square,0.30724928008013025
87,v31526064719488,7,square,0.2114659290922806
88,v31526064719488,7,shape,0.46326431687556263
89,v31526064719488,7,this circle,0.18040665434380776
90,v31526064952740,2,square,0.19064535227945528
91,v31526064952740,2,shape,0.022972662531587414
92,v31526067194650,2,square,0.04056639877535399
93,v31526067194650,2,shape,0.032526827967739785
94,v31526067194650,2,this circle,0.10151776282870963
95,v31526072349961,5,square,0.19071608492263403
96,v31526072349961,5,shape,0.20523638168507258
97,v31526072349961,5,this circle,0.03874623046696518
98,v31526072947360,5,square,0.30269754117927905
99,v31526072947360,5,shape,0.013051584835301428
100,v31526072947360,5,this circle,0.17334882044298472
101,v31526073488506,4,square,0.015801354401805866
102,v31526073488506,4,shape,0.4668646338813645
103,v31526073488506,4,this circle,0.1259043502771775
104,v31526074471797,8,square,0.4810495626822157
105,v31526074471797,8,shape,0.46338196940861354
106,v31526074471797,8,this circle,0.1341003769093434
107,v31526076014598,-1,square,0.025176117334565193
108,v31526078151101,3,square,0.166351606805293
109,v31526078151101,3,shape,0.26760654465498285
110,v31526078151101,3,this circle,0.1268039253415432
111,v31526078606222,3,square,0.0
112,v31526078606222,3,shape,0.035642152786028274
113,v31526078928446,4,square,0.3618877208678148
114,v31526078928446,4,shape,0.294445198967812
115,v31526078928446,4,this circle,0.1403688524590164
116,v31526143945119,-1,square,0.5121859767529059
117,v31526143945119,-1,shape,0.49180100055586434
118,v31526143945119,-1,this circle,0.28753993610223644
119,v31526144135278,4,square,0.1585188770571152
120,v31526144135278,4,shape,0.0
121,v31526148488690,2,square,0.0
122,v31526148488690,2,shape,0.0
123,v31526148488690,2,this circle,0.0
124,v31526148565492,3,square,0.0
125,v31526148565492,3,shape,0.024078024992380372
126,v31526148565492,3,this circle,0.014922656960873523
127,v31526148649096,8,square,0.0
128,v31526148748919,8,square,0.19451728247914182
129,v31526149013447,-1,square,0.20334840523035563
130,v31526149013447,-1,shape,0.4612507791398296
131,v31526149013447,-1,this circle,0.16768072599773126
132,v31526150370058,8,square,0.5991654393716249
133,v31526151383057,10,square,0.43769889840881276
134,v31526151383057,10,shape,0.490927624872579
135,v31526151383057,10,this circle,0.2366602687140115
136,v31526152332221,10,square,0.6477823332090943
137,v31526152332221,10,shape,0.42755407653910144
138,v31526152332221,10,this circle,0.1018012366699525
139,v31526152658322,2,square,0.01778121376111326
140,v31526152868212,8,square,0.364244978923878
141,v31526152868212,8,shape,0.5792620078334364
142,v31526152868212,8,this circle,0.08289112534309241
143,v31526153674851,-1,square,0.1290612703766161
144,v31526153674851,-1,shape,0.33070866141732286
145,v31526154008666,-1,square,0.0
146,v31526154008666,-1,shape,0.07167352537722908
147,v31526154008666,-1,this circle,0.058402602096133
148,v31526154337782,3,square,0.002572347266881029
149,v31526154337782,3,shape,0.010978126289723483
150,v31526154337782,3,this circle,0.0
151,v31526154627196,3,square,0.022465638735784554
152,v31526154627196,3,shape,0.060073988183976586
153,v31526154627196,3,this circle,0.03549139849134423
154,v31526154829898,3,square,0.03992592927148728
155,v31526154829898,3,shape,0.09656486277311424
156,v31526154829898,3,this circle,0.10060821084642675
157,v31526154949156,2,square,0.0009718172983479105
158,v31526154949156,2,shape,0.1023963044942739
159,v31526155592798,-1,square,0.10961116880119996
160,v31526155592798,-1,shape,0.16372512204280887
161,v31526155592798,-1,this circle,0.08140242216446386
162,v31526155956525,9,square,0.6382872790639781
163,v31526155956525,9,shape,0.49124002999522803
164,v31526155956525,9,this circle,0.2610221992772328
165,v31526157427450,5,square,0.28191616766467065
166,v31526157427450,5,shape,0.39782810223811416
167,v31526157427450,5,this circle,0.09046052631578948
168,v31526157685006,6,square,0.3934386973180077
169,v31526157685006,6,shape,0.3441983471074381
170,v31526157685006,6,this circle,0.17449408171057654
171,v31526158807742,5,square,0.5112484548825712
172,v31526158807742,5,shape,0.5710388104494919
173,v31526158807742,5,this circle,0.04931564099885069
174,v31526160539320,2,square,0.34190510684534586
175,v31526160539320,2,shape,0.2946506143725953
176,v31526160539320,2,this circle,0.3534548215641609
177,v31526160653931,-1,square,0.3324588600047698
178,v31526160653931,-1,shape,0.365280052407468
179,v31526160653931,-1,this circle,0.1707361850559941
180,v31526160796383,2,square,0.04054151885904583
181,v31526160796383,2,shape,0.1277181654163897
182,v31526162026170,4,square,0.3634146341463414
183,v31526162026170,4,shape,0.10707964601769912
184,v31526162477315,2,square,0.1858239457681188
185,v31526162477315,2,shape,0.24400459366344657
186,v31526162477315,2,this circle,0.01578798985057795
187,v31526163240923,-1,square,0.18963399656104155
188,v31526163240923,-1,shape,0.28634153990904815
189,v31526163636798,2,square,0.11061946902654868
190,v31526163910656,8,square,0.21345766129032254
191,v31526163910656,8,shape,0.2632311977715877
192,v31526163910656,8,this circle,0.06047054248493097
193,v31526164238357,8,square,0.26236297198538366
194,v31526164238357,8,shape,0.3462567762300144
195,v31526164238357,8,this circle,0.29356514788169463
196,v31526166383560,4,square,0.0700561631687851
197,v31526166579282,4,square,0.41505882352941176
198,v31526166579282,4,shape,0.41975957432831895
199,v31526166579282,4,this circle,0.0853258321612752
200,v31526167651102,4,square,0.32792925571112747
201,v31526167651102,4,shape,0.3722032113714135
202,v31526167651102,4,this circle,0.2153357171235598
203,v31526168752022,6,square,0.24592592592592594
204,v31526168752022,6,shape,0.47076387160985317
205,v31526168752022,6,this circle,0.03977724741447892
206,v31526230799543,4,square,0.06115715780156112
207,v31526230799543,4,shape,0.055235073550620135
208,v31526239192649,4,square,0.43278217109992817
209,v31526239192649,4,shape,0.42138282577440855
210,v31526239192649,4,this circle,0.08023029064908534
211,v31526240601849,6,square,0.3992057686278609
212,v31526240601849,6,shape,0.3652279307790721
213,v31526240601849,6,this circle,0.1943247863247863
214,v31526241319670,2,square,0.021994690936670457
215,v31526241319670,2,shape,0.0621732636295743
216,v31526244386384,7,square,0.4113267423410228
217,v31526244386384,7,shape,0.4310615899924807
218,v31526244386384,7,this circle,0.04710324952797376
219,v31526245726886,3,square,0.0931323283082077
220,v31526245726886,3,shape,0.29963795184184816
221,v31526245726886,3,this circle,0.08475196778326927
222,v31526247467722,9,square,0.3982889733840304
223,v31526247467722,9,shape,0.5110551738213484
224,v31526247467722,9,this circle,0.09159274971075973
225,v31526249267204,2,square,0.13393528969149737
226,v31526249267204,2,shape,0.18245469522240526
227,v31526249267204,2,this circle,0.025769506084466712
228,v31526249613486,-1,square,0.4570518318833477
229,v31526249613486,-1,shape,0.4629139072847683
230,v31526249613486,-1,this circle,0.0
231,v31526249878999,8,square,0.47878390201224846
232,v31526249878999,8,shape,0.5582252559726961
233,v31526250064091,4,square,0.0
234,v31526250064091,4,shape,0.013528748590755355
235,v31526251554792,6,square,0.18323539992804894
236,v31526251554792,6,shape,0.4515243065092008
237,v31526251554792,6,this circle,0.1712373137551285
238,v31526251955281,6,square,0.22800435677114847
239,v31526251955281,6,shape,0.31002613295939824
240,v31526251955281,6,this circle,0.08191181203733505
241,v31526252261677,9,square,0.33730407523510975
242,v31526252261677,9,shape,0.45218109261043077
243,v31526252261677,9,this circle,0.2838330632090762
244,v31526252692974,7,square,0.23761164810962926
245,v31526252692974,7,shape,0.4864752967154292
246,v31526252692974,7,this circle,0.10810810810810811
247,v31526253016255,8,square,0.3333759427329669
248,v31526253202063,3,square,0.1450929847173633
249,v31526253202063,3,shape,0.1926408184618962
250,v31526253458184,9,square,0.5236327641672853
251,v31526253458184,9,shape,0.2992125984251969
252,v31526253458184,9,this circle,0.10673682232453253
253,v31526254092272,5,square,0.4417133122414213
254,v31526254092272,5,shape,0.5582517763775305
255,v31526254092272,5,this circle,0.29807789071148233
256,v31526254628791,5,square,0.326057467011962
257,v31526254628791,5,shape,0.29943314438146046
258,v31526254628791,5,this circle,0.08917326833231769
259,v31526254866517,5,square,0.0
260,v31526403599614,2,square,0.08437776933789087
261,v31526403599614,2,shape,0.2496056593853066
262,v31526403599614,2,this circle,0.002728512960436562
263,v31526409936551,6,square,0.0
264,v31526410266990,-1,square,0.2645856558900037
265,v31526410266990,-1,shape,0.43009149440867506
266,v31526410266990,-1,this circle,0.3112326699990569
267,v31526411112241,2,square,0.03810835629017447
268,v31526411112241,2,shape,0.0
269,v31526411171270,2,square,0.0506558118498417
270,v31526411171270,2,shape,0.0
271,v31526412933917,3,square,0.3967325534489714
272,v31526412933917,3,shape,0.29187905872494935
273,v31526413722391,2,square,0.11047180667433831
274,v31526413939938,8,square,0.25574583145561064
275,v31526413939938,8,shape,0.3219039935457846
276,v31526413939938,8,this circle,0.2483468038207201
277,v31526414161959,-1,square,0.2272780855829306
278,v31526414161959,-1,shape,0.4654291094969061
279,v31526414161959,-1,this circle,0.17618567103935417
280,v31526414368321,2,square,0.025961984237366714
281,v31526415298029,3,square,0.32642887838418566
282,v31526415298029,3,shape,0.257364756293519
283,v31526415298029,3,this circle,0.05918589201594395
284,v31526417227846,4,square,0.0
285,v31526417564997,7,square,0.021909804637575313
286,v31526417564997,7,shape,0.08063864187550526
287,v31526417564997,7,this circle,0.04229437634509217
288,v31526418564273,5,square,0.01761973410219446
289,v31526418564273,5,shape,0.06673326673326674
290,v31526418564273,5,this circle,0.16874616485988955
291,v31526420267473,5,square,0.33271406856949837
292,v31526420267473,5,shape,0.06372549019607843
293,v31526420267473,5,this circle,0.12833197962046816
294,v31526420360572,5,square,0.38493231312536785
295,v31526420360572,5,shape,0.41046979865771804
296,v31526420360572,5,this circle,0.1846040243677312
297,v31526422835385,8,square,0.02236550473503929
298,v31526422835385,8,shape,0.031389488840892724
299,v31526422835385,8,this circle,0.05607122561091116
300,v31526423557040,3,square,0.019985274008625226
301,v31526423557040,3,shape,0.18133132898012871
302,v31526423557040,3,this circle,0.05717373682788435
303,v31526424268311,3,square,0.1286825359415508
304,v31526424268311,3,shape,0.10001897893338395
305,v31526424268311,3,this circle,0.010449989336745574
306,v31526491920836,2,square,0.14646464646464644
307,v31526491920836,2,shape,0.18162670123136745
308,v31526492191665,5,square,0.4167885675706087
309,v31526492191665,5,shape,0.40248850419258864
310,v31526492191665,5,this circle,0.05828693282786399
311,v31526492679058,2,square,0.026950662899369704
312,v31526493024418,2,square,0.3004858602217516
313,v31526493024418,2,shape,0.08754773214119399
314,v31526493522883,2,square,0.36358773181169757
315,v31526493522883,2,shape,0.14485010388839417
316,v31526493522883,2,this circle,0.023494312884579528
317,v31526495821185,3,square,0.11715377975089407
318,v31526495821185,3,shape,0.0
319,v31526497092100,2,square,0.1327113702623907
320,v31526497092100,2,shape,0.09185287040220008
321,v31526497092100,2,this circle,0.01647014785700917
322,v31526497714288,4,square,0.36951176677204073
323,v31526497714288,4,shape,0.404503364199587
324,v31526497714288,4,this circle,0.01106853980417199
325,v31526498176971,2,square,0.07421150278293136
326,v31526498176971,2,shape,0.12256915913448371
327,v31526498176971,2,this circle,0.20921985815602837
328,v31526498731343,2,square,0.0
329,v31526498731343,2,shape,0.09490254872563718
330,v31526498731343,2,this circle,0.03327663979886121
331,v31526499554039,5,square,0.4112664557607919
332,v31526499554039,5,shape,0.5699777406789093
333,v31526499554039,5,this circle,0.05686559922367783
334,v31526500472039,3,square,0.22912920626765992
335,v31526500472039,3,shape,0.17951726449882668
336,v31526501614452,3,square,0.3617674858223063
337,v31526501614452,3,shape,0.1449770470801751
338,v31526501890472,3,square,0.24783273839877612
339,v31526501890472,3,shape,0.20302054964100025
340,v31526501890472,3,this circle,0.09039209817419933
341,v31526502079646,3,square,0.37159936562156887
342,v31526502079646,3,shape,0.41828215650205186
343,v31526502817047,3,square,0.14685898200023842
344,v31526502817047,3,shape,0.1726903840709635
345,v31526503729609,3,square,0.09079153338324372
346,v31526503860486,3,square,0.0
347,v31526504221167,2,square,0.013401015228426396
348,v31526506411620,6,square,0.16706730769230768
349,v31526506411620,6,shape,0.4233060828599141
350,v31526506411620,6,this circle,0.1021276595744681
351,v31526506824890,4,square,0.313071813510465
352,v31526506824890,4,shape,0.0
353,v31526507469435,4,square,0.17470797359065515
354,v31526507684003,3,square,0.0037800687285223364
355,v31526507850752,4,square,0.2365389766943477
356,v31526507850752,4,shape,0.2876981343806985
357,v31526507850752,4,this circle,0.06481522756653146
358,v31526507939966,4,square,0.15316567673448753
359,v31526507939966,4,shape,0.35492520462884564
360,v31526507939966,4,this circle,0.048205342237061764
361,v31526508668316,7,square,0.5973300970873786
362,v31526508668316,7,shape,0.5663693249900147
363,v31526508668316,7,this circle,0.0
364,v31526509143887,3,square,0.23192952817666226
365,v31526509143887,3,shape,0.00522944175709243
366,v31526580344270,-1,square,0.3101169293340112
367,v31526580344270,-1,shape,0.4134202135033967
368,v31526581002319,2,square,0.3045608744817188
369,v31526581002319,2,shape,0.3597397085867874
370,v31526581002319,2,this circle,0.13926499032882014
371,v31526581096926,6,square,0.39451985284790053
372,v31526581096926,6,shape,0.5443420871717309
373,v31526581096926,6,this circle,0.03435731608730801
374,v31526581704526,5,square,0.23840743831207534
375,v31526581704526,5,shape,0.4802212064781897
376,v31526581704526,5,this circle,0.06736667013203036
377,v31526582770784,2,square,0.24199623352165725
378,v31526582770784,2,shape,0.17861998640380694
379,v31526583071756,4,square,0.11410040835935623
380,v31526583071756,4,shape,0.3446703024293505
381,v31526583537981,3,square,0.0
382,v31526583537981,3,shape,0.0
383,v31526583769672,6,square,0.3466975070675919
384,v31526583886859,6,square,0.12277580071174378
385,v31526583886859,6,shape,0.41173290078399566
386,v31526583886859,6,this circle,0.0
387,v31526584275728,2,square,0.08869085508168893
388,v31526584275728,2,shape,0.06503519946362722
389,v31526584275728,2,this circle,0.012824427480916032
390,v31526584514437,2,square,0.02641381645783948
391,v31526584514437,2,shape,0.13851188757339494
392,v31526584514437,2,this circle,0.050868798791236465
393,v31526585288203,2,square,0.11695906432748537
394,v31526585403449,2,square,0.0
395,v31526588694293,3,square,0.05061801059446734
396,v31526588694293,3,shape,0.0
397,v31526588910402,-1,square,0.26036667897133015
398,v31526588910402,-1,shape,0.11586239847109411
399,v31526589361603,3,square,0.027885943976887324
400,v31526592878172,4,square,0.31455688401331194
401,v31526592878172,4,shape,0.34775051808275953
402,v31526592878172,4,this circle,0.0
403,v31526593619763,9,square,0.5503136762860728
404,v31526593619763,9,shape,0.42693756727664156
405,v31526593619763,9,this circle,0.16927610978080676
406,v31526593921790,3,square,0.0
407,v31526594227071,2,square,0.031079378412431753
408,v31526594227071,2,shape,0.0077402303190485175
409,v31526594287690,5,square,0.2390859891761876
410,v31526594287690,5,shape,0.44624428478118877
411,v31526594287690,5,this circle,0.12587681368309794
412,v31526595753217,-1,square,0.4048698973502029
413,v31526595753217,-1,shape,0.46384468071055934
414,v31526595753217,-1,this circle,0.262098335269067
415,v31526598587970,3,square,0.33256427158866186
416,v31526598717979,7,square,0.11318873098977812
417,v31526598717979,7,shape,0.21073125146016664
418,v31526598908203,7,square,0.23628391989572226
419,v31526598908203,7,shape,0.396327868852459
420,v31526598908203,7,this circle,0.24326639383268295
421,v31526599186312,3,square,0.2553191489361702
422,v31526599186312,3,shape,0.142678828612578
423,v31526600614970,2,square,0.04959318093762108
424,v31526665223948,6,square,0.2919200695047784
425,v31526665223948,6,shape,0.3770102083624668
426,v31526665223948,6,this circle,0.056235294117647064
427,v31526665751276,6,square,0.2997195463967809
428,v31526665751276,6,shape,0.37207090946138693
429,v31526665751276,6,this circle,0.052820881718220115
430,v31526666150080,6,square,0.19062220518717263
431,v31526666150080,6,shape,0.5290685702519048
432,v31526666150080,6,this circle,0.17406174061740617
433,v31526666895291,8,square,0.313118497843187
434,v31526666895291,8,shape,0.18735669832951193
435,v31526668170810,-1,square,0.3006378625586713
436,v31526668170810,-1,shape,0.3223358851026353
437,v31526668170810,-1,this circle,0.14630604465420224
438,v31526669362249,6,square,0.5085264024461955
439,v31526669362249,6,shape,0.2854851643945469
440,v31526669362249,6,this circle,0.2975671222254531
441,v31526671777923,3,square,0.3216177178623014
442,v31526671777923,3,shape,0.2882579078707763
443,v31526671777923,3,this circle,0.19081024202034375
444,v31526673903441,4,square,0.5230846647377029
445,v31526673903441,4,shape,0.04523760116206682
446,v31526674232751,5,square,0.2655355249204666
447,v31526675307830,4,square,0.32097868217054265
448,v31526675307830,4,shape,0.3228013684846046
449,v31526675307830,4,this circle,0.17069440195778526
450,v31526676243268,-1,square,0.0
451,v31526676243268,-1,shape,0.0
452,v31526676243268,-1,this circle,0.12425285274406811
453,v31526677237307,3,square,0.0
454,v31526677237307,3,shape,0.008008461770927773
455,v31526679898030,-1,square,0.548674728227678
456,v31526679898030,-1,shape,0.49969339783334465
457,v31526679898030,-1,this circle,0.3161179905365952
458,v31526680185143,2,square,0.042553191489361694
459,v31526680185143,2,shape,0.08158921603405461
460,v31526680929665,2,square,0.03826326039637989
461,v31526680929665,2,shape,0.36334259678149033
462,v31526680929665,2,this circle,0.014378866410299281
463,v31526681047495,2,square,0.0
464,v31526681102427,3,square,0.17664706588263532
465,v31526681102427,3,shape,0.49438049179211224
466,v31526681102427,3,this circle,0.08933601609657947
467,v31526681463221,5,square,0.4158465180017441
468,v31526681463221,5,shape,0.3119355286925108
469,v31526681463221,5,this circle,0.08999553372041091
470,v31526682177815,-1,square,0.20181297709923662
471,v31526682177815,-1,shape,0.3618997430999275
472,v31526682177815,-1,this circle,0.40266126699450394
473,v31526749199535,-1,square,0.34767251166897944
474,v31526749199535,-1,shape,0.44424410540915393
475,v31526749199535,-1,this circle,0.0
476,v31526752420466,2,square,0.13031026252983294
477,v31526752420466,2,shape,0.20176544766708698
478,v31526752420466,2,this circle,0.05204392359509089
479,v31526753329532,2,square,0.005843207271546826
480,v31526753329532,2,shape,0.0
481,v31526754310894,3,square,0.425615763546798
482,v31526754310894,3,shape,0.34152705300741554
483,v31526756687249,5,square,0.2697876447876448
484,v31526756687249,5,shape,0.4592222522279233
485,v31526756687249,5,this circle,0.0846778559826746
486,v31526757005823,9,square,0.12339004611225952
487,v31526757398790,3,square,0.005852231163130944
488,v31526757398790,3,shape,0.12415097584042643
489,v31526757398790,3,this circle,0.0
490,v31526757881135,3,square,0.007440476190476189
491,v31526757881135,3,shape,0.1987639886420578
492,v31526758896291,3,square,0.22263083451202262
493,v31526759675535,6,square,0.37255836112434493
494,v31526759675535,6,shape,0.45327812284334024
495,v31526759675535,6,this circle,0.08285994123408423
496,v31526760363848,3,square,0.1281712155825418
497,v31526760363848,3,shape,0.46598434677904876
498,v31526760363848,3,this circle,0.07680807325733507
499,v31526761507026,4,square,0.06617681915145769
500,v31526761507026,4,shape,0.2849191624701829
501,v31526761507026,4,this circle,0.055421156806685724
502,v31526762362068,5,square,0.3400414684717648
503,v31526762362068,5,shape,0.4370681479474326
504,v31526762362068,5,this circle,0.029808660624370594
505,v31526762829294,3,square,0.01605010765316109
506,v31526762829294,3,shape,0.2667981591058514
507,v31526762829294,3,this circle,0.11888652619369805
508,v31526763016973,3,square,0.18134848876259363
509,v31526763016973,3,shape,0.3995930306498792
510,v31526763016973,3,this circle,0.054323094425483505
511,v31526763408835,4,square,0.28969428007889547
512,v31526763408835,4,shape,0.2513966480446927
513,v31526763408835,4,this circle,0.11968633924886506
514,v31526763707135,4,square,0.20854092526690393
515,v31526763707135,4,shape,0.37046170708316206
516,v31526763707135,4,this circle,0.10217090069284064
517,v31526764026630,2,square,0.005891016200294551
518,v31526764663958,10,square,0.6502127659574468
519,v31526764663958,10,shape,0.5761023224503534
520,v31526764663958,10,this circle,0.044073254175890524
521,v31526765218403,10,square,0.3869203033693896
522,v31526765218403,10,shape,0.2925077902723208
523,v31526765218403,10,this circle,0.09159681046820692
524,v31526765744803,4,square,0.17615511551155116
525,v31526765931739,3,square,0.2221957892232663
526,v31526765931739,3,shape,0.041640056201302844
527,v31526766453659,5,square,0.30975785183409255
528,v31526766453659,5,shape,0.4216524216524216
529,v31526766453659,5,this circle,0.24602167333788932
530,v31526766708947,5,square,0.2706986952810633
531,v31526766708947,5,shape,0.3925586411431653
532,v31526766708947,5,this circle,0.0653740736981017
533,v31526766939394,3,square,0.45556369726787393
534,v31526767554598,3,square,0.09951174145547549
535,v31526767554598,3,shape,0.3157551658953132
536,v31526767678558,2,square,0.30033003300330036
537,v31526767678558,2,shape,0.036858271171566474
538,v31526768532130,7,square,0.16864742501414826
539,v31526768532130,7,shape,0.4100743976520374
540,v31526768532130,7,this circle,0.15884643559393916
541,v31527009966236,4,square,0.002075980900975711
542,v31527009966236,4,shape,0.5053724670080046
543,v31527010738007,2,square,0.0
544,v31527014921221,4,square,0.0685368721652948
545,v31527014921221,4,shape,0.10149215333161822
546,v31527014921221,4,this circle,0.038913431713506905
547,v31527015391114,3,square,0.008153651023736183
548,v31527015391114,3,shape,0.0
549,v31527015391114,3,this circle,0.0
550,v31527015704037,3,square,0.012664514526943135
551,v31527016330371,4,square,0.09084516945577274
552,v31527016789305,-1,square,0.2215300274109145
553,v31527016789305,-1,shape,0.40938046902345127
554,v31527017203887,2,square,0.17755537021592066
555,v31527709044988,-1,square,0.17590388756658734
556,v31527709044988,-1,shape,0.37790222110363053
557,v31527709044988,-1,this circle,0.10188219870774418
558,v31527709199308,-1,square,0.1228794131132508
559,v31527709199308,-1,shape,0.2144841856340526
560,v31527709199308,-1,this circle,0.07639532727609864
561,v31527717845451,4,square,0.0
562,v31527717845451,4,shape,0.0
563,v31527717845451,4,this circle,0.04291728914844493
564,v31527718445448,-1,square,0.040377727124715074
565,v31527718445448,-1,shape,0.6037630662020906
566,v31527718445448,-1,this circle,0.040639861651534805
567,v31527719230278,4,square,0.3922723524561197
568,v31527719230278,4,shape,0.2282994514359471
569,v31527720557857,2,square,0.15626985135306826
570,v31527720557857,2,shape,0.14647511848341233
571,v31527720557857,2,this circle,0.014461538461538461
572,v31527722645427,-1,square,0.2467343976777939
573,v31527722645427,-1,shape,0.4590163934426229
574,v31527722645427,-1,this circle,0.2930060393532048
575,v31527723845411,4,square,0.1045016077170418
576,v31527723845411,4,shape,0.19202591193028457
577,v31527724445503,-1,square,0.2852568564666573
578,v31527724445503,-1,shape,0.24005842129721836
579,v31527787116021,6,square,0.23258631132646881
580,v31527787116021,6,shape,0.5007228282297279
581,v31527787116021,6,this circle,0.04573804573804574
582,v31527787275455,6,square,0.5166007905138339
583,v31527788044704,7,square,0.2244543650793651
584,v31527788044704,7,shape,0.2567981616238989
585,v31527788044704,7,this circle,0.10549791525259382
586,v31527788644727,5,square,0.3120744221732042
587,v31527788644727,5,shape,0.48762688250514163
588,v31527788644727,5,this circle,0.03916113845495399
589,v31527789844695,7,square,0.30073349633251834
590,v31527789844695,7,shape,0.2341145108025305
591,v31527789844695,7,this circle,0.05919247353978832
592,v31527790625173,3,square,0.041343669250646
593,v31527792244684,3,square,0.04649053180632725
594,v31527792244684,3,shape,0.12167079027797992
595,v31527792244684,3,this circle,0.08104226508001641
596,v31527792513328,3,square,0.032520325203252036
597,v31527792513328,3,shape,0.1979288530698904
598,v31527792513328,3,this circle,0.1437199303920565
599,v31527793036538,7,square,0.5770711712830704
600,v31527793036538,7,shape,0.3330127069305928
601,v31527793036538,7,this circle,0.30311284046692605
602,v31527794044672,5,square,0.3386053199137312
603,v31527794044672,5,shape,0.4493501404219189
604,v31527794044672,5,this circle,0.14889637111859336
605,v31527794486129,-1,square,0.5837944178040083
606,v31527794486129,-1,shape,0.5406827688571043
607,v31527794486129,-1,this circle,0.16581818181818184
608,v31527794644630,3,square,0.21371610845295055
609,v31527794644630,3,shape,0.2505412929167956
610,v31527794644630,3,this circle,0.06371063986046084
611,v31527795903170,6,square,0.2263808551661563
612,v31527795903170,6,shape,0.2648103423781788
613,v31527795903170,6,this circle,0.24790517065195178
614,v31527796093103,4,square,0.0
615,v31527796093103,4,shape,0.1517509727626459
616,v31527801844607,3,square,0.2201540436456996
617,v31527802444465,5,square,0.2859578614054318
618,v31527802444465,5,shape,0.23106142048305023
619,v31527802444465,5,this circle,0.11309589041095891
620,v31527808321316,-1,square,0.35920889987639065
621,v31527808321316,-1,shape,0.476236798221234
622,v31527808321316,-1,this circle,0.28227995347033735
623,v31527875999477,3,square,0.041317481972325085
624,v31527876268182,8,square,0.021775544388609715
625,v31527876599479,9,square,0.0
626,v31527876599479,9,shape,0.32641471164897573
627,v31527876599479,9,this circle,0.03461572953098377
628,v31527878540932,-1,square,0.04295656347492201
629,v31527878846800,7,square,0.013610733035193466
630,v31527879648488,3,square,0.03774609640190088
631,v31527879648488,3,shape,0.13869431213224995
632,v31527879648488,3,this circle,0.03238525839861206
633,v31527879780715,3,square,0.06050029086678302
634,v31527879780715,3,shape,0.0
635,v31527882194414,4,square,0.07509113001215068
636,v31527885599398,2,square,0.03907443789565597
637,v31527885599398,2,shape,0.05840791333019313
638,v31527885599398,2,this circle,0.20266388090885348
639,v31527887021132,-1,square,0.1435032392128102
640,v31527887021132,-1,shape,0.3956934937196784
641,v31527887021132,-1,this circle,0.16689182167723163
642,v31527887261747,4,square,0.159447983014862
643,v31527887261747,4,shape,0.0
644,v31527888000058,5,square,0.2677561282212445
645,v31527888000058,5,shape,0.4788169464428457
646,v31527888000058,5,this circle,0.14694480339671406
647,v31527888599306,5,square,0.43411046004238873
648,v31527888599306,5,shape,0.3669379245409913
649,v31527888599306,5,this circle,0.12597468354430383
650,v31527888854913,5,square,0.37544505831798647
651,v31527888854913,5,shape,0.3670622946422584
652,v31527888854913,5,this circle,0.14005444475734535
653,v31527891953380,-1,square,0.6238755166545101
654,v31527891953380,-1,shape,0.3353316825231331
655,v31527891953380,-1,this circle,0.4926303294094372
656,v31527892199324,6,square,0.47025425820784994
657,v31527892199324,6,shape,0.37370242214532867
658,v31527892199324,6,this circle,0.05943763919821827
659,v31527892920729,-1,square,0.2833291171262332
660,v31527892920729,-1,shape,0.4933324120776619
661,v31527892920729,-1,this circle,0.2552842565597668
662,v31527894813892,4,square,0.18289668808699952
663,v31527894813892,4,shape,0.27639971651311124
664,v31527894813892,4,this circle,0.08891523414344991
665,v31527895362525,2,square,0.19359785317232125
666,v31527895799232,4,square,0.44453970635516016
667,v31527895799232,4,shape,0.30535419051252705
668,v31527895799232,4,this circle,0.0
669,v31527960599358,8,square,0.29305210918114144
670,v31527960599358,8,shape,0.4951728859979459
671,v31527960599358,8,this circle,0.2188694843443216
672,v31527960931784,8,square,0.5447984071677452
673,v31527960931784,8,shape,0.4131417930300612
674,v31527960931784,8,this circle,0.15967413441955194
675,v31527962399296,2,square,0.073370738023306
676,v31527962399296,2,shape,0.019263456090651557
677,v31527962824837,2,square,0.2141277784242988
678,v31527963107380,3,square,0.1292097060081902
679,v31527963107380,3,shape,0.10473815461346632
680,v31527965399261,3,square,0.06108050642698366
681,v31527965399261,3,shape,0.1425399644760213
682,v31527965999248,3,square,0.14992141216297908
683,v31527965999248,3,shape,0.14663243733011175
684,v31527966780680,4,square,0.34722388059701487
685,v31527966780680,4,shape,0.4373878961004451
686,v31527966780680,4,this circle,0.052570406794814485
687,v31527967199255,3,square,0.22784520265628577
688,v31527967589959,-1,square,0.16310824230387289
689,v31527967589959,-1,shape,0.3067348008385744
690,v31527967589959,-1,this circle,0.29838709677419356
691,v31527968718676,2,square,0.09939049953239382
692,v31527968718676,2,shape,0.05690177412375595
693,v31527968718676,2,this circle,0.07602301376947443
694,v31527968860506,2,square,0.2575486334884831
695,v31527968860506,2,shape,0.1340175663673147
696,v31527969599198,2,square,0.05278350515463917
697,v31527969599198,2,shape,0.0
698,v31527969599198,2,this circle,0.05477971737323359
699,v31527970199200,10,square,0.3537852548243443
700,v31527970199200,10,shape,0.27223083664801456
701,v31527970199200,10,this circle,0.2468860759493671
702,v31527970381589,10,square,0.12484534922955798
703,v31527970381589,10,shape,0.3048008441044579
704,v31527970381589,10,this circle,0.170082400169026
705,v31527970799228,4,square,0.14460751312777706
706,v31527971399240,3,square,0.010423287148849625
707,v31527972038759,7,square,0.3681812584657062
708,v31527972038759,7,shape,0.3870041039671683
709,v31527972038759,7,this circle,0.05226202115367523
710,v31527972599108,2,square,0.24421649934526407
711,v31527974237867,6,square,0.4800297692880179
712,v31527974237867,6,shape,0.0696217219772569
713,v31527974237867,6,this circle,0.0863356053229471
714,v31527974399147,6,square,0.3741872162924794
715,v31527974399147,6,shape,0.269140571113257
716,v31527974399147,6,this circle,0.2465070748420397
717,v31527974678997,6,square,0.0
718,v31527974678997,6,shape,0.014770496400860053
719,v31527974999109,-1,square,0.403227808814401
720,v31527974999109,-1,shape,0.4002720163209793
721,v31527974999109,-1,this circle,0.15774936061381073
722,v31527975212978,4,square,0.33858171609910903
723,v31527975212978,4,shape,0.3624650224507061
724,v31527975212978,4,this circle,0.08493384549722577
725,v31527976577391,10,square,0.09057275324310401
726,v31527976577391,10,shape,0.17085675458644758
727,v31527976577391,10,this circle,0.0
728,v31527976799200,4,square,0.3222292590246992
729,v31527977786628,6,square,0.39342641789200544
730,v31527977786628,6,shape,0.4710630729237926
731,v31527977786628,6,this circle,0.13185230895814049
732,v31527977844711,6,square,0.2503696402168556
733,v31527977844711,6,shape,0.43199122024830233
734,v31527977844711,6,this circle,0.0835833690527218
735,v31527978599029,-1,square,0.28843570643546224
736,v31527978599029,-1,shape,0.19969050662719506
737,v31527978599029,-1,this circle,0.14175177963478802
738,v31527978734885,3,square,0.3895904249478423
739,v31527978734885,3,shape,0.2637530350329518
740,v31527978734885,3,this circle,0.1476625470177324
741,v31527979199137,3,square,0.1208639705882353
742,v31527979199137,3,shape,0.3144925518585549
743,v31527979199137,3,this circle,0.03328588634621702
744,v31527979692326,5,square,0.36177052423343226
745,v31527979692326,5,shape,0.3342236833093624
746,v31527979692326,5,this circle,0.11239872833555532
747,v31527979799077,5,square,0.28725094731695394
748,v31527979799077,5,shape,0.36778541402548875
749,v31527979799077,5,this circle,0.14328298887122418
750,v31527980064618,4,square,0.16773367477592832
751,v31527980064618,4,shape,0.0
752,v31527980493619,-1,square,0.3180178012990137
753,v31527980493619,-1,shape,0.3340917709518392
754,v31527980493619,-1,this circle,0.36589769307923775
755,v31527980737934,3,square,0.02969247083775186
756,v31527980999104,5,square,0.24031777557100298
757,v31527980999104,5,shape,0.35966408607794254
758,v31527980999104,5,this circle,0.1316057947357682
759,v31527981599050,5,square,0.14046488377905522
760,v31527981599050,5,shape,0.26208715308300895
761,v31527981599050,5,this circle,0.34193417310036567
762,v31527982199109,5,square,0.1146974928689386
763,v31527982528073,5,square,0.34364779874213836
764,v31527982528073,5,shape,0.0
765,v31527982799096,3,square,0.38543949354760165
766,v31527982799096,3,shape,0.06922549691569567
767,v31528052168660,4,square,0.14811500167804004
768,v31528052168660,4,shape,0.0
769,v31528052399312,2,square,0.0
770,v31528052999270,4,square,0.0
771,v31528053456447,5,square,0.5243328100470958
772,v31528053456447,5,shape,0.49290896019867975
773,v31528053456447,5,this circle,0.17390472546393723
774,v31528053791790,3,square,0.2472879362174879
775,v31528053791790,3,shape,0.2386174347584675
776,v31528053791790,3,this circle,0.05986959098992294
777,v31528056367003,-1,square,0.44710280373831773
778,v31528056367003,-1,shape,0.5439081731434103
779,v31528056367003,-1,this circle,0.353715710723192
780,v31528056599279,10,square,0.6150115193403661
781,v31528056599279,10,shape,0.5323983547973837
782,v31528056599279,10,this circle,0.0754639175257732
783,v31528057199304,-1,square,0.3106239880433429
784,v31528057652800,-1,square,0.0
785,v31528057652800,-1,shape,0.046511627906976744
786,v31528057652800,-1,this circle,0.08066449734543586
787,v31528058399213,4,square,0.386516284374604
788,v31528058399213,4,shape,0.32600511971088697
789,v31528058399213,4,this circle,0.052870813397129186
790,v31528058761703,5,square,0.03400897837028975
791,v31528058761703,5,shape,0.1933638443935927
792,v31528059107416,2,square,0.0
793,v31528059244623,2,square,0.2156188605108055
794,v31528059599251,2,square,0.005012531328320802
795,v31528060444990,3,square,0.15252515926507249
796,v31528060444990,3,shape,0.2054003166588215
797,v31528060444990,3,this circle,0.05908870757423345
798,v31528060993113,5,square,0.5445867872393871
799,v31528060993113,5,shape,0.34658122571409095
800,v31528060993113,5,this circle,0.10887096774193548
801,v31528061180620,10,square,0.336550719358951
802,v31528061399199,5,square,0.43064729194187584
803,v31528061399199,5,shape,0.3133328913346151
804,v31528061399199,5,this circle,0.1931314623338257
805,v31528061696749,-1,square,0.06577408033277005
806,v31528061696749,-1,shape,0.40787564766839374
807,v31528061696749,-1,this circle,0.12773279352226719
808,v31528061999122,3,square,0.09788688626476073
809,v31528062667359,6,square,0.002693965517241379
810,v31528062667359,6,shape,0.3163197666710858
811,v31528062667359,6,this circle,0.12726084114186098
812,v31528063199159,3,square,0.1062321184226894
813,v31528063199159,3,shape,0.17025483304042177
814,v31528063799169,3,square,0.14072289156626505
815,v31528063799169,3,shape,0.040054524483590224
816,v31528064164353,6,square,0.447336115885097
817,v31528064164353,6,shape,0.5489472245009569
818,v31528064164353,6,this circle,0.11477586030838353
819,v31528064399165,6,square,0.06618671620993961
820,v31528064399165,6,shape,0.4869163324950723
821,v31528064399165,6,this circle,0.27887617065556713
822,v31528064619442,3,square,0.043094312963617105
823,v31528064999186,7,square,0.24374924507790796
824,v31528065411124,7,square,0.5549673765850056
825,v31528065411124,7,shape,0.43418415074168115
826,v31528065411124,7,this circle,0.047661549446626206
827,v31528065606112,8,square,0.3862788963460104
828,v31528065606112,8,shape,0.464986755416695
829,v31528065606112,8,this circle,0.1456226524125975
830,v31528065690229,8,square,0.3225264169068203
831,v31528065690229,8,shape,0.4481007515742434
832,v31528065690229,8,this circle,0.1788334556126192
833,v31528065927196,7,square,0.601572095308278
834,v31528065927196,7,shape,0.47626540781536847
835,v31528065927196,7,this circle,0.14027608607389366
836,v31528066141579,8,square,0.36444225560206844
837,v31528066141579,8,shape,0.41656225082583437
838,v31528066141579,8,this circle,0.14331889141049448
839,v31528066199108,2,square,0.0
840,v31528066292174,2,square,0.026387625113739765
841,v31528066515472,2,square,0.1874498107146954
842,v31528066515472,2,shape,0.11936711395954337
843,v31528066515472,2,this circle,0.17907753407347235
844,v31528066858041,-1,square,0.21264086232239096
845,v31528066858041,-1,shape,0.7035905789723749
846,v31528066914558,5,square,0.1363139351233143
847,v31528066914558,5,shape,0.425250501002004
848,v31528066914558,5,this circle,0.3157686604053386
849,v31528067399170,-1,square,0.022493328250095316
850,v31528067399170,-1,shape,0.006912248166568322
851,v31528067399170,-1,this circle,0.09384021142508639
852,v31528067999106,5,square,0.0
853,v31528067999106,5,shape,0.0036572293335014813
854,v31528067999106,5,this circle,0.0
855,v31528068300688,2,square,0.01517779705117086
856,v31528068300688,2,shape,0.024972084052380463
857,v31528068401956,5,square,0.0
858,v31528068401956,5,shape,0.0
859,v31528069199113,7,square,0.4686014510883163
860,v31528069199113,7,shape,0.30763105507631056
861,v31528069199113,7,this circle,0.20162792978326957
862,v31528135799225,4,square,0.17786512713425873
863,v31528135799225,4,shape,0.2716754320060105
864,v31528135799225,4,this circle,0.13341013824884793
865,v31528136180481,5,square,0.16102314250913521
866,v31528136180481,5,shape,0.4726982861697888
867,v31528136180481,5,this circle,0.19702460423421705
868,v31528136399273,5,square,0.1495016611295681
869,v31528136399273,5,shape,0.3664507330378452
870,v31528136399273,5,this circle,0.04340454391319091
871,v31528136881460,5,square,0.14185576808839254
872,v31528136881460,5,shape,0.3514393310780622
873,v31528136881460,5,this circle,0.05230738160153489
874,v31528136999209,6,square,0.3582015194918421
875,v31528136999209,6,shape,0.5612753238126869
876,v31528136999209,6,this circle,0.0
877,v31528137160060,10,square,0.0979131415679639
878,v31528137160060,10,shape,0.18609893550407014
879,v31528137160060,10,this circle,0.0
880,v31528137433578,3,square,0.20463480240016554
881,v31528137433578,3,shape,0.3579958636333311
882,v31528137433578,3,this circle,0.10188150520416334
883,v31528137599244,2,square,0.19241507677989764
884,v31528137599244,2,shape,0.0
885,v31528139252267,3,square,0.01859229747675963
886,v31528139252267,3,shape,0.0
887,v31528140599196,3,square,0.3459066100667071
888,v31528140599196,3,shape,0.0
889,v31528142399205,5,square,0.20059537439890085
890,v31528147804559,3,square,0.04627992929455247
891,v31528148156599,3,square,0.12030075187969926
892,v31528148156599,3,shape,0.28479154433352905
893,v31528152599102,5,square,0.4572246748598019
894,v31528152599102,5,shape,0.34712534705762843
895,v31528152599102,5,this circle,0.04779735682819383
896,v31528154999081,4,square,0.04902732486225121
897,v31528222799238,3,square,0.6615250653066301
898,v31528222799238,3,shape,0.0
899,v31528223120387,3,square,0.059369202226345084
900,v31528223248695,3,square,0.0
901,v31528223248695,3,shape,0.0
902,v31528223399222,3,square,0.04475119670488701
903,v31528224184593,5,square,0.08053455248813082
904,v31528224184593,5,shape,0.3796590580757006
905,v31528224184593,5,this circle,0.04944997380827658
906,v31528224495202,5,square,0.3054261613999748
907,v31528224495202,5,shape,0.43392244790292805
908,v31528224495202,5,this circle,0.15044753380308512
909,v31528224599151,5,square,0.42253521126760557
910,v31528224599151,5,shape,0.37021486786860947
911,v31528224599151,5,this circle,0.02896751500103455
912,v31528225564149,3,square,0.6727564498210098
913,v31528225564149,3,shape,0.09105663278380456
914,v31528225564149,3,this circle,0.0
915,v31528225799192,3,square,0.07370069118264788
916,v31528225799192,3,shape,0.1629287252481748
917,v31528225799192,3,this circle,0.06717676828533557
918,v31528225963222,3,square,0.015021166188720469
919,v31528225963222,3,shape,0.1798342598524458
920,v31528226117078,3,square,0.004914407404373823
921,v31528226117078,3,shape,0.1272044601206053
922,v31528226117078,3,this circle,0.04382336500838458
923,v31528226399223,-1,square,0.19658952496954935
924,v31528226399223,-1,shape,0.46739343299170966
925,v31528226399223,-1,this circle,0.1129046803138245
926,v31528227893962,3,square,0.3906503124276788
927,v31528227893962,3,shape,0.2662423026361309
928,v31528227893962,3,this circle,0.0
929,v31528228199254,10,square,0.4190153622837789
930,v31528228199254,10,shape,0.3551853193287456
931,v31528228199254,10,this circle,0.23951781970649896
932,v31528229399210,6,square,0.46161466072313023
933,v31528229399210,6,shape,0.5660352276503822
934,v31528229399210,6,this circle,0.06988896146309602
935,v31528229805777,-1,square,0.26390243902439026
936,v31528229805777,-1,shape,0.3673581914673651
937,v31528229805777,-1,this circle,0.33380797396257117
938,v31528229999189,2,square,0.12984783456886462
939,v31528232999187,5,square,0.17188674517664745
940,v31528232999187,5,shape,0.28120238260146835
941,v31528232999187,5,this circle,0.12833241404669976
942,v31528233345287,5,square,0.4708848601272662
943,v31528233345287,5,shape,0.40076190476190476
944,v31528233345287,5,this circle,0.17983060862714198
945,v31528234199167,4,square,0.3407184879208912
946,v31528234199167,4,shape,0.3315696649029983
947,v31528234199167,4,this circle,0.06047516198704104
948,v31528234593237,4,square,0.4175276982447405
949,v31528234593237,4,shape,0.53613777526821
950,v31528234593237,4,this circle,0.029829418594266324
951,v31528238127782,2,square,0.06101962553575457
952,v31528238127782,2,shape,0.12971407889974665
953,v31528238200865,2,square,0.04318031095718812
954,v31528238200865,2,shape,0.1559913283405597
955,v31528238200865,2,this circle,0.06536874140159253
956,v31528238432992,2,square,0.0
957,v31528239723616,2,square,0.0
958,v31528239723616,2,shape,0.384123578631195
959,v31528239723616,2,this circle,0.12754656577415602
960,v31528311599198,3,square,0.3104738154613466
961,v31528311599198,3,shape,0.24640726111437936
962,v31528316999098,4,square,0.006932409012131717
963,v31528317511210,4,square,0.09959467284308048
964,v31528317511210,4,shape,0.19036334913112163
965,v31528317599110,2,square,0.05249537892791128
966,v31528320073908,6,square,0.3727227966518956
967,v31528320073908,6,shape,0.40187635650773645
968,v31528320073908,6,this circle,0.06989355292227356
969,v31528320279886,-1,square,0.453978731206454
970,v31528320279886,-1,shape,0.5127789046653145
971,v31528320279886,-1,this circle,0.2724499523355577
972,v31528320599211,3,square,0.10045578851412945
973,v31528320599211,3,shape,0.31362156432195043
974,v31528321018911,2,square,0.18560277536860365
975,v31528321018911,2,shape,0.15149863760217983
976,v31528321199079,2,square,0.28935185185185186
977,v31528321199079,2,shape,0.4395505037458021
978,v31528321199079,2,this circle,0.03315422430547616
979,v31528322810163,2,square,0.10086229422524169
980,v31528322999057,2,square,0.05759162303664921
981,v31528323219648,2,square,0.14052905054322154
982,v31528323219648,2,shape,0.03157304271175575
983,v31528323599125,2,square,0.0
984,v31528324072022,4,square,0.12536839718884604
985,v31528324072022,4,shape,0.3151640999019438
986,v31528324072022,4,this circle,0.17356059031386406
987,v31528324199127,-1,square,0.3347995475681789
988,v31528324199127,-1,shape,0.5895313034553541
989,v31528324199127,-1,this circle,0.3284693569487773
990,v31528324269381,8,square,0.27231097995319015
991,v31528324269381,8,shape,0.3334677961543633
992,v31528324990435,4,square,0.26068499758803665
993,v31528324990435,4,shape,0.029530840676351516
994,v31528325399077,2,square,0.07450331125827815
995,v31528325498957,2,square,0.12192569335426479
