"","X","age","category","has_ref","norm_r","norm_s","norm_t","post_tran","pre_tran","rotate","scale","session_id","spatial","translate","roate","norm_shape","norm_spatial","ord_rating.P(Y = 0)","ord_rating.P(Y = 1)","ord_rating.P(Y = 2)","ord_rating.P(Y = 3)","ord_rating.P(Y = 4)","ord_max"
"1",  0,4,"square",TRUE,-0.633488710,-0.25676662,-0.562984004,-0.7099843,-0.362004787,4.68760e-03,0.045999364,"CDM_photodraw_e21540576907849",-1.453239338,0.01291360,4.68760e-03,-0.700778578,-0.676152727,0.05525,0.14925,0.31550,0.36750,0.11250,4
"2",  1,4,"square",TRUE,-0.170762303,-0.76568755,-0.148478390,-0.5079873,-0.289648682,1.70191e-02,0.020409525,"CDM_photodraw_e21540586733971",-1.084928247,0.02206680,1.70191e-02, 0.655147918,-0.504787597,0.53700,0.26475,0.15800,0.03925,0.00100,1
"3",  2,4,"square",TRUE, 8.205064105, 1.61823842,-0.121040013,-0.3781418,-0.106162667,2.40232e-01,0.140279388,"CDM_photodraw_e21541799408496", 9.702262510,0.02267270,2.40232e-01, 1.526749363, 4.514198786,0.82550,0.13025,0.03950,0.00475,0.00000,1
"4",  3,4,"square",TRUE,-0.052940899,-0.54144299,-0.712700903,-0.6859011,-0.457931101,2.01590e-02,0.031685112,"CDM_photodraw_e21547060282520",-1.307084787,0.00960752,2.01590e-02,-0.539117572,-0.608150991,0.08925,0.18725,0.33775,0.31600,0.06975,3
"5",  4,4,"square",TRUE,-0.029709830, 1.24146853, 0.026449753,-0.7626259,-0.007441164,2.07781e-02,0.121334439,"CDM_photodraw_e21547070395780", 1.238208450,0.02592960,2.07781e-02,-1.054140686, 0.576104705,0.27075,0.27975,0.28350,0.15225,0.01375,3
"6",  5,4,"square",TRUE, 5.227577367,-0.60447904,-0.785838963,-0.3621233,-0.075559020,1.60883e-01,0.028515499,"CDM_photodraw_e21547071853117", 3.837259363,0.00799247,1.60883e-01, 1.634275504, 1.785372385,0.85225,0.10925,0.03450,0.00400,0.00000,1
"7",  6,4,"square",TRUE,-0.296497505,-0.20094170,-0.340266260,-0.3713129,-0.268241376,1.36683e-02,0.048806383,"CDM_photodraw_e21547241159990",-0.837705461,0.01783170,1.36683e-02, 1.572588904,-0.389761560,0.88050,0.09300,0.02300,0.00350,0.00000,1
"8",  7,4,"square",TRUE, 0.581123550,-0.59617864, 0.114692733,-0.6062089,-0.351512492,3.70566e-02,0.028932864,"CDM_photodraw_e21547242197593", 0.099637646,0.02787820,3.70566e-02,-0.004175356, 0.046358686,0.39475,0.28200,0.22950,0.08675,0.00700,1
"9",  8,4,"square",TRUE, 0.013847954,-0.61286402, 0.344832742,-0.4927540,-0.180726945,2.19389e-02,0.028093881,"CDM_photodraw_e21547243566891",-0.254183321,0.03296020,2.19389e-02, 0.757403109,-0.118264584,0.63025,0.23250,0.11450,0.02200,0.00075,1
"10",  9,4,"square",TRUE, 0.763576180,-0.94074554,-0.289261401,-0.5592753,-0.410107851,4.19189e-02,0.011607164,"CDM_photodraw_e21547246292717",-0.466430763,0.01895800,4.19189e-02, 0.310871738,-0.217017545,0.44250,0.28875,0.20200,0.06300,0.00375,1
"11", 10,4,"square",TRUE,-0.177238934,-0.69644125,-0.453629007,-0.3591057,-0.247159094,1.68465e-02,0.023891405,"CDM_photodraw_e21547663022993",-1.327309195,0.01532840,1.68465e-02, 1.654530892,-0.617560858,0.89375,0.08375,0.02050,0.00200,0.00000,1
"12", 11,4,"square",TRUE,-0.100896488,-0.27659375, 0.540202680,-0.8151985,-0.449897885,1.88810e-02,0.045002406,"CDM_photodraw_e21547664938821", 0.162712440,0.03727440,1.88810e-02,-1.407040275, 0.075705672,0.06300,0.15825,0.33650,0.34600,0.09625,4
"13", 12,4,"square",TRUE,-0.318831751, 0.91892366,-0.480025822,-0.4529173,-0.081671707,1.30731e-02,0.105116063,"CDM_photodraw_e21547668526141", 0.120066087,0.01474550,1.30731e-02, 1.024810600, 0.055863484,0.74175,0.17375,0.07450,0.00950,0.00050,1
"14", 13,4,"square",TRUE, 0.026823731,-0.31217599, 1.088159611,-0.5238525,-0.165911987,2.22847e-02,0.043213240,"CDM_photodraw_e21547672389753", 0.802807351,0.04937450,2.22847e-02, 0.548651041, 0.373524419,0.63950,0.22800,0.10675,0.02450,0.00125,1
"15", 14,4,"square",TRUE, 0.504972476,-0.81253933,-0.844355298,-0.4499776,-0.385494798,3.50272e-02,0.018053698,"CDM_photodraw_e21547673281903",-1.151922155,0.00670030,3.50272e-02, 1.044544055,-0.535958040,0.71000,0.19000,0.08500,0.01475,0.00025,1
"16", 15,4,"square",TRUE,-0.673948894,-0.59321634,-0.804950728,-0.2658553,-0.152173370,3.60935e-03,0.029081816,"CDM_photodraw_e21547836177154",-2.072115962,0.00757044,3.60935e-03, 2.280484018,-0.964099183,0.98025,0.01750,0.00225,0.00000,0.00000,1
"17", 16,4,"square",TRUE, 0.673259820, 0.46970808,-0.010480427,-0.7848752,-0.067844361,3.95120e-02,0.082528361,"CDM_photodraw_e21547849860466", 1.132487478,0.02511410,3.95120e-02,-1.203491339, 0.526915613,0.22225,0.28425,0.31050,0.16425,0.01875,3
"18", 17,4,"square",TRUE,-0.789462914,-0.80327005,-0.459778754,-0.5803972,-0.338860244,5.30941e-04,0.018519781,"CDM_photodraw_e21548445362792",-2.052511715,0.01519260,5.30941e-04, 0.169088622,-0.954977860,0.24475,0.27725,0.29925,0.16125,0.01750,3
"19", 18,4,"square",TRUE, 0.330261033, 1.48049333, 0.473909497,-0.4290842, 0.021311034,3.03712e-02,0.133353215,"CDM_photodraw_e21548451296118", 2.284663860,0.03581050,3.03712e-02, 1.184792977, 1.062991937,0.81500,0.13975,0.04000,0.00525,0.00000,1
"20", 19,4,"square",TRUE,-0.681544489,-0.41078415,-0.005390357,-0.5122362,-0.257386625,3.40693e-03,0.038254971,"CDM_photodraw_e21548455224165",-1.097718997,0.02522650,3.40693e-03, 0.626626212,-0.510738785,0.52600,0.26950,0.15900,0.04425,0.00125,1
"21", 20,4,"square",TRUE, 0.837618409,-0.77254990, 2.468823052,-0.6037601,-0.118677326,4.38921e-02,0.020064468,"CDM_photodraw_e21549564465088", 2.533891560,0.07986260,4.38921e-02, 0.012262454, 1.178950806,0.67225,0.21750,0.09350,0.01625,0.00050,1
"22", 21,5,"square",TRUE,-0.770611301,-0.94455305, 0.205634718,-0.7913822,-0.366308033,1.03333e-03,0.011415712,"CDM_photodraw_e21541191137910",-1.509529636,0.02988640,1.03333e-03,-1.247170527,-0.702343071,0.01150,0.05625,0.18900,0.45200,0.29125,4
"23", 22,5,"square",TRUE,-0.798333722, 0.99778133, 0.341948067,-0.4592105,-0.065754935,2.94537e-04,0.109081227,"CDM_photodraw_e21541195324779", 0.541395673,0.03289650,2.94537e-04, 0.982566980, 0.251896677,0.73125,0.18700,0.07100,0.01000,0.00075,1
"24", 23,5,"square",TRUE,-0.266121880,-0.96965157, 0.199326472,-0.5283898,-0.393491089,1.44778e-02,0.010153695,"CDM_photodraw_e21541616746618",-1.036446980,0.02974710,1.44778e-02, 0.518193639,-0.482230582,0.48450,0.29050,0.17200,0.04850,0.00450,1
"25", 24,5,"square",TRUE,-0.131223332, 0.23318723, 0.068796059,-0.6154124,-0.155064881,1.80728e-02,0.070635490,"CDM_photodraw_e21542047659207", 0.170759952,0.02686470,1.80728e-02,-0.065954380, 0.079449960,0.37850,0.29575,0.23600,0.08400,0.00575,1
"26", 25,5,"square",TRUE, 1.646604434, 0.42263222, 2.506984993,-0.5136006,-0.200022936,6.54513e-02,0.080161267,"CDM_photodraw_e21542049031572", 4.576221651,0.08070530,6.54513e-02, 0.617467467, 2.129191434,0.84750,0.11475,0.03400,0.00375,0.00000,1
"27", 26,5,"square",TRUE,-0.364547162,-0.80499013,-0.752789282,-0.7036266,-0.578705847,1.18548e-02,0.018433291,"CDM_photodraw_e21542053241209",-1.922326570,0.00872228,1.18548e-02,-0.658101647,-0.894406254,0.04175,0.12375,0.29250,0.39550,0.14650,4
"28", 27,5,"square",TRUE,-0.502754570,-0.27229476, 0.622332141,-0.6650063,-0.351060390,8.17162e-03,0.045218570,"CDM_photodraw_e21542057631101",-0.152717189,0.03908800,8.17162e-03,-0.398859247,-0.071055153,0.21600,0.28825,0.31300,0.16675,0.01600,3
"29", 28,5,"square",TRUE,-0.178192042,-0.75667331,-0.561045792,-0.7063173,-0.489653289,1.68211e-02,0.020862784,"CDM_photodraw_e21542061442525",-1.495911147,0.01295640,1.68211e-02,-0.676163474,-0.696006759,0.06125,0.15050,0.30075,0.36850,0.11900,4
"30", 29,5,"square",TRUE, 0.358809243,-0.47661447,-0.693840472,-0.7187843,-0.400166243,3.11320e-02,0.034944855,"CDM_photodraw_e21542218678125",-0.811645703,0.01002400,3.11320e-02,-0.759849308,-0.377636664,0.09275,0.17950,0.32450,0.32475,0.07850,4
"31", 30,5,"square",TRUE,-0.803965765,-0.73218822, 0.005460006,-0.5978194,-0.477249652,1.44445e-04,0.022093956,"CDM_photodraw_e21542223602317",-1.530693980,0.02546610,1.44445e-04, 0.052139868,-0.712190265,0.23100,0.28625,0.31150,0.15500,0.01625,3
"32", 31,5,"square",TRUE,-0.343905245,-0.09745570, 0.562238518,-0.6633998,-0.271378607,1.24049e-02,0.054009923,"CDM_photodraw_e21542225408593", 0.120877577,0.03776100,1.24049e-02,-0.388074885, 0.056241048,0.28400,0.28050,0.28575,0.13725,0.01250,3
"33", 32,5,"square",TRUE, 0.718584982,-0.79163264,-0.498783002,-0.7715424,-0.564864695,4.07199e-02,0.019104940,"CDM_photodraw_e21543430495947",-0.571830658,0.01433130,4.07199e-02,-1.113994016,-0.266057248,0.05125,0.14225,0.31150,0.38725,0.10775,4
"34", 33,5,"square",TRUE, 1.289083884,-0.14092813, 0.779707694,-0.6578576,-0.229576334,5.59235e-02,0.051824018,"CDM_photodraw_e21543432563054", 1.927863443,0.04256320,5.59235e-02,-0.350872556, 0.896982411,0.52975,0.26575,0.16000,0.04200,0.00250,1
"35", 34,5,"square",TRUE,-0.465515066,-0.52635703,-0.894521473,-0.7091606,-0.537388682,9.16404e-03,0.032443672,"CDM_photodraw_e21544206692186",-1.886393572,0.00559252,9.16404e-03,-0.695249162,-0.877687608,0.04550,0.11950,0.28300,0.40400,0.14800,4
"36", 35,5,"square",TRUE,-0.248853365,-0.59995792, 0.091896102,-0.5639889,-0.334445775,1.49380e-02,0.028742832,"CDM_photodraw_e21544647022478",-0.756915183,0.02737480,1.49380e-02, 0.279231234,-0.352172042,0.41575,0.29050,0.21550,0.07275,0.00550,1
"37", 36,5,"square",TRUE, 0.393714008,-0.75812225, 0.225270433,-0.7548580,-0.399076790,3.20622e-02,0.020789927,"CDM_photodraw_e21544819304302",-0.139137811,0.03032000,3.20622e-02,-1.001998130,-0.064737038,0.09975,0.19175,0.32950,0.30900,0.07000,3
"38", 37,5,"square",TRUE, 0.430434931,-0.85297887, 0.007171792,-0.7529887,-0.481468350,3.30408e-02,0.016020295,"CDM_photodraw_e21544821083289",-0.415372149,0.02550390,3.30408e-02,-0.989450116,-0.193261361,0.07675,0.18700,0.32175,0.33050,0.08400,4
"39", 38,5,"square",TRUE,-0.214466430,-0.22852552,-0.300967657,-0.7019406,-0.278420538,1.58544e-02,0.047419399,"CDM_photodraw_e21545243809095",-0.743959607,0.01869950,1.58544e-02,-0.646784349,-0.346144165,0.10600,0.21725,0.33175,0.28800,0.05700,3
"40", 39,5,"square",TRUE,-0.377920692, 0.26204741,-0.445772004,-0.2691286,-0.178019613,1.14984e-02,0.072086654,"CDM_photodraw_e21547062251659",-0.561645285,0.01550190,1.14984e-02, 2.258511991,-0.261318271,0.96700,0.02700,0.00575,0.00025,0.00000,1
"41", 40,5,"square",TRUE,-0.109958518,-0.82449788,-0.864815207,-0.7353184,-0.615366817,1.86395e-02,0.017452392,"CDM_photodraw_e21547066393058",-1.799271607,0.00624850,1.86395e-02,-0.870836136,-0.837152128,0.02150,0.09475,0.25925,0.43000,0.19450,4
"42", 41,6,"square",TRUE,-0.222297676,-0.70040248,-0.713375202,-0.8039070,-0.567929864,1.56457e-02,0.023692224,"CDM_photodraw_e21540577320461",-1.636075358,0.00959263,1.56457e-02,-1.331244461,-0.761221353,0.00675,0.03200,0.16075,0.44475,0.35575,4
"43", 42,6,"square",TRUE,-0.468008906,-0.85625965,-0.109487728,-0.8594043,-0.467999905,9.09758e-03,0.015855329,"CDM_photodraw_e21541008354503",-1.433756282,0.02292780,9.09758e-03,-1.703775878,-0.667087791,0.00300,0.01825,0.11125,0.38400,0.48350,5
"44", 43,6,"square",TRUE, 0.895420279,-0.93340813,-0.633529480,-0.6853639,-0.487782806,4.54325e-02,0.011976107,"CDM_photodraw_e21541017927896",-0.671517329,0.01135580,4.54325e-02,-0.535511448,-0.312438744,0.13925,0.23750,0.33225,0.25050,0.04050,3
"45", 44,6,"square",TRUE,-0.269536558,-0.65008901,-0.001921501,-0.7489861,-0.326899439,1.43868e-02,0.026222113,"CDM_photodraw_e21541613545900",-0.921547072,0.02530310,1.43868e-02,-0.962582435,-0.428770781,0.05175,0.12825,0.30225,0.39600,0.12175,4
"46", 45,6,"square",TRUE, 0.143845875,-0.82649451,-0.222094211,-0.4208607,-0.327548146,2.54033e-02,0.017351996,"CDM_photodraw_e21542050776864",-0.904742845,0.02044120,2.54033e-02, 1.239994316,-0.420952232,0.78475,0.15125,0.05350,0.01050,0.00000,1
"47", 46,6,"square",TRUE,-0.694433960,-0.81685605,-0.659482498,-0.4959888,-0.405262053,3.06343e-03,0.017836643,"CDM_photodraw_e21542220695445",-2.170772507,0.01078270,3.06343e-03, 0.735688747,-1.010001390,0.51575,0.27600,0.16125,0.04575,0.00125,1
"48", 47,6,"square",TRUE,-0.337053374,-0.72093426,-0.125138335,-0.6299214,-0.417851597,1.25875e-02,0.022659834,"CDM_photodraw_e21542224218088",-1.183125967,0.02258220,1.25875e-02,-0.163347725,-0.550476324,0.21075,0.26400,0.29575,0.19950,0.03000,3
"49", 48,6,"square",TRUE,-0.735809728,-0.82260262,-0.588035845,-0.8055873,-0.594295263,1.96078e-03,0.017547690,"CDM_photodraw_e21545255128573",-2.146448191,0.01236040,1.96078e-03,-1.342523750,-0.998683947,0.00275,0.01900,0.10025,0.39650,0.48150,5
"50", 49,6,"square",TRUE,-0.738073547,-1.00255256,-0.215618409,-0.3941196,-0.260928810,1.90045e-03,0.008499349,"CDM_photodraw_e21547073155004",-1.956244519,0.02058420,1.90045e-03, 1.419496692,-0.910187353,0.83075,0.12300,0.04000,0.00625,0.00000,1
"51", 50,6,"square",TRUE,-0.645126009, 0.73229636, 0.126833728,-0.5539683,-0.248713434,4.37747e-03,0.095731967,"CDM_photodraw_e21547230596884", 0.214004079,0.02814630,4.37747e-03, 0.346495662, 0.099570276,0.52450,0.26600,0.16275,0.04475,0.00200,1
"52", 51,6,"square",TRUE, 0.174202739, 0.14454233, 0.027550187,-0.5634016,-0.212025896,2.62123e-02,0.066178199,"CDM_photodraw_e21547232670235", 0.346295251,0.02595390,2.62123e-02, 0.283173043, 0.161121759,0.51425,0.26675,0.16600,0.05025,0.00275,1
"53", 52,6,"square",TRUE,-0.329878798,-0.88883209,-0.230730122,-0.8442330,-0.537761629,1.27787e-02,0.014217504,"CDM_photodraw_e21547237271293",-1.449441007,0.02025050,1.27787e-02,-1.601937394,-0.674385467,0.00450,0.02125,0.12050,0.38650,0.46725,5
"54", 53,6,"square",TRUE,-0.677449502,-0.74551966,-0.164853563,-0.7665219,-0.432947457,3.51606e-03,0.021423618,"CDM_photodraw_e21547238095569",-1.587822722,0.02170520,3.51606e-03,-1.080292984,-0.738770714,0.01600,0.07000,0.24575,0.43600,0.23225,4
"55", 54,6,"square",TRUE, 1.020239897,-0.70317531, 0.533572909,-0.6694413,-0.219814628,4.87589e-02,0.023552799,"CDM_photodraw_e21547240775263", 0.850637492,0.03712800,4.87589e-02,-0.428629272, 0.395778483,0.35700,0.28850,0.24625,0.10075,0.00750,1
"56", 55,6,"square",TRUE, 0.381282328,-0.68278512,-0.922499651,-0.8025556,-0.591434181,3.17309e-02,0.024578070,"CDM_photodraw_e21547668018017",-1.224002443,0.00497470,3.17309e-02,-1.322172937,-0.569495036,0.01400,0.05625,0.20825,0.43775,0.28375,4
"57", 56,6,"square",TRUE,-0.438619785,-0.58862809,-0.070768777,-0.8615622,-0.461240798,9.88079e-03,0.029312525,"CDM_photodraw_e21547834597252",-1.098016653,0.02378280,9.88079e-03,-1.718261188,-0.510877276,0.00325,0.03025,0.13700,0.41275,0.41675,5
"58", 57,6,"square",TRUE,-0.659885298,-0.75401822,-1.023709630,-0.8249237,-0.672837913,3.98414e-03,0.020996288,"CDM_photodraw_e21547836732785",-2.437613148,0.00273976,3.98414e-03,-1.472321395,-1.134155080,0.00125,0.00925,0.05625,0.31050,0.62275,5
"59", 58,6,"square",TRUE,-0.776087394,-0.26305284,-0.541536875,-0.7194021,-0.413751215,8.87394e-04,0.045683277,"CDM_photodraw_e21547845453981",-1.580677106,0.01338720,8.87394e-04,-0.763996771,-0.735446053,0.04525,0.13575,0.29350,0.38550,0.14000,4
"60", 59,6,"square",TRUE, 1.047069511,-0.89444622,-0.699524233,-0.7267796,-0.622978032,4.94739e-02,0.013935211,"CDM_photodraw_e21547849081297",-0.546900944,0.00989849,4.94739e-02,-0.813519055,-0.254458130,0.09850,0.18975,0.34425,0.30350,0.06400,3
"61", 60,6,"square",TRUE,-0.776520533,-1.04903071,-0.197264268,-0.8311267,-0.446446866,8.75851e-04,0.006162310,"CDM_photodraw_e21548094649748",-2.022815512,0.02098950,8.75851e-04,-1.513960060,-0.941161025,0.00250,0.01250,0.08225,0.35550,0.54725,5
"62", 61,6,"square",TRUE, 0.168521615,-1.11427389, 0.060350346,-0.6038563,-0.355373114,2.60609e-02,0.002881717,"CDM_photodraw_e21548097384364",-0.885401933,0.02667820,2.60609e-02, 0.011616689,-0.411953431,0.28000,0.29150,0.28000,0.13750,0.01100,2
"63", 62,7,"square",TRUE,-0.555957506,-0.56490211,-0.060507123,-0.6573934,-0.289569527,6.75378e-03,0.030505527,"CDM_photodraw_e21542049475400",-1.181366743,0.02400940,6.75378e-03,-0.347756558,-0.549657805,0.15125,0.23700,0.33300,0.24375,0.03500,3
"64", 63,7,"square",TRUE,-0.724643355,-0.98148122,-0.372052027,-0.8833994,-0.569924414,2.25836e-03,0.009558870,"CDM_photodraw_e21544820627246",-2.078176606,0.01712980,2.25836e-03,-1.864845933,-0.966919036,0.00025,0.00250,0.03000,0.24500,0.72225,5
"65", 64,7,"square",TRUE, 0.637266862,-0.91042635,-0.899651394,-0.7025138,-0.609036386,3.85528e-02,0.013131690,"CDM_photodraw_e21545255476223",-1.172810886,0.00547924,3.85528e-02,-0.650632134,-0.545676998,0.08375,0.18450,0.32425,0.32325,0.08425,3
"66", 65,7,"square",TRUE,-0.336903279,-0.72120824, 0.320423953,-0.6764973,-0.323020726,1.25915e-02,0.022646058,"CDM_photodraw_e21547061122742",-0.737687568,0.03242120,1.25915e-02,-0.475993404,-0.343225956,0.14875,0.24500,0.32950,0.23625,0.04050,3
"67", 66,7,"square",TRUE,-0.125365846,-0.93720246,-0.228329999,-0.7339382,-0.457715005,1.82289e-02,0.011785319,"CDM_photodraw_e21547069129052",-1.290898302,0.02030350,1.82289e-02,-0.861571763,-0.600619860,0.04200,0.12650,0.29975,0.39825,0.13350,4
"68", 67,7,"square",TRUE, 0.942767981,-0.40715671, 0.396611980,-0.7380898,-0.254333794,4.66943e-02,0.038437368,"CDM_photodraw_e21547242571962", 0.932223248,0.03410360,4.66943e-02,-0.889439701, 0.433738115,0.25575,0.28950,0.29075,0.15075,0.01325,3
"69", 68,7,"square",TRUE, 1.193150191, 0.46919065,-0.731576278,-0.6642898,-0.208452031,5.33669e-02,0.082502343,"CDM_photodraw_e21547247873170", 0.930764562,0.00919071,5.33669e-02,-0.394049615, 0.433059429,0.38200,0.29100,0.22850,0.09275,0.00575,1
"70", 69,7,"square",TRUE,-0.808347776, 0.30691740, 0.182172392,-0.7594863,-0.338635623,2.76659e-05,0.074342831,"CDM_photodraw_e21547667337924",-0.319257980,0.02936830,2.76659e-05,-1.033065688,-0.148542052,0.07700,0.18100,0.32575,0.33875,0.07750,4
"71", 70,7,"square",TRUE,-0.514335582,-0.03995355, 0.228367949,-0.8428022,-0.073573299,7.86299e-03,0.056901277,"CDM_photodraw_e21547844653939",-0.325921187,0.03038840,7.86299e-03,-1.592332534,-0.151642261,0.02650,0.10075,0.26050,0.42425,0.18800,4
"72", 71,7,"square",TRUE,-0.128540371,-0.70637816, 0.192760100,-0.6662898,-0.246368527,1.81443e-02,0.023391752,"CDM_photodraw_e21547848462737",-0.642158434,0.02960210,1.81443e-02,-0.407474654,-0.298778849,0.18275,0.25025,0.33225,0.20850,0.02625,3
"73", 72,7,"square",TRUE, 0.818638803,-0.66503845,-0.110660617,-0.6433696,-0.222247869,4.33863e-02,0.025470418,"CDM_photodraw_e21548096758313", 0.042939737,0.02290190,4.33863e-02,-0.253620447, 0.019978691,0.29975,0.30025,0.27250,0.11550,0.01200,2
"74", 73,7,"square",TRUE, 0.217156387,-0.85962194,-0.834370791,-0.5962973,-0.477407306,2.73570e-02,0.015686265,"CDM_photodraw_e21548098146005",-1.476836339,0.00692078,2.73570e-02, 0.062357685,-0.687131770,0.24750,0.28250,0.29725,0.15700,0.01575,3
"75", 74,7,"square",TRUE, 0.942621637,-0.32601976, 0.753686748,-0.3024616,-0.009658783,4.66904e-02,0.042517140,"CDM_photodraw_e21548098930405", 1.370288629,0.04198860,4.66904e-02, 2.034760681, 0.637558019,0.90800,0.07650,0.01425,0.00125,0.00000,1
"76", 75,7,"square",TRUE, 0.768987132,-0.45925169, 1.041117218,-0.7299813,-0.213530630,4.20631e-02,0.035817900,"CDM_photodraw_e21548106388954", 1.350852658,0.04833570,4.20631e-02,-0.835010559, 0.628514991,0.34375,0.29425,0.24675,0.10825,0.00700,1
"77", 76,7,"square",TRUE,-0.317131917,-0.72058672,-0.256194058,-0.7907549,-0.483796984,1.31184e-02,0.022677309,"CDM_photodraw_e21548107987673",-1.293912696,0.01968820,1.31184e-02,-1.242959448,-0.602022376,0.01675,0.06850,0.22775,0.43225,0.25475,4
"78", 77,7,"square",TRUE, 0.443433222,-0.78637853,-0.420833377,-0.7875219,-0.459207892,3.33872e-02,0.019369130,"CDM_photodraw_e21548441283760",-0.763778682,0.01605260,3.33872e-02,-1.221257890,-0.355365442,0.03100,0.11650,0.27850,0.40300,0.17100,4
"79", 78,7,"square",TRUE,-0.564293823,-0.38813939, 0.732778514,-0.7361087,-0.259935260,6.53162e-03,0.039393607,"CDM_photodraw_e21548451831175",-0.219654701,0.04152690,6.53162e-03,-0.876141094,-0.102199356,0.11600,0.20925,0.34000,0.27750,0.05725,3
"80", 79,7,"square",TRUE,-0.551098532, 0.25894173, 0.354958540,-0.4969994,-0.412238151,6.88327e-03,0.071930492,"CDM_photodraw_e21548873811739", 0.062801738,0.03318380,6.88327e-03, 0.728904809, 0.029219940,0.63850,0.23825,0.09750,0.02500,0.00075,1
"81", 80,7,"square",TRUE,-0.769636054,-0.24027757,-0.291675109,-0.6008650,-0.349010557,1.05932e-03,0.046828476,"CDM_photodraw_e21548958550335",-1.301588728,0.01890470,1.05932e-03, 0.031696232,-0.605593824,0.25225,0.27225,0.29625,0.16250,0.01675,3
"82", 81,4,"shape",TRUE, 0.682997282, 0.65048272, 2.109334576,-0.4409596,-0.253713995,3.97715e-02,0.091618170,"CDM_photodraw_e21540576907849", 3.442814582,0.07192430,3.97715e-02, 1.105078359, 1.601847960,0.75475,0.17375,0.06275,0.00825,0.00050,1
"83", 82,4,"shape",TRUE, 2.630478264, 2.39187955, 0.762567199,-0.3163945,-0.208921388,9.16712e-02,0.179180033,"CDM_photodraw_e21540586733971", 5.784925016,0.04218470,9.16712e-02, 1.941234526, 2.691568225,0.72375,0.18600,0.07475,0.01500,0.00050,1
"84", 83,4,"shape",TRUE,-0.157557630, 3.81855921,-0.695541842,-0.3390694,-0.190045595,1.73710e-02,0.250917116,"CDM_photodraw_e21541799408496", 2.965459739,0.00998643,1.73710e-02, 1.789026740, 1.379747738,0.80925,0.13950,0.04350,0.00750,0.00025,1
"85", 84,4,"shape",TRUE,-0.028385235,-0.17901270,-0.822229343,-0.4630857,-0.390067935,2.08134e-02,0.049909029,"CDM_photodraw_e21547060282520",-1.029627282,0.00718889,2.08134e-02, 0.956554118,-0.479057562,0.58100,0.25300,0.13450,0.02925,0.00225,1
"86", 85,4,"shape",TRUE,-0.505412390, 0.88255819,-0.904933927,-0.4586992,-0.390375108,8.10079e-03,0.103287515,"CDM_photodraw_e21547070395780",-0.527788123,0.00536259,8.10079e-03, 0.985999459,-0.245565455,0.61375,0.23925,0.11900,0.02575,0.00225,1
"87", 86,4,"shape",TRUE, 1.745337413, 0.38943708, 1.267661572,-0.4423958,-0.146130040,6.80825e-02,0.078492130,"CDM_photodraw_e21547071853117", 3.402436066,0.05333830,6.80825e-02, 1.095437290, 1.583060935,0.75800,0.17000,0.06275,0.00900,0.00025,1
"88", 87,4,"shape",TRUE,-0.182041998, 0.23640346,-0.409050136,-0.6032822,-0.510172188,1.67185e-02,0.070797210,"CDM_photodraw_e21547241159990",-0.354688678,0.01631280,1.67185e-02, 0.015470876,-0.165026992,0.26250,0.29050,0.28775,0.14425,0.01500,2
"89", 88,4,"shape",TRUE, 0.752517877,-0.16655254,-0.578756882,-0.4659893,-0.336979032,4.16242e-02,0.050535558,"CDM_photodraw_e21547242197593", 0.007208459,0.01256530,4.16242e-02, 0.937063525, 0.003353900,0.62075,0.23800,0.11650,0.02475,0.00000,1
"90", 89,4,"shape",TRUE, 0.024970048, 0.04089908,-0.149116913,-0.5649770,-0.381463677,2.22353e-02,0.060966753,"CDM_photodraw_e21547243566891",-0.083247788,0.02205270,2.22353e-02, 0.272597935,-0.038732931,0.36550,0.29550,0.23950,0.09300,0.00650,1
"91", 90,4,"shape",TRUE, 0.919420588, 2.57250816, 5.080309859,-0.2423766,-0.119459592,4.60721e-02,0.188262499,"CDM_photodraw_e21547246292717", 8.572238604,0.13753000,4.60721e-02, 2.438087286, 3.988429407,0.44850,0.27525,0.20700,0.06400,0.00525,1
"92", 91,4,"shape",TRUE, 0.905611780, 0.14426442, 1.562849418,-0.3288725,-0.191596538,4.57041e-02,0.066164225,"CDM_photodraw_e21547663022993", 2.612725615,0.05985670,4.57041e-02, 1.857474672, 1.215630147,0.80675,0.14350,0.04400,0.00575,0.00000,1
"93", 92,4,"shape",TRUE, 1.144965706,-0.66174279, 0.403889331,-0.4780324,-0.239744022,5.20828e-02,0.025636132,"CDM_photodraw_e21547664938821", 0.887112243,0.03426430,5.20828e-02, 0.856223420, 0.412749192,0.62350,0.23600,0.11475,0.02475,0.00100,1
"94", 93,4,"shape",TRUE,-0.049556240, 4.19570111,-0.209133551,-0.3804361,-0.170251474,2.02492e-02,0.269880771,"CDM_photodraw_e21547668526141", 3.937011321,0.02072740,2.02492e-02, 1.511348818, 1.831784257,0.77225,0.16350,0.05775,0.00625,0.00025,1
"95", 94,4,"shape",TRUE, 0.329007734, 2.11161572,-0.203106075,-0.4511803,-0.312037885,3.03378e-02,0.165087654,"CDM_photodraw_e21547672389753", 2.237517375,0.02086050,3.03378e-02, 1.036470387, 1.041055961,0.70350,0.19625,0.08750,0.01175,0.00100,1
"96", 95,4,"shape",TRUE,-0.192252261,-0.41900884,-0.432729831,-0.6183860,-0.466018051,1.64464e-02,0.037841413,"CDM_photodraw_e21547673281903",-1.043990931,0.01578990,1.64464e-02,-0.085915092,-0.485740577,0.16650,0.25075,0.32225,0.22300,0.03750,3
"97", 96,4,"shape",TRUE, 0.160547779, 3.05580807, 1.974637913,-0.1108369,-0.012716972,2.58484e-02,0.212564048,"CDM_photodraw_e21547836177154", 5.190993764,0.06894990,2.58484e-02, 3.321061494, 2.415228172,0.66650,0.21550,0.10150,0.01575,0.00075,1
"98", 97,4,"shape",TRUE,-0.134371590, 1.03283485, 0.263858057,-0.4918852,-0.335650414,1.79889e-02,0.110843807,"CDM_photodraw_e21547849860466", 1.162321316,0.03117210,1.79889e-02, 0.763235002, 0.540796486,0.60800,0.24200,0.12700,0.02250,0.00050,1
"99", 98,4,"shape",TRUE,-0.350325590,-0.10725048,-0.791380075,-0.5436060,-0.502418220,1.22338e-02,0.053517416,"CDM_photodraw_e21548445362792",-1.248956144,0.00787011,1.22338e-02, 0.416053078,-0.581105315,0.32275,0.29100,0.27275,0.10525,0.00825,1
"100", 99,4,"shape",TRUE,-0.345319897, 1.08481239, 4.701135853,-0.2266707, 0.023505615,1.23672e-02,0.113457370,"CDM_photodraw_e21548451296118", 5.440628343,0.12915700,1.23672e-02, 2.543515389, 2.531376350,0.69250,0.20000,0.08750,0.02000,0.00000,1
"101",100,4,"shape",TRUE, 0.298166811, 1.44149149, 1.235672020,-0.3978152,-0.303649336,2.95159e-02,0.131392103,"CDM_photodraw_e21548455224165", 2.975330319,0.05263190,2.95159e-02, 1.394689338, 1.384340251,0.76250,0.16650,0.06225,0.00800,0.00075,1
"102",101,4,"shape",TRUE,-0.284598665, 0.81316475, 0.104376736,-0.5013857,-0.387444794,1.39854e-02,0.099798236,"CDM_photodraw_e21549564465088", 0.632942819,0.02765040,1.39854e-02, 0.699461668, 0.294491074,0.54600,0.26825,0.15275,0.03150,0.00150,1
"103",102,5,"shape",TRUE,-0.751727006,-0.23000969,-0.525347373,-0.5635352,-0.483903766,1.53659e-03,0.047344771,"CDM_photodraw_e21541191137910",-1.507084068,0.01374470,1.53659e-03, 0.282276413,-0.701205215,0.25675,0.27950,0.30500,0.14825,0.01050,3
"104",103,5,"shape",TRUE, 0.120359644, 3.53375986,-0.564279164,-0.5530667,-0.259637147,2.47774e-02,0.236596680,"CDM_photodraw_e21541195324779", 3.089840339,0.01288500,2.47774e-02, 0.352547212, 1.437618648,0.68350,0.21100,0.08825,0.01700,0.00025,1
"105",104,5,"shape",TRUE,-0.460670350, 1.92333798,-0.723394126,-0.5613558,-0.357015133,9.29315e-03,0.155620571,"CDM_photodraw_e21541616746618", 0.739273507,0.00937139,9.29315e-03, 0.296905761, 0.343963850,0.45525,0.28875,0.19875,0.05300,0.00425,1
"106",105,5,"shape",TRUE, 2.182510020,-0.18162888, 3.509497877,-0.4798607,-0.134495705,7.97330e-02,0.049777481,"CDM_photodraw_e21542047659207", 5.510379021,0.10284300,7.97330e-02, 0.843950476, 2.563829443,0.80625,0.14400,0.04200,0.00750,0.00025,1
"107",106,5,"shape",TRUE, 0.815952089, 0.78241122, 3.051070029,-0.2618313,-0.102160551,4.33147e-02,0.098251870,"CDM_photodraw_e21542049031572", 4.649433333,0.09271990,4.33147e-02, 2.307495537, 2.163254838,0.76625,0.16600,0.05700,0.01075,0.00000,1
"108",107,5,"shape",TRUE,-0.324996934,-0.38958752,-0.476774336,-0.6031401,-0.481615305,1.29088e-02,0.039320792,"CDM_photodraw_e21542053241209",-1.191358786,0.01481730,1.29088e-02, 0.016424320,-0.554306831,0.19400,0.25275,0.32575,0.19825,0.02925,3
"109",108,5,"shape",TRUE,-0.457092068, 0.59235808,-0.284420400,-0.5701912,-0.467204422,9.38851e-03,0.088695515,"CDM_photodraw_e21542057631101",-0.149154385,0.01906490,9.38851e-03, 0.237597370,-0.069397477,0.34725,0.29800,0.25550,0.09275,0.00650,1
"110",109,5,"shape",TRUE, 0.007832867,-0.58805589,-0.854456643,-0.6259354,-0.496081501,2.17786e-02,0.029341297,"CDM_photodraw_e21542061442525",-1.434679669,0.00647724,2.17786e-02,-0.136591272,-0.667517418,0.11825,0.22725,0.33625,0.27250,0.04575,3
"111",110,5,"shape",TRUE,-0.506012398, 0.04515477,-0.185191201,-0.4927517,-0.358320951,8.08480e-03,0.061180740,"CDM_photodraw_e21542218678125",-0.646048825,0.02125610,8.08480e-03, 0.757418513,-0.300588942,0.51375,0.27600,0.16450,0.04325,0.00250,1
"112",111,5,"shape",TRUE,-0.586176657, 1.91160907,-0.781141064,-0.5017840,-0.305732131,5.94845e-03,0.155030811,"CDM_photodraw_e21542223602317", 0.544291351,0.00809621,5.94845e-03, 0.696788183, 0.253243958,0.56650,0.25400,0.14400,0.03350,0.00200,1
"113",112,5,"shape",TRUE,-0.188781297,-0.62996693, 0.457932835,-0.6350536,-0.462868810,1.65389e-02,0.027233903,"CDM_photodraw_e21542225408593",-0.360815391,0.03545770,1.65389e-02,-0.197798149,-0.167877585,0.19325,0.26950,0.31975,0.19375,0.02375,3
"114",113,5,"shape",TRUE,-0.610728192,-0.84276523,-0.261528669,-0.7091532,-0.565553606,5.29416e-03,0.016533863,"CDM_photodraw_e21543430495947",-1.715022087,0.01957040,5.29416e-03,-0.695199950,-0.797953118,0.02700,0.08800,0.26975,0.42075,0.19450,4
"115",114,5,"shape",TRUE, 0.021217655, 0.52908210, 2.115746978,-0.3848543,-0.179608136,2.21353e-02,0.085513837,"CDM_photodraw_e21543432563054", 2.666046730,0.07206590,2.21353e-02, 1.481691022, 1.240439011,0.77475,0.15300,0.06125,0.01100,0.00000,1
"116",115,5,"shape",TRUE,-0.435111297, 1.73634671, 0.079881905,-0.5532413,-0.219349399,9.97429e-03,0.146218174,"CDM_photodraw_e21544206692186", 1.381117323,0.02710950,9.97429e-03, 0.351375712, 0.642596316,0.52250,0.26725,0.16700,0.04125,0.00200,1
"117",116,5,"shape",TRUE,-0.613050549, 1.55957944,-0.924445108,-0.4783580,-0.424633175,5.23227e-03,0.137329865,"CDM_photodraw_e21544647022478", 0.022083780,0.00493174,5.23227e-03, 0.854037260, 0.010274982,0.58225,0.24550,0.13725,0.03375,0.00125,1
"118",117,5,"shape",TRUE,-0.791368642, 0.47500069, 0.105056016,-0.6025806,-0.374797314,4.80154e-04,0.082794487,"CDM_photodraw_e21544819304302",-0.211311933,0.02766540,4.80154e-04, 0.020180082,-0.098317693,0.27975,0.28000,0.27675,0.14875,0.01475,2
"119",118,5,"shape",TRUE,-0.642677947, 1.84654008,-1.072797561,-0.5453878,-0.376118541,4.44271e-03,0.151758977,"CDM_photodraw_e21544821083289", 0.131064577,0.00165579,4.44271e-03, 0.404092815, 0.060980782,0.45175,0.27700,0.19200,0.07500,0.00425,1
"120",119,5,"shape",TRUE,-0.134577972,-0.51756871,-0.804383303,-0.6191123,-0.552754223,1.79834e-02,0.032885571,"CDM_photodraw_e21545243809095",-1.456529988,0.00758297,1.79834e-02,-0.090790741,-0.677683777,0.13325,0.22400,0.34625,0.25225,0.04425,3
"121",120,5,"shape",TRUE, 1.637936405,-0.49258304, 1.473678090,-0.4464912,-0.201588854,6.52203e-02,0.034141914,"CDM_photodraw_e21547062251659", 2.619031454,0.05788760,6.52203e-02, 1.067946649, 1.218564082,0.72550,0.18475,0.07650,0.01275,0.00050,1
"122",121,5,"shape",TRUE,-0.367789230,-0.05177297,-0.488870045,-0.7171371,-0.601970553,1.17684e-02,0.056306966,"CDM_photodraw_e21547066393058",-0.908432246,0.01455020,1.17684e-02,-0.748792476,-0.422668809,0.04900,0.12700,0.30450,0.39425,0.12525,4
"123",122,6,"shape",TRUE,-0.405823490,-0.07583293,-0.072602832,-0.6063361,-0.468481481,1.07548e-02,0.055097171,"CDM_photodraw_e21541008354503",-0.554259249,0.02374230,1.07548e-02,-0.005028775,-0.257881750,0.22850,0.29625,0.29525,0.15875,0.02125,2
"124",123,6,"shape",TRUE,-0.073556549,-0.59337726, 0.319124264,-0.6798639,-0.481533736,1.96096e-02,0.029073725,"CDM_photodraw_e21541017927896",-0.347809545,0.03239250,1.96096e-02,-0.498592392,-0.161826319,0.12075,0.22625,0.34550,0.26125,0.04625,3
"125",124,6,"shape",TRUE,-0.779934573, 0.47878775,-0.181138165,-0.6803697,-0.497016817,7.84868e-04,0.082984909,"CDM_photodraw_e21541613545900",-0.482284992,0.02134560,7.84868e-04,-0.501987662,-0.224394086,0.10600,0.19950,0.34950,0.28775,0.05725,3
"126",125,6,"shape",TRUE,-0.136754360, 0.16602124,-0.295143964,-0.5465634,-0.446049631,1.79254e-02,0.067258214,"CDM_photodraw_e21542050776864",-0.265877083,0.01882810,1.79254e-02, 0.396201593,-0.123705373,0.40500,0.28500,0.22250,0.08175,0.00575,1
"127",126,6,"shape",TRUE,-0.511477759,-0.32902597,-0.945841065,-0.6111077,-0.552281260,7.93915e-03,0.042365980,"CDM_photodraw_e21542220695445",-1.786344792,0.00445927,7.93915e-03,-0.037058979,-0.831137632,0.12725,0.21400,0.34625,0.26450,0.04800,3
"128",127,6,"shape",TRUE, 0.137346730, 0.39340295, 0.561350926,-0.6037654,-0.458634883,2.52301e-02,0.078691544,"CDM_photodraw_e21542224218088", 1.092100602,0.03774140,2.52301e-02, 0.012227245, 0.508124698,0.40750,0.28725,0.22225,0.07675,0.00625,1
"129",128,6,"shape",TRUE,-0.311762242,-0.08772655,-0.465276392,-0.6801845,-0.517672300,1.32615e-02,0.054499129,"CDM_photodraw_e21545255128573",-0.864765181,0.01507120,1.32615e-02,-0.500744143,-0.402351712,0.08600,0.17550,0.33975,0.31625,0.08250,3
"130",129,6,"shape",TRUE,-0.373672983, 0.29901593,-0.037583693,-0.5523788,-0.398890704,1.16116e-02,0.073945525,"CDM_photodraw_e21547073155004",-0.112240744,0.02451560,1.16116e-02, 0.357164795,-0.052222565,0.39825,0.29525,0.20975,0.09300,0.00375,1
"131",130,6,"shape",TRUE, 0.270860644,-0.61683336,-0.799552718,-0.6444412,-0.498043060,2.87882e-02,0.027894292,"CDM_photodraw_e21547230596884",-1.145525434,0.00768964,2.87882e-02,-0.260813489,-0.532981819,0.11275,0.22175,0.33175,0.28250,0.05125,3
"132",131,6,"shape",TRUE,-0.713767793,-0.48310186, 0.492100611,-0.5938001,-0.406470537,2.54819e-03,0.034618652,"CDM_photodraw_e21547232670235",-0.704769043,0.03621220,2.54819e-03, 0.079119979,-0.327909862,0.24025,0.27650,0.31500,0.15400,0.01425,3
"133",132,6,"shape",TRUE,-0.475967733,-0.42919079,-0.866520652,-0.6643977,-0.611562550,8.88548e-03,0.037329438,"CDM_photodraw_e21547237271293",-1.771679175,0.00621084,8.88548e-03,-0.394773401,-0.824314120,0.06200,0.14125,0.32325,0.37075,0.10275,4
"134",133,6,"shape",TRUE, 2.572008468, 0.40660402, 2.080981436,-0.4327413,-0.127171487,9.01130e-02,0.079355328,"CDM_photodraw_e21547238095569", 5.059593920,0.07129820,9.01130e-02, 1.160244489, 2.354091400,0.77325,0.15925,0.05900,0.00850,0.00000,1
"135",134,6,"shape",TRUE, 0.787711575,-0.96391645, 1.689983433,-0.5978456,-0.243851677,4.25621e-02,0.010442071,"CDM_photodraw_e21547240775263", 1.513778559,0.06266410,4.25621e-02, 0.051964223, 0.704319980,0.47675,0.28375,0.18500,0.05075,0.00375,1
"136",135,6,"shape",TRUE,-0.695507145, 1.49668197,-0.617797359,-0.5880421,-0.309541911,3.03483e-03,0.134167221,"CDM_photodraw_e21547668018017", 0.183377469,0.01170320,3.03483e-03, 0.117771479, 0.085320547,0.33350,0.30100,0.25700,0.10050,0.00800,1
"137",136,6,"shape",TRUE, 1.999134301, 0.65814390, 3.487760922,-0.5024352,-0.243410856,7.48461e-02,0.092003393,"CDM_photodraw_e21547834597252", 6.145039128,0.10236300,7.48461e-02, 0.692416664, 2.859119524,0.84475,0.11725,0.03375,0.00425,0.00000,1
"138",137,6,"shape",TRUE,-0.230954447,-0.36369124,-0.906846326,-0.7037220,-0.612077415,1.54150e-02,0.040622922,"CDM_photodraw_e21547836732785",-1.501492016,0.00532036,1.54150e-02,-0.658742212,-0.698603386,0.03450,0.11900,0.28325,0.40950,0.15375,4
"139",138,6,"shape",TRUE,-0.656135531,-0.74987692,-0.749261555,-0.6602374,-0.619004309,4.08407e-03,0.021204524,"CDM_photodraw_e21547845453981",-2.155274007,0.00880018,4.08407e-03,-0.366847048,-1.002790359,0.04950,0.12800,0.29300,0.38875,0.14075,4
"140",139,6,"shape",TRUE,-0.624197784,-0.21675037,-0.264014834,-0.6539369,-0.513976991,4.93520e-03,0.048011483,"CDM_photodraw_e21547849081297",-1.104962984,0.01951550,4.93520e-03,-0.324554215,-0.514109215,0.11000,0.20875,0.34050,0.28375,0.05700,3
"141",140,6,"shape",TRUE,-0.797877243,-0.25948962,-0.035473397,-0.6230611,-0.414383471,3.06702e-04,0.045862445,"CDM_photodraw_e21548094649748",-1.092840261,0.02456220,3.06702e-04,-0.117297530,-0.508468842,0.14025,0.25150,0.34100,0.23500,0.03225,3
"142",141,6,"shape",TRUE,-0.399830918,-0.06006384,-0.076936638,-0.5715736,-0.438692063,1.09145e-02,0.055890080,"CDM_photodraw_e21548097384364",-0.536831399,0.02364660,1.09145e-02, 0.228318193,-0.249773045,0.30525,0.29325,0.27225,0.11650,0.01275,1
"143",142,7,"shape",TRUE,-0.246200422, 1.27481922,-0.289972380,-0.5756136,-0.396739453,1.50087e-02,0.123011397,"CDM_photodraw_e21542049475400", 0.738646413,0.01894230,1.50087e-02, 0.201198847, 0.343672080,0.41700,0.28750,0.21500,0.07525,0.00525,1
"144",143,7,"shape",TRUE,-0.713487114,-0.31116934, 0.047045518,-0.4817335,-0.390489221,2.55567e-03,0.043263857,"CDM_photodraw_e21542224706912",-0.977610931,0.02638440,2.55567e-03, 0.831379056,-0.454855769,0.53525,0.26075,0.15875,0.04300,0.00225,1
"145",144,7,"shape",TRUE,-0.714495007, 0.43791199,-0.423011601,-0.6575271,-0.534664571,2.52881e-03,0.080929572,"CDM_photodraw_e21544820627246",-0.699594613,0.01600450,2.52881e-03,-0.348653988,-0.325502340,0.12000,0.21600,0.34650,0.27000,0.04750,3
"146",145,7,"shape",TRUE,-0.335214702,-0.50948015,-0.106738909,-0.5665651,-0.474112958,1.26365e-02,0.033292285,"CDM_photodraw_e21545255476223",-0.951433763,0.02298850,1.26365e-02, 0.261938004,-0.442676245,0.29275,0.29275,0.27875,0.12525,0.01050,1
"147",146,7,"shape",TRUE, 3.795626473, 1.04616356, 1.779901969,-0.3267190,-0.088994771,1.22722e-01,0.111514009,"CDM_photodraw_e21547061122742", 6.621691998,0.06464970,1.22722e-01, 1.871930175, 3.080893137,0.69700,0.19600,0.09050,0.01650,0.00000,1
"148",147,7,"shape",TRUE,-0.430266582, 1.91518791, 0.178223512,-0.5798379,-0.294944435,1.01034e-02,0.155210764,"CDM_photodraw_e21547069129052", 1.663144839,0.02928110,1.01034e-02, 0.172843184, 0.773816046,0.52500,0.26050,0.16625,0.04600,0.00225,1
"149",148,7,"shape",TRUE,-0.769878084,-0.68118074,-0.485894800,-0.6908531,-0.570486844,1.05287e-03,0.024658742,"CDM_photodraw_e21547242571962",-1.936953624,0.01461590,1.05287e-03,-0.572358086,-0.901211824,0.02775,0.10650,0.27000,0.42300,0.17275,4
"150",149,7,"shape",TRUE,-0.546173515,-0.61003873,-0.152499727,-0.6582153,-0.488663495,7.01452e-03,0.028235944,"CDM_photodraw_e21547247873170",-1.308711972,0.02197800,7.01452e-03,-0.353273571,-0.608908076,0.08925,0.18950,0.31950,0.31750,0.08425,3
"151",150,7,"shape",TRUE,-0.624135119, 0.28602084,-0.634638970,-0.5989269,-0.513326287,4.93687e-03,0.073292099,"CDM_photodraw_e21547667337924",-0.972753245,0.01133130,4.93687e-03, 0.044705964,-0.452595620,0.20250,0.27150,0.32050,0.17775,0.02775,3
"152",151,7,"shape",TRUE,-0.319105676,-0.68081196,-0.065044712,-0.7286761,-0.537651837,1.30658e-02,0.024677286,"CDM_photodraw_e21547844653939",-1.064962345,0.02390920,1.30658e-02,-0.826249515,-0.495498006,0.03425,0.10425,0.29025,0.41650,0.15475,4
"153",152,7,"shape",TRUE,-0.114213732, 0.53466828,-0.209876231,-0.6657002,-0.435341775,1.85261e-02,0.085794724,"CDM_photodraw_e21547848462737", 0.210578314,0.02071100,1.85261e-02,-0.403516840, 0.097976360,0.20150,0.26500,0.31850,0.19275,0.02225,3
"154",153,7,"shape",TRUE, 0.086689417, 0.87116360,-0.340193803,-0.5027280,-0.380077481,2.38801e-02,0.102714566,"CDM_photodraw_e21548096758313", 0.617659217,0.01783330,2.38801e-02, 0.690451360, 0.287380030,0.55675,0.26150,0.14500,0.03575,0.00100,1
"155",154,7,"shape",TRUE,-0.578652732, 1.00198095, 0.469317565,-0.4140784,-0.252354652,6.14896e-03,0.109292395,"CDM_photodraw_e21548098146005", 0.892645785,0.03570910,6.14896e-03, 1.285521377, 0.415323799,0.74325,0.17825,0.06900,0.00925,0.00025,1
"156",155,7,"shape",TRUE, 1.598288615, 2.17721725, 3.471865774,-0.5511532,-0.185639292,6.41637e-02,0.168386266,"CDM_photodraw_e21548098930405", 7.247371637,0.10201200,6.41637e-02, 0.365392102, 3.372004851,0.92075,0.06100,0.01700,0.00125,0.00000,1
"157",156,7,"shape",TRUE,-0.273176379,-0.26009281,-0.557531651,-0.7606679,-0.625169933,1.42898e-02,0.045832115,"CDM_photodraw_e21548106388954",-1.090800842,0.01303400,1.42898e-02,-1.040997719,-0.507519956,0.02025,0.07125,0.24350,0.43925,0.22575,4
"158",157,7,"shape",TRUE, 1.233083163,-0.06737302, 3.114360796,-0.5493954,-0.220745087,5.44311e-02,0.055522556,"CDM_photodraw_e21548107987673", 4.280070940,0.09411750,5.44311e-02, 0.377191124, 1.991400565,0.76825,0.16075,0.06125,0.00975,0.00000,1
"159",158,7,"shape",TRUE,-0.639637382, 0.19674460,-0.718924012,-0.6269910,-0.565048158,4.52374e-03,0.068803062,"CDM_photodraw_e21548441283760",-1.161816791,0.00947010,4.52374e-03,-0.143677487,-0.540561745,0.14775,0.23125,0.34725,0.23600,0.03775,3
"160",159,7,"shape",TRUE,-0.465736082, 1.77922438, 0.308061060,-0.5486358,-0.388704330,9.15815e-03,0.148374172,"CDM_photodraw_e21548451831175", 1.621549363,0.03214820,9.15815e-03, 0.382290030, 0.754462803,0.56550,0.25400,0.13800,0.04175,0.00075,1
"161",160,7,"shape",TRUE, 0.119800537, 2.61240672, 1.088453966,-0.4529234,-0.283102572,2.47625e-02,0.190268700,"CDM_photodraw_e21548873811739", 3.820661219,0.04938100,2.47625e-02, 1.024769790, 1.777649720,0.75025,0.17850,0.06050,0.01025,0.00050,1
"162",161,7,"shape",TRUE, 0.017581585, 1.30155281, 0.112668479,-0.4556746,-0.295196116,2.20384e-02,0.124355630,"CDM_photodraw_e21548958550335", 1.431802871,0.02783350,2.20384e-02, 1.006302460, 0.666178922,0.68875,0.20750,0.08975,0.01350,0.00050,1
"163",162,8,"square",TRUE,-0.317676014,-0.82982678,-0.581383431,-0.6655290,-0.552434000,1.31039e-02,0.017184441,"CDM_photodraw_e21542229353364",-1.728886226,0.01250730,1.31039e-02,-0.402367661,-0.804403725,0.08650,0.18900,0.34225,0.30500,0.07725,3
"164",163,8,"square",TRUE,-0.716732559,-0.71316309,-0.686123853,-0.7608170,-0.539730000,2.46918e-03,0.023050589,"CDM_photodraw_e21545166957201",-2.116019497,0.01019440,2.46918e-03,-1.041998434,-0.984526304,0.00775,0.04950,0.18650,0.43575,0.32050,4
"165",164,8,"square",TRUE, 0.038099673,-0.46832346, 0.100382571,-0.7959600,-0.556940000,2.25852e-02,0.035361748,"CDM_photodraw_e21547232289747",-0.329841212,0.02756220,2.25852e-02,-1.277899536,-0.153466142,0.04950,0.13175,0.30625,0.38875,0.12375,4
"166",165,8,"square",TRUE,-0.516802780, 0.06237944, 0.066463864,-0.7955330,-0.329999000,7.79724e-03,0.062046840,"CDM_photodraw_e21547238752953",-0.387959471,0.02681320,7.79724e-03,-1.275033254,-0.180506987,0.04700,0.13100,0.30850,0.37900,0.13450,4
"167",166,8,"square",TRUE,-0.602739346,-0.61539075,-0.750904054,-0.7543980,-0.548068000,5.50706e-03,0.027966831,"CDM_photodraw_e21547674347301",-1.969034148,0.00876391,5.50706e-03,-0.998910218,-0.916138020,0.01525,0.05800,0.21475,0.43650,0.27550,4
"168",167,8,"square",TRUE,-0.312133729,-0.80626791, 0.115231628,-0.6217010,-0.373759000,1.32516e-02,0.018369041,"CDM_photodraw_e21547677339884",-1.003170007,0.02789010,1.32516e-02,-0.108167577,-0.466747712,0.23300,0.28800,0.30275,0.15825,0.01800,3
"169",168,8,"square",TRUE,-0.522873027,-0.88705550,-0.500748385,-0.7660630,-0.562132000,7.63547e-03,0.014306836,"CDM_photodraw_e21547845878342",-1.910676909,0.01428790,7.63547e-03,-1.077212763,-0.888985984,0.01025,0.05275,0.19725,0.44650,0.29325,4
"170",169,8,"square",TRUE,-0.282936355,-0.78160838,-0.223955437,-0.7214800,-0.473500000,1.40297e-02,0.019608985,"CDM_photodraw_e21547849501667",-1.288500172,0.02040010,1.40297e-02,-0.777944663,-0.599504075,0.06000,0.14600,0.31275,0.36425,0.11700,4
"171",170,8,"square",TRUE, 0.777463789, 0.46961769, 0.046647007,-0.4699370,-0.023727500,4.22890e-02,0.082523815,"CDM_photodraw_e21548096119835", 1.293728482,0.02637560,4.22890e-02, 0.910564316, 0.601936666,0.75025,0.17050,0.06850,0.01050,0.00025,1
"172",171,8,"square",TRUE,-0.729020897,-0.62525508,-0.805552570,-0.7368200,-0.537859000,2.14170e-03,0.027470827,"CDM_photodraw_e21548100335223",-2.159828549,0.00755715,2.14170e-03,-0.880916035,-1.004909464,0.01700,0.07200,0.21675,0.42575,0.26850,4
"173",172,8,"square",TRUE,-0.766724947,-0.53628341,-0.688949657,-0.7669170,-0.502870000,1.13690e-03,0.031944549,"CDM_photodraw_e21548104824451",-1.991958013,0.01013200,1.13690e-03,-1.082945329,-0.926803870,0.01025,0.04700,0.18600,0.44575,0.31100,4
"174",173,8,"square",TRUE,-0.530274999,-0.58586064,-0.713817186,-0.8714410,-0.580308000,7.43821e-03,0.029451679,"CDM_photodraw_e21548105648196",-1.829952829,0.00958287,7.43821e-03,-1.784573728,-0.851427266,0.00025,0.00800,0.06025,0.31200,0.61950,5
"175",174,8,"square",TRUE,-0.728967613,-0.94759479,-0.750218887,-0.8971660,-0.743953000,2.14312e-03,0.011262766,"CDM_photodraw_e21548449754672",-2.426781290,0.00877904,2.14312e-03,-1.957255510,-1.129115311,0.00025,0.00150,0.01625,0.15075,0.83125,5
"176",175,8,"square",TRUE,-0.271420259,-0.91088658,-0.470398162,-0.8677450,-0.564919000,1.43366e-02,0.013108548,"CDM_photodraw_e21549650853022",-1.652705000,0.01495810,1.43366e-02,-1.759763938,-0.768958673,0.00125,0.01200,0.07000,0.34675,0.57000,5
"177",176,8,"square",TRUE, 0.094021594,-0.50496097,-0.429215690,-0.7272670,-0.532654000,2.40755e-02,0.033519520,"CDM_photodraw_e21550687622483",-0.840155071,0.01586750,2.40755e-02,-0.816790512,-0.390901297,0.07825,0.17700,0.31825,0.34375,0.08275,4
"178",177,8,"square",TRUE,-0.482857128,-0.79782001,-0.865239984,-0.8709470,-0.692174000,8.70188e-03,0.018793823,"CDM_photodraw_e21550689187843",-2.145917117,0.00623912,8.70188e-03,-1.781257701,-0.998436853,0.00075,0.00475,0.03675,0.24850,0.70925,5
"179",178,8,"square",TRUE, 1.389644278,-0.12764279,-0.592106995,-0.6427440,-0.389880000,5.86034e-02,0.052492039,"CDM_photodraw_e21550690726876", 0.669894495,0.01227050,5.86034e-02,-0.249420940, 0.311683683,0.37750,0.30900,0.22850,0.08050,0.00450,1
"180",179,8,"square",TRUE,-0.806542496,-0.69225998,-0.732808492,-0.6627040,-0.541349000,7.57760e-05,0.024101650,"CDM_photodraw_e21550694845595",-2.231610972,0.00916350,7.57760e-05,-0.383404550,-1.038307872,0.06500,0.16050,0.32750,0.35450,0.09250,4
"181",180,8,"square",TRUE,-0.079939370,-0.76881740,-0.034101251,-0.8149800,-0.505209000,1.94395e-02,0.020252148,"CDM_photodraw_e21550696453174",-0.882858018,0.02459250,1.94395e-02,-1.405573297,-0.410769817,0.01550,0.08050,0.21775,0.44150,0.24475,4
"182",181,8,"square",TRUE,-0.471068983,-0.56187774,-0.686422736,-0.8935320,-0.541118000,9.01603e-03,0.030657600,"CDM_photodraw_e21550698482522",-1.719369464,0.01018780,9.01603e-03,-1.932861901,-0.799975835,0.00125,0.00550,0.04600,0.26450,0.68275,5
"183",182,8,"shape",TRUE,-0.718153590, 0.10889233,-0.676414680,-0.6135660,-0.524124000,2.43131e-03,0.064385627,"CDM_photodraw_e21542229353364",-1.285675938,0.01040880,2.43131e-03,-0.053560530,-0.598190036,0.15925,0.23900,0.34025,0.22550,0.03600,3
"184",183,8,"shape",TRUE,-0.658265390,-0.79996942,-0.759400033,-0.6533360,-0.609252000,4.02731e-03,0.018685745,"CDM_photodraw_e21545166957201",-2.217634840,0.00857630,4.02731e-03,-0.320520859,-1.031805158,0.04700,0.13625,0.30100,0.37575,0.14000,4
"185",184,8,"shape",TRUE,-0.019750978, 0.32625982, 0.050342290,-0.2589840,-0.213690000,2.10435e-02,0.075315417,"CDM_photodraw_e21547232289747", 0.356851128,0.02645720,2.10435e-02, 2.326608629, 0.166033122,0.93625,0.05225,0.01100,0.00050,0.00000,1
"186",185,8,"shape",TRUE,-0.522332308, 0.94342668,-0.516774861,-0.6744370,-0.480789000,7.64988e-03,0.106348137,"CDM_photodraw_e21547238752953",-0.095680491,0.01393400,7.64988e-03,-0.462163552,-0.044517529,0.15725,0.24225,0.32925,0.23275,0.03850,3
"187",186,8,"shape",TRUE,-0.803002863,-0.63931689,-0.255093625,-0.6438530,-0.552097000,1.70106e-04,0.026763763,"CDM_photodraw_e21547674347301",-1.697413378,0.01971250,1.70106e-04,-0.256865219,-0.789760265,0.08150,0.17825,0.32900,0.33200,0.07925,4
"188",187,8,"shape",TRUE, 0.530942791, 1.62943690, 0.778263092,-0.4538590,-0.293030000,3.57193e-02,0.140842477,"CDM_photodraw_e21547677339884", 2.938642786,0.04253130,3.57193e-02, 1.018489591, 1.367270540,0.73825,0.17250,0.07400,0.01525,0.00000,1
"189",188,8,"shape",TRUE,-0.726779968,-0.69759917,-0.707675591,-0.7156950,-0.652328000,2.20142e-03,0.023833182,"CDM_photodraw_e21547845878342",-2.132054727,0.00971849,2.20142e-03,-0.739112239,-0.991987060,0.01425,0.06275,0.20450,0.44675,0.27175,4
"190",189,8,"shape",TRUE, 0.060846683,-0.66202744,-0.477077747,-0.5864400,-0.506308000,2.31914e-02,0.025621819,"CDM_photodraw_e21547849501667",-1.078258502,0.01481060,2.31914e-02, 0.128525613,-0.501684346,0.22975,0.28125,0.30700,0.16375,0.01825,3
"191",190,8,"shape",TRUE,-0.229862501, 2.89228813,-0.091423412,-0.4809150,-0.295304000,1.54441e-02,0.204341850,"CDM_photodraw_e21548096119835", 2.571002220,0.02332670,1.54441e-02, 0.836873330, 1.196217386,0.70700,0.19050,0.08350,0.01825,0.00075,1
"192",191,8,"shape",TRUE,-0.231205858, 0.88623122,-1.002307786,-0.6557770,-0.446473000,1.54083e-02,0.103472204,"CDM_photodraw_e21548100335223",-0.347282426,0.00321236,1.54083e-02,-0.336906330,-0.161581065,0.17350,0.24850,0.32700,0.21400,0.03700,3
"193",192,8,"shape",TRUE,-0.230035111, 0.54231228,-0.325860999,-0.5702760,-0.342845000,1.54395e-02,0.086179084,"CDM_photodraw_e21548104824451",-0.013583831,0.01814980,1.54395e-02, 0.237028171,-0.006320187,0.36525,0.29625,0.24050,0.09425,0.00375,1
"194",193,8,"shape",TRUE,-0.339150962,-0.95986963,-0.576415631,-0.6916610,-0.588379000,1.25316e-02,0.010645556,"CDM_photodraw_e21548105648196",-1.875436228,0.01261700,1.25316e-02,-0.577781473,-0.872589454,0.03575,0.10575,0.26475,0.41750,0.17625,4
"195",194,8,"shape",TRUE,-0.202282408, 0.18810236,-0.770470483,-0.6778810,-0.558129000,1.61791e-02,0.068368508,"CDM_photodraw_e21548449754672",-0.784650530,0.00833184,1.61791e-02,-0.485281766,-0.365076545,0.09950,0.19925,0.33125,0.30150,0.06850,3
"196",195,8,"shape",TRUE,-0.664513875,-0.79587705,-0.896905292,-0.6886910,-0.665666000,3.86079e-03,0.018891520,"CDM_photodraw_e21549650853022",-2.357296219,0.00553988,3.86079e-03,-0.557845034,-1.096785798,0.01950,0.08725,0.24125,0.42550,0.22650,4
"197",196,8,"shape",TRUE,-0.339665040, 0.26615543,-0.880864325,-0.6632350,-0.484108000,1.25179e-02,0.072293215,"CDM_photodraw_e21550687622483",-0.954373936,0.00589410,1.25179e-02,-0.386968943,-0.444044228,0.09925,0.20475,0.33350,0.30250,0.06000,3
"198",197,8,"shape",TRUE,-0.609947319,-0.32146631,-0.675033478,-0.6747670,-0.574992000,5.31497e-03,0.042746099,"CDM_photodraw_e21550689187843",-1.606447112,0.01043930,5.31497e-03,-0.464378712,-0.747436136,0.05400,0.14050,0.31100,0.37425,0.12025,4
"199",198,8,"shape",TRUE, 0.208270720,-0.67063608,-0.704002951,-0.6061200,-0.445930000,2.71202e-02,0.025188955,"CDM_photodraw_e21550690726876",-1.166368314,0.00979959,2.71202e-02,-0.003578468,-0.542679444,0.17700,0.25650,0.33875,0.20050,0.02725,3
"200",199,8,"shape",TRUE,-0.570770455,-0.74051066,-0.518622502,-0.6675690,-0.593789000,6.35902e-03,0.021675483,"CDM_photodraw_e21550694845595",-1.829903616,0.01389320,6.35902e-03,-0.416061376,-0.851404368,0.04125,0.13850,0.30425,0.39300,0.12300,4
"201",200,8,"shape",TRUE,-0.551650884,-0.46206336,-0.787512256,-0.6310680,-0.553800000,6.86855e-03,0.035676522,"CDM_photodraw_e21550696453174",-1.801226502,0.00795552,6.86855e-03,-0.171044555,-0.838061687,0.08750,0.20025,0.32575,0.31275,0.07375,3
"202",201,8,"shape",TRUE,-0.612229525,-0.58454710,-0.310445875,-0.5418880,-0.483156000,5.25415e-03,0.029517728,"CDM_photodraw_e21550698482522",-1.507222502,0.01849020,5.25415e-03, 0.427585622,-0.701269624,0.32275,0.29350,0.27175,0.10275,0.00925,1
