,dist_target,dist_conf,session_id,age,target_class_label,conf_class_label
0,70.024711608886719,71.092193603515625,run_v31527962399296,2.0,a bird,a dog
1,51.831928253173828,52.866794586181641,run_v31527962824837,2.0,a bird,a dog
2,55.235069274902344,55.719039916992188,run_v31527969599198,2.0,a bird,a dog
3,51.416522979736328,53.381565093994141,run_v31527972599108,2.0,a bird,a dog
4,43.722068786621094,43.744026184082031,run_v31528137599244,2.0,a bird,a dog
5,76.767623901367188,77.636772155761719,run_v31528238200865,2.0,a bird,a dog
6,63.213722229003906,63.1788330078125,run_v31528238432992,2.0,a bird,a dog
7,33.439136505126953,35.121189117431641,run_v31528239723616,2.0,a bird,a dog
8,38.826358795166016,40.724735260009766,run_v31528321199079,2.0,a bird,a dog
9,49.381961822509766,49.644668579101562,run_v31528323219648,2.0,a bird,a dog
10,40.392707824707031,42.234806060791016,run_v31528393568087,2.0,a bird,a dog
11,48.353317260742188,48.219081878662109,run_v31528396799267,2.0,a bird,a dog
12,52.261653900146484,52.230945587158203,run_v31528480199337,2.0,a bird,a dog
13,81.418258666992188,82.176101684570312,run_v31528495589660,2.0,a bird,a dog
14,35.772037506103516,37.548969268798828,run_v31528568999293,2.0,a bird,a dog
15,42.155475616455078,43.757755279541016,run_v31528756799095,2.0,a bird,a dog
16,45.051074981689453,46.333099365234375,run_v31529002799262,2.0,a bird,a dog
17,56.251186370849609,55.224025726318359,run_v31529105877611,2.0,a bird,a dog
18,71.111549377441406,71.772453308105469,run_v31529179199275,2.0,a bird,a dog
19,62.940704345703125,63.279533386230469,run_v31529182386333,2.0,a bird,a dog
20,49.268341064453125,49.670040130615234,run_v31529186399166,2.0,a bird,a dog
21,43.21722412109375,43.904750823974609,run_v31529432999222,2.0,a bird,a dog
22,53.520751953125,53.409065246582031,run_v31530313521817,2.0,a bird,a dog
23,64.895301818847656,66.05548095703125,run_v31530402216335,2.0,a bird,a dog
24,63.473239898681641,63.920547485351562,run_v31530473790141,2.0,a bird,a dog
25,61.339553833007812,61.839168548583984,run_v31530480824568,2.0,a bird,a dog
26,42.016853332519531,41.2691650390625,run_v31530488992022,2.0,a bird,a dog
27,45.2205810546875,45.485904693603516,run_v31530552560204,2.0,a bird,a dog
28,38.399967193603516,40.248794555664062,run_v31530639636671,2.0,a bird,a dog
29,48.844264984130859,49.561767578125,run_v31530646805310,2.0,a bird,a dog
30,58.276603698730469,59.223068237304688,run_v31530734076142,2.0,a bird,a dog
31,59.079803466796875,57.779964447021484,run_v31530737035545,2.0,a bird,a dog
32,37.112869262695312,37.092323303222656,run_v31530741937841,2.0,a bird,a dog
33,34.236820220947266,37.222728729248047,run_v31530817954419,2.0,a bird,a dog
34,44.304988861083984,44.268836975097656,run_v31531419269258,2.0,a bird,a dog
35,50.352497100830078,51.851444244384766,run_v31531421007338,2.0,a bird,a dog
36,32.504993438720703,32.825218200683594,run_v31531424117873,2.0,a bird,a dog
37,42.768001556396484,42.697994232177734,run_v31531428472392,2.0,a bird,a dog
38,42.374332427978516,44.584381103515625,run_v31531593381031,2.0,a bird,a dog
39,38.664577484130859,39.192115783691406,run_v31531597773825,2.0,a bird,a dog
40,29.000804901123047,29.661535263061523,run_v31531598283011,2.0,a bird,a dog
41,40.527095794677734,41.214588165283203,run_v31531604038450,2.0,a bird,a dog
42,30.90887451171875,31.625936508178711,run_v31531604412388,2.0,a bird,a dog
43,34.557819366455078,36.393539428710938,run_v31531609233310,2.0,a bird,a dog
44,44.683021545410156,45.994827270507812,run_v31531682143759,2.0,a bird,a dog
45,34.494705200195312,34.336200714111328,run_v31531777386499,2.0,a bird,a dog
46,68.255638122558594,68.738998413085938,run_v31531936445541,2.0,a bird,a dog
47,110.58434295654297,110.94002532958984,run_v31531942620332,2.0,a bird,a dog
48,59.646095275878906,60.438732147216797,run_v31531949116143,2.0,a bird,a dog
49,55.217449188232422,54.628948211669922,run_v31532125244036,2.0,a bird,a dog
0,36.245773315429688,36.913059234619141,run_v31527963107380,3.0,a bird,a dog
1,59.736255645751953,58.911399841308594,run_v31527971399240,3.0,a bird,a dog
2,79.393257141113281,81.184921264648438,run_v31527978734885,3.0,a bird,a dog
3,31.428581237792969,31.038049697875977,run_v31527979199137,3.0,a bird,a dog
4,43.363639831542969,44.428615570068359,run_v31528053791790,3.0,a bird,a dog
5,82.125350952148438,81.838478088378906,run_v31528060444990,3.0,a bird,a dog
6,64.192169189453125,65.255599975585938,run_v31528061999122,3.0,a bird,a dog
7,70.356849670410156,71.798828125,run_v31528063199159,3.0,a bird,a dog
8,98.148773193359375,99.284767150878906,run_v31528063799169,3.0,a bird,a dog
9,68.801528930664062,68.170028686523438,run_v31528140599196,3.0,a bird,a dog
10,72.961196899414062,74.126220703125,run_v31528222799238,3.0,a bird,a dog
11,101.05159759521484,101.36023712158203,run_v31528223120387,3.0,a bird,a dog
12,49.983531951904297,50.840797424316406,run_v31528225564149,3.0,a bird,a dog
13,40.777080535888672,39.293827056884766,run_v31528227893962,3.0,a bird,a dog
14,44.784496307373047,44.982620239257812,run_v31528320599211,3.0,a bird,a dog
15,34.089435577392578,34.250576019287109,run_v31528483829261,3.0,a bird,a dog
16,92.973274230957031,92.105674743652344,run_v31528484999280,3.0,a bird,a dog
17,63.566261291503906,64.716217041015625,run_v31528493399220,3.0,a bird,a dog
18,58.571388244628906,59.325286865234375,run_v31528501799028,3.0,a bird,a dog
19,66.761032104492188,65.110176086425781,run_v31528572105805,3.0,a bird,a dog
20,75.693489074707031,75.463737487792969,run_v31528579199179,3.0,a bird,a dog
21,58.209117889404297,59.210330963134766,run_v31528837199127,3.0,a bird,a dog
22,48.380130767822266,47.766368865966797,run_v31528916007888,3.0,a bird,a dog
23,39.656856536865234,38.867950439453125,run_v31528916399303,3.0,a bird,a dog
24,48.086906433105469,47.4747314453125,run_v31528917240117,3.0,a bird,a dog
25,46.031017303466797,46.551307678222656,run_v31528924199230,3.0,a bird,a dog
26,71.240676879882812,71.03253173828125,run_v31529015399141,3.0,a bird,a dog
27,44.181346893310547,45.773105621337891,run_v31529184066015,3.0,a bird,a dog
28,39.921867370605469,38.593013763427734,run_v31529344799299,3.0,a bird,a dog
29,46.179496765136719,47.592247009277344,run_v31529359199193,3.0,a bird,a dog
30,39.286060333251953,40.763721466064453,run_v31529362393876,3.0,a bird,a dog
31,55.557319641113281,54.488502502441406,run_v31529447016526,3.0,a bird,a dog
32,46.575950622558594,48.689491271972656,run_v31529519399222,3.0,a bird,a dog
33,39.092079162597656,39.781814575195312,run_v31529529599232,3.0,a bird,a dog
34,47.7073974609375,48.988323211669922,run_v31529620425204,3.0,a bird,a dog
35,83.76171875,83.708084106445312,run_v31529703215425,3.0,a bird,a dog
36,62.204586029052734,62.149250030517578,run_v31529706001344,3.0,a bird,a dog
37,40.995113372802734,41.983222961425781,run_v31530313164406,3.0,a bird,a dog
38,64.212966918945312,64.042556762695312,run_v31530382112100,3.0,a bird,a dog
39,38.954620361328125,39.002243041992188,run_v31530391557087,3.0,a bird,a dog
40,41.742874145507812,43.135387420654297,run_v31530475738016,3.0,a bird,a dog
41,73.368194580078125,73.308486938476562,run_v31530482623512,3.0,a bird,a dog
42,82.694320678710938,81.746734619140625,run_v31530483825626,3.0,a bird,a dog
43,32.809871673583984,31.868053436279297,run_v31530562128543,3.0,a bird,a dog
44,41.166030883789062,39.321895599365234,run_v31530562825622,3.0,a bird,a dog
45,70.150566101074219,71.220947265625,run_v31530566132538,3.0,a bird,a dog
46,118.35870361328125,117.95955657958984,run_v31530566593366,3.0,a bird,a dog
47,59.908840179443359,60.753684997558594,run_v31530566842084,3.0,a bird,a dog
48,37.802211761474609,37.790683746337891,run_v31530639954189,3.0,a bird,a dog
49,58.755214691162109,60.170433044433594,run_v31530650975302,3.0,a bird,a dog
50,44.075637817382812,45.314525604248047,run_v31530651257351,3.0,a bird,a dog
51,88.580055236816406,89.173965454101562,run_v31530653839681,3.0,a bird,a dog
52,51.0404052734375,50.383674621582031,run_v31530658170017,3.0,a bird,a dog
53,33.068393707275391,35.517093658447266,run_v31530728287403,3.0,a bird,a dog
54,31.578042984008789,31.389991760253906,run_v31530728861215,3.0,a bird,a dog
55,42.330463409423828,40.264617919921875,run_v31530814692096,3.0,a bird,a dog
56,46.687217712402344,48.531097412109375,run_v31530816835093,3.0,a bird,a dog
57,49.848350524902344,48.635959625244141,run_v31531337830904,3.0,a bird,a dog
58,36.767513275146484,39.351882934570312,run_v31531338718908,3.0,a bird,a dog
59,47.404560089111328,46.714199066162109,run_v31531353094485,3.0,a bird,a dog
60,29.6318359375,30.736881256103516,run_v31531423486313,3.0,a bird,a dog
61,56.753467559814453,56.371173858642578,run_v31531425616557,3.0,a bird,a dog
62,67.413986206054688,66.969482421875,run_v31531427310944,3.0,a bird,a dog
63,45.827735900878906,45.07379150390625,run_v31531507537372,3.0,a bird,a dog
64,45.440887451171875,45.980720520019531,run_v31531600141962,3.0,a bird,a dog
65,53.14593505859375,52.298969268798828,run_v31531600648143,3.0,a bird,a dog
66,35.134403228759766,33.779872894287109,run_v31531603065127,3.0,a bird,a dog
67,33.878185272216797,31.657196044921875,run_v31531608035207,3.0,a bird,a dog
68,31.380146026611328,32.761421203613281,run_v31531670399646,3.0,a bird,a dog
69,30.077032089233398,30.656660079956055,run_v31531688149251,3.0,a bird,a dog
70,45.948871612548828,44.931674957275391,run_v31531693813983,3.0,a bird,a dog
71,151.00094604492188,150.53367614746094,run_v31531694836156,3.0,a bird,a dog
72,102.16302490234375,103.44927978515625,run_v31531765610027,3.0,a bird,a dog
73,36.475475311279297,38.423065185546875,run_v31531774926854,3.0,a bird,a dog
74,46.152305603027344,48.180427551269531,run_v31531775181251,3.0,a bird,a dog
75,44.293087005615234,44.847370147705078,run_v31531852627290,3.0,a bird,a dog
76,48.349353790283203,49.386474609375,run_v31531861551790,3.0,a bird,a dog
77,34.828826904296875,35.361858367919922,run_v31531953808318,3.0,a bird,a dog
78,47.802253723144531,47.217720031738281,run_v31531954401835,3.0,a bird,a dog
79,36.576313018798828,36.741931915283203,run_v31532030296293,3.0,a bird,a dog
80,47.989841461181641,50.119762420654297,run_v31532110549222,3.0,a bird,a dog
81,62.669490814208984,64.267547607421875,run_v31532111802262,3.0,a bird,a dog
82,70.572128295898438,70.825149536132812,run_v31532198747077,3.0,a bird,a dog
0,51.920997619628906,53.019302368164062,run_v31527964199379,4.0,a bird,a dog
1,52.128482818603516,50.723373413085938,run_v31527969790348,4.0,a bird,a dog
2,83.707107543945312,82.886062622070312,run_v31527975212978,4.0,a bird,a dog
3,36.898128509521484,39.622451782226562,run_v31528135799225,4.0,a bird,a dog
4,75.514869689941406,77.573356628417969,run_v31528316999098,4.0,a bird,a dog
5,38.007076263427734,39.175735473632812,run_v31528499399037,4.0,a bird,a dog
6,90.180038452148438,89.996139526367188,run_v31528572599284,4.0,a bird,a dog
7,48.960811614990234,49.491188049316406,run_v31528580999095,4.0,a bird,a dog
8,48.102790832519531,45.840431213378906,run_v31528581653329,4.0,a bird,a dog
9,43.72607421875,42.506355285644531,run_v31528845599021,4.0,a bird,a dog
10,45.916889190673828,45.859138488769531,run_v31529092081104,4.0,a bird,a dog
11,36.740306854248047,35.7320556640625,run_v31529092199275,4.0,a bird,a dog
12,36.641017913818359,36.80279541015625,run_v31529092415344,4.0,a bird,a dog
13,71.495315551757812,73.515983581542969,run_v31529187760457,4.0,a bird,a dog
14,58.336822509765625,59.278141021728516,run_v31529263799251,4.0,a bird,a dog
15,45.441055297851562,45.541248321533203,run_v31529264399644,4.0,a bird,a dog
16,38.237369537353516,40.229324340820312,run_v31529346600368,4.0,a bird,a dog
17,34.100589752197266,35.896324157714844,run_v31529358345012,4.0,a bird,a dog
18,57.185382843017578,58.341716766357422,run_v31529518268893,4.0,a bird,a dog
19,44.860214233398438,41.827136993408203,run_v31529524199209,4.0,a bird,a dog
20,42.701099395751953,43.849063873291016,run_v31529525999267,4.0,a bird,a dog
21,35.8984375,35.320652008056641,run_v31530309361085,4.0,a bird,a dog
22,55.825366973876953,54.081424713134766,run_v31530310159455,4.0,a bird,a dog
23,83.85107421875,82.500762939453125,run_v31530311922480,4.0,a bird,a dog
24,35.645854949951172,35.844867706298828,run_v31530390885520,4.0,a bird,a dog
25,39.023799896240234,40.829856872558594,run_v31530401539082,4.0,a bird,a dog
26,45.162406921386719,46.831405639648438,run_v31530478539938,4.0,a bird,a dog
27,42.330287933349609,41.817646026611328,run_v31530480400108,4.0,a bird,a dog
28,38.97784423828125,40.001972198486328,run_v31530481705566,4.0,a bird,a dog
29,54.743045806884766,53.940025329589844,run_v31530482097386,4.0,a bird,a dog
30,45.604713439941406,46.772377014160156,run_v31530556401391,4.0,a bird,a dog
31,89.153053283691406,88.2059326171875,run_v31530564365772,4.0,a bird,a dog
32,40.684921264648438,41.75,run_v31530573397476,4.0,a bird,a dog
33,47.565357208251953,49.856651306152344,run_v31530659023821,4.0,a bird,a dog
34,38.226924896240234,41.004795074462891,run_v31530730132348,4.0,a bird,a dog
35,71.0247802734375,73.474082946777344,run_v31530730808241,4.0,a bird,a dog
36,120.55851745605469,121.79147338867188,run_v31530733127648,4.0,a bird,a dog
37,57.462005615234375,56.671028137207031,run_v31530735794677,4.0,a bird,a dog
38,39.545234680175781,42.278751373291016,run_v31530743856841,4.0,a bird,a dog
39,75.691856384277344,73.260643005371094,run_v31530744309602,4.0,a bird,a dog
40,45.128643035888672,47.316898345947266,run_v31530744749634,4.0,a bird,a dog
41,49.441989898681641,50.436233520507812,run_v31530816545217,4.0,a bird,a dog
42,40.166255950927734,40.464824676513672,run_v31531340517880,4.0,a bird,a dog
43,35.252601623535156,35.359260559082031,run_v31531340810170,4.0,a bird,a dog
44,40.156791687011719,39.5584716796875,run_v31531433524106,4.0,a bird,a dog
45,36.088371276855469,34.691753387451172,run_v31531505500838,4.0,a bird,a dog
46,61.736320495605469,63.768589019775391,run_v31531506812090,4.0,a bird,a dog
47,52.799144744873047,54.443496704101562,run_v31531510739922,4.0,a bird,a dog
48,47.228065490722656,50.355987548828125,run_v31531516618234,4.0,a bird,a dog
49,42.034893035888672,39.090225219726562,run_v31531608847580,4.0,a bird,a dog
50,52.187168121337891,54.434638977050781,run_v31531609488118,4.0,a bird,a dog
51,33.291534423828125,33.742599487304688,run_v31531688398628,4.0,a bird,a dog
52,42.534694671630859,43.975341796875,run_v31531689427953,4.0,a bird,a dog
53,38.7628173828125,38.418319702148438,run_v31531689892498,4.0,a bird,a dog
54,50.222206115722656,50.672061920166016,run_v31531692039108,4.0,a bird,a dog
55,45.111186981201172,47.874378204345703,run_v31531858496244,4.0,a bird,a dog
56,56.400966644287109,57.935920715332031,run_v31531941504435,4.0,a bird,a dog
57,41.158763885498047,40.975082397460938,run_v31532042260290,4.0,a bird,a dog
58,53.313243865966797,55.058040618896484,run_v31532111078231,4.0,a bird,a dog
59,40.691009521484375,44.163463592529297,run_v31532117279024,4.0,a bird,a dog
60,36.033401489257812,39.877578735351562,run_v31532119480468,4.0,a bird,a dog
61,65.038871765136719,66.361305236816406,run_v31532122767230,4.0,a bird,a dog
62,60.232872009277344,58.676223754882812,run_v31532196800622,4.0,a bird,a dog
0,37.980037689208984,38.993759155273438,run_v31527979799077,5.0,a bird,a dog
1,48.146270751953125,47.662433624267578,run_v31527980999104,5.0,a bird,a dog
2,61.163631439208984,60.913852691650391,run_v31527981599050,5.0,a bird,a dog
3,87.294151306152344,87.002029418945312,run_v31527982528073,5.0,a bird,a dog
4,43.359073638916016,44.535923004150391,run_v31528058761703,5.0,a bird,a dog
5,46.177207946777344,47.087375640869141,run_v31528061399199,5.0,a bird,a dog
6,43.900146484375,43.960460662841797,run_v31528066914558,5.0,a bird,a dog
7,43.275249481201172,44.838302612304688,run_v31528067999106,5.0,a bird,a dog
8,71.316230773925781,72.805931091308594,run_v31528136180481,5.0,a bird,a dog
9,79.261276245117188,78.571418762207031,run_v31528136399273,5.0,a bird,a dog
10,62.717094421386719,64.49725341796875,run_v31528136881460,5.0,a bird,a dog
11,50.138717651367188,51.743656158447266,run_v31528152599102,5.0,a bird,a dog
12,42.204505920410156,44.233966827392578,run_v31528224184593,5.0,a bird,a dog
13,47.365577697753906,48.813682556152344,run_v31528224599151,5.0,a bird,a dog
14,72.402336120605469,71.635627746582031,run_v31528232999187,5.0,a bird,a dog
15,38.994098663330078,40.461475372314453,run_v31528233345287,5.0,a bird,a dog
16,44.662967681884766,44.578575134277344,run_v31528319399073,5.0,a bird,a dog
17,43.970912933349609,44.557838439941406,run_v31528481399327,5.0,a bird,a dog
18,56.1741943359375,56.586166381835938,run_v31528487999206,5.0,a bird,a dog
19,29.69293212890625,32.130073547363281,run_v31528490999161,5.0,a bird,a dog
20,37.039939880371094,37.055271148681641,run_v31528498799235,5.0,a bird,a dog
21,36.438220977783203,38.904350280761719,run_v31528658035870,5.0,a bird,a dog
22,29.708450317382812,28.825389862060547,run_v31528659599227,5.0,a bird,a dog
23,56.581584930419922,57.128902435302734,run_v31528832999278,5.0,a bird,a dog
24,40.589786529541016,39.329048156738281,run_v31528834869549,5.0,a bird,a dog
25,36.078845977783203,36.569305419921875,run_v31528916699725,5.0,a bird,a dog
26,44.659263610839844,43.317523956298828,run_v31528919741705,5.0,a bird,a dog
27,63.410442352294922,63.334739685058594,run_v31528921558844,5.0,a bird,a dog
28,47.223228454589844,48.355213165283203,run_v31528922999212,5.0,a bird,a dog
29,53.982471466064453,54.595928192138672,run_v31528923599219,5.0,a bird,a dog
30,76.869682312011719,76.792198181152344,run_v31529005199214,5.0,a bird,a dog
31,46.017501831054688,47.696495056152344,run_v31529011799119,5.0,a bird,a dog
32,47.725143432617188,47.708209991455078,run_v31529011985004,5.0,a bird,a dog
33,32.946537017822266,33.5040283203125,run_v31529100447884,5.0,a bird,a dog
34,41.411678314208984,41.809646606445312,run_v31529173799299,5.0,a bird,a dog
35,45.341297149658203,45.404033660888672,run_v31529174036398,5.0,a bird,a dog
36,28.588642120361328,27.280040740966797,run_v31529181228558,5.0,a bird,a dog
37,43.426914215087891,44.320533752441406,run_v31529181599174,5.0,a bird,a dog
38,40.116291046142578,40.854705810546875,run_v31529183617044,5.0,a bird,a dog
39,77.746810913085938,78.446731567382812,run_v31529435452831,5.0,a bird,a dog
40,45.522396087646484,46.703605651855469,run_v31529435700868,5.0,a bird,a dog
41,45.233112335205078,46.620780944824219,run_v31529442453861,5.0,a bird,a dog
42,39.950782775878906,41.465938568115234,run_v31529442599223,5.0,a bird,a dog
43,41.226566314697266,42.8336181640625,run_v31529447399138,5.0,a bird,a dog
44,52.026683807373047,53.198143005371094,run_v31529527799264,5.0,a bird,a dog
45,50.199386596679688,51.837875366210938,run_v31530384361271,5.0,a bird,a dog
46,60.726940155029297,61.608558654785156,run_v31530389142347,5.0,a bird,a dog
47,37.781005859375,38.076011657714844,run_v31530485447745,5.0,a bird,a dog
48,62.001323699951172,62.872673034667969,run_v31530486011120,5.0,a bird,a dog
49,59.150901794433594,60.790435791015625,run_v31530644391081,5.0,a bird,a dog
50,46.242172241210938,46.246715545654297,run_v31530647850978,5.0,a bird,a dog
51,146.37742614746094,146.15199279785156,run_v31530655847551,5.0,a bird,a dog
52,48.269138336181641,48.118076324462891,run_v31530719999633,5.0,a bird,a dog
53,59.345958709716797,60.475227355957031,run_v31530732171052,5.0,a bird,a dog
54,41.548252105712891,40.036518096923828,run_v31530747522330,5.0,a bird,a dog
55,38.182460784912109,39.134796142578125,run_v31531341840525,5.0,a bird,a dog
56,37.084369659423828,36.245807647705078,run_v31531432311575,5.0,a bird,a dog
57,61.056888580322266,62.18292236328125,run_v31531510996461,5.0,a bird,a dog
58,42.368659973144531,41.964824676513672,run_v31531607084953,5.0,a bird,a dog
59,53.529178619384766,53.479415893554688,run_v31531608572760,5.0,a bird,a dog
60,39.976619720458984,39.792648315429688,run_v31531612336103,5.0,a bird,a dog
61,77.422370910644531,78.751243591308594,run_v31531769881846,5.0,a bird,a dog
62,50.616050720214844,49.258468627929688,run_v31531774669708,5.0,a bird,a dog
63,52.806930541992188,52.509967803955078,run_v31531943456950,5.0,a bird,a dog
64,34.387866973876953,35.373558044433594,run_v31531944151133,5.0,a bird,a dog
65,32.255626678466797,32.914806365966797,run_v31531947226771,5.0,a bird,a dog
66,57.848896026611328,57.163326263427734,run_v31531950791739,5.0,a bird,a dog
67,61.969993591308594,62.709743499755859,run_v31531951940895,5.0,a bird,a dog
68,32.792800903320312,34.478214263916016,run_v31531953239905,5.0,a bird,a dog
69,59.332958221435547,60.473297119140625,run_v31532030055524,5.0,a bird,a dog
70,49.424404144287109,50.072757720947266,run_v31532034461707,5.0,a bird,a dog
71,42.144359588623047,41.183296203613281,run_v31532110370251,5.0,a bird,a dog
72,59.061222076416016,60.819602966308594,run_v31532122045716,5.0,a bird,a dog
73,86.218879699707031,85.663375854492188,run_v31532125606511,5.0,a bird,a dog
74,43.546810150146484,43.361965179443359,run_v31532126921035,5.0,a bird,a dog
75,51.841869354248047,53.633731842041016,run_v31532128649317,5.0,a bird,a dog
76,59.415702819824219,58.646549224853516,run_v31532212066778,5.0,a bird,a dog
0,23.267084121704102,24.536832809448242,run_v31527974237867,6.0,a bird,a dog
1,50.486717224121094,48.432426452636719,run_v31527974399147,6.0,a bird,a dog
2,50.659664154052734,50.481124877929688,run_v31527977844711,6.0,a bird,a dog
3,47.992630004882812,47.191020965576172,run_v31528062667359,6.0,a bird,a dog
4,40.640312194824219,42.932590484619141,run_v31528064164353,6.0,a bird,a dog
5,42.535671234130859,44.718269348144531,run_v31528064399165,6.0,a bird,a dog
6,47.488426208496094,46.621082305908203,run_v31528229399210,6.0,a bird,a dog
7,31.550516128540039,34.627285003662109,run_v31528320073908,6.0,a bird,a dog
8,40.539363861083984,40.181034088134766,run_v31528399548613,6.0,a bird,a dog
9,42.495075225830078,43.488716125488281,run_v31528401599159,6.0,a bird,a dog
10,39.138294219970703,40.773296356201172,run_v31528408799127,6.0,a bird,a dog
11,43.171970367431641,43.131736755371094,run_v31528409084005,6.0,a bird,a dog
12,31.695886611938477,33.919071197509766,run_v31528487399213,6.0,a bird,a dog
13,39.106117248535156,38.623626708984375,run_v31528491599199,6.0,a bird,a dog
14,43.592777252197266,45.232009887695312,run_v31528501199314,6.0,a bird,a dog
15,31.212530136108398,35.218799591064453,run_v31528570881368,6.0,a bird,a dog
16,59.178497314453125,61.025909423828125,run_v31528583252900,6.0,a bird,a dog
17,51.579067230224609,54.089336395263672,run_v31528584599124,6.0,a bird,a dog
18,46.064289093017578,45.236923217773438,run_v31528584866783,6.0,a bird,a dog
19,37.392173767089844,37.397857666015625,run_v31528663382629,6.0,a bird,a dog
20,29.849164962768555,31.92033576965332,run_v31528665810605,6.0,a bird,a dog
21,45.920822143554688,48.836952209472656,run_v31528671848731,6.0,a bird,a dog
22,28.95393180847168,32.786201477050781,run_v31528746703642,6.0,a bird,a dog
23,34.525485992431641,36.582618713378906,run_v31528746954006,6.0,a bird,a dog
24,36.865425109863281,37.043289184570312,run_v31528747199190,6.0,a bird,a dog
25,44.981319427490234,48.640323638916016,run_v31528747490464,6.0,a bird,a dog
26,44.465244293212891,46.559627532958984,run_v31528747691879,6.0,a bird,a dog
27,46.177677154541016,44.592838287353516,run_v31528749624228,6.0,a bird,a dog
28,39.146522521972656,42.417343139648438,run_v31528828941425,6.0,a bird,a dog
29,49.119110107421875,47.613067626953125,run_v31528913040688,6.0,a bird,a dog
30,51.48785400390625,50.712970733642578,run_v31529007034638,6.0,a bird,a dog
31,65.565254211425781,67.493980407714844,run_v31529012399114,6.0,a bird,a dog
32,40.695796966552734,41.317981719970703,run_v31529358887044,6.0,a bird,a dog
33,70.622520446777344,71.290908813476562,run_v31529447595650,6.0,a bird,a dog
34,54.913959503173828,56.393989562988281,run_v31529529291121,6.0,a bird,a dog
35,56.20123291015625,58.230903625488281,run_v31530390310095,6.0,a bird,a dog
36,41.227432250976562,42.142379760742188,run_v31530559902290,6.0,a bird,a dog
37,41.544334411621094,43.658039093017578,run_v31530568471871,6.0,a bird,a dog
38,39.104976654052734,42.149784088134766,run_v31530654749203,6.0,a bird,a dog
39,69.142044067382812,68.853424072265625,run_v31530654982647,6.0,a bird,a dog
40,41.552989959716797,42.6619873046875,run_v31530660378005,6.0,a bird,a dog
41,30.40449333190918,33.701583862304688,run_v31530726673828,6.0,a bird,a dog
42,48.402385711669922,46.000358581542969,run_v31530747157999,6.0,a bird,a dog
43,29.216592788696289,28.328920364379883,run_v31530816296800,6.0,a bird,a dog
44,34.635501861572266,33.966831207275391,run_v31531341196691,6.0,a bird,a dog
45,40.029743194580078,39.545047760009766,run_v31531341474003,6.0,a bird,a dog
46,72.147270202636719,72.326881408691406,run_v31531345439383,6.0,a bird,a dog
47,33.210742950439453,32.948726654052734,run_v31531417799244,6.0,a bird,a dog
48,50.440891265869141,52.705490112304688,run_v31531421766660,6.0,a bird,a dog
49,46.688934326171875,46.645450592041016,run_v31531425410975,6.0,a bird,a dog
50,37.837310791015625,40.530158996582031,run_v31531433304716,6.0,a bird,a dog
51,31.378801345825195,33.670848846435547,run_v31531515586470,6.0,a bird,a dog
52,64.064910888671875,64.822685241699219,run_v31531594269284,6.0,a bird,a dog
53,24.217069625854492,28.829063415527344,run_v31531601459423,6.0,a bird,a dog
54,43.215633392333984,44.301734924316406,run_v31531606164975,6.0,a bird,a dog
55,50.133609771728516,51.203258514404297,run_v31531611923522,6.0,a bird,a dog
56,61.852146148681641,63.432785034179688,run_v31531685252808,6.0,a bird,a dog
57,45.103290557861328,43.429363250732422,run_v31531691181338,6.0,a bird,a dog
58,83.027191162109375,82.742439270019531,run_v31531697804442,6.0,a bird,a dog
59,52.833515167236328,52.635414123535156,run_v31531771739798,6.0,a bird,a dog
60,51.948818206787109,51.768218994140625,run_v31531776375845,6.0,a bird,a dog
61,41.426357269287109,44.170883178710938,run_v31531848222253,6.0,a bird,a dog
62,30.585464477539062,30.553600311279297,run_v31531853489687,6.0,a bird,a dog
63,49.821662902832031,50.525386810302734,run_v31531857501990,6.0,a bird,a dog
64,37.647289276123047,37.965129852294922,run_v31531955885476,6.0,a bird,a dog
65,54.712512969970703,57.112281799316406,run_v31532112624073,6.0,a bird,a dog
66,56.9498291015625,59.108860015869141,run_v31532112982900,6.0,a bird,a dog
67,41.470745086669922,42.049827575683594,run_v31532113255816,6.0,a bird,a dog
68,32.312191009521484,33.203151702880859,run_v31532117602626,6.0,a bird,a dog
69,47.027408599853516,46.827354431152344,run_v31532197883703,6.0,a bird,a dog
0,41.520267486572266,40.220436096191406,run_v31528057829952,7.0,a bird,a dog
1,42.722812652587891,43.034191131591797,run_v31528064999186,7.0,a bird,a dog
2,33.915302276611328,30.761161804199219,run_v31528065927196,7.0,a bird,a dog
3,48.942958831787109,52.879783630371094,run_v31528394999246,7.0,a bird,a dog
4,37.210590362548828,39.206161499023438,run_v31528395658642,7.0,a bird,a dog
5,41.948558807373047,40.995014190673828,run_v31528478999353,7.0,a bird,a dog
6,45.105739593505859,47.968719482421875,run_v31528580399104,7.0,a bird,a dog
7,39.271099090576172,38.075527191162109,run_v31528838399095,7.0,a bird,a dog
8,34.252346038818359,28.758743286132812,run_v31528913633652,7.0,a bird,a dog
9,45.462215423583984,49.783184051513672,run_v31528919459689,7.0,a bird,a dog
10,87.168113708496094,88.557388305664062,run_v31528999012122,7.0,a bird,a dog
11,36.773971557617188,37.203277587890625,run_v31529088599359,7.0,a bird,a dog
12,47.397270202636719,46.423473358154297,run_v31529187059841,7.0,a bird,a dog
13,91.591156005859375,92.694374084472656,run_v31529438726305,7.0,a bird,a dog
14,29.467166900634766,26.657764434814453,run_v31529522399308,7.0,a bird,a dog
15,60.439228057861328,62.564197540283203,run_v31529703938903,7.0,a bird,a dog
16,56.978515625,60.195331573486328,run_v31530394444658,7.0,a bird,a dog
17,28.321887969970703,33.077552795410156,run_v31530401280143,7.0,a bird,a dog
18,51.396781921386719,50.644802093505859,run_v31530486723560,7.0,a bird,a dog
19,46.906837463378906,51.295597076416016,run_v31530558706822,7.0,a bird,a dog
20,46.630947113037109,48.410072326660156,run_v31530644143472,7.0,a bird,a dog
21,44.873027801513672,46.710704803466797,run_v31530646004607,7.0,a bird,a dog
22,40.187564849853516,44.727054595947266,run_v31530729544848,7.0,a bird,a dog
23,36.911705017089844,40.011322021484375,run_v31530737301771,7.0,a bird,a dog
24,52.234416961669922,53.429164886474609,run_v31530817208588,7.0,a bird,a dog
25,44.738540649414062,41.200588226318359,run_v31530817481755,7.0,a bird,a dog
26,37.328594207763672,41.082248687744141,run_v31530818736526,7.0,a bird,a dog
27,52.020709991455078,51.478343963623047,run_v31531338246387,7.0,a bird,a dog
28,31.732877731323242,37.08843994140625,run_v31531344318041,7.0,a bird,a dog
29,68.01422119140625,68.346389770507812,run_v31531424995744,7.0,a bird,a dog
30,33.644054412841797,35.956409454345703,run_v31531506560996,7.0,a bird,a dog
31,48.456710815429688,49.198238372802734,run_v31531508609741,7.0,a bird,a dog
32,44.21923828125,43.722698211669922,run_v31531511825717,7.0,a bird,a dog
33,56.709743499755859,59.750850677490234,run_v31531593868919,7.0,a bird,a dog
34,33.995128631591797,32.745521545410156,run_v31531594033814,7.0,a bird,a dog
35,89.405715942382812,92.278099060058594,run_v31531594357519,7.0,a bird,a dog
36,52.987232208251953,54.297264099121094,run_v31531604896300,7.0,a bird,a dog
37,58.362255096435547,59.749309539794922,run_v31531606463069,7.0,a bird,a dog
38,54.694545745849609,57.889640808105469,run_v31531692832204,7.0,a bird,a dog
39,71.173263549804688,75.15228271484375,run_v31531693076482,7.0,a bird,a dog
40,49.291759490966797,49.578441619873047,run_v31531769584349,7.0,a bird,a dog
41,30.518548965454102,34.93035888671875,run_v31531952793335,7.0,a bird,a dog
42,35.859405517578125,40.273529052734375,run_v31531954185970,7.0,a bird,a dog
43,126.27960968017578,127.66403198242188,run_v31532034912264,7.0,a bird,a dog
44,37.165485382080078,35.124576568603516,run_v31532117429606,7.0,a bird,a dog
45,62.786533355712891,64.552734375,run_v31532123073667,7.0,a bird,a dog
46,38.344474792480469,38.220806121826172,run_v31532127192962,7.0,a bird,a dog
0,49.993907928466797,52.399402618408203,run_v31527960599358,8.0,a bird,a dog
1,42.979164123535156,44.425102233886719,run_v31528065606112,8.0,a bird,a dog
2,35.106330871582031,36.749282836914062,run_v31528065690229,8.0,a bird,a dog
3,87.545700073242188,86.507705688476562,run_v31528324269381,8.0,a bird,a dog
4,61.098487854003906,62.536762237548828,run_v31528395207991,8.0,a bird,a dog
5,38.387248992919922,38.402065277099609,run_v31528406399205,8.0,a bird,a dog
6,29.309991836547852,31.32328987121582,run_v31528413980859,8.0,a bird,a dog
7,32.399921417236328,31.158893585205078,run_v31528492236649,8.0,a bird,a dog
8,60.749786376953125,60.562332153320312,run_v31528492338463,8.0,a bird,a dog
9,92.767768859863281,92.910690307617188,run_v31528493095544,8.0,a bird,a dog
10,36.7906494140625,36.59735107421875,run_v31528743354449,8.0,a bird,a dog
11,41.717662811279297,44.661243438720703,run_v31528743599209,8.0,a bird,a dog
12,38.7899169921875,39.272098541259766,run_v31528743888718,8.0,a bird,a dog
13,36.983104705810547,38.562725067138672,run_v31529262599391,8.0,a bird,a dog
14,71.358428955078125,71.113273620605469,run_v31529269799195,8.0,a bird,a dog
15,66.168846130371094,67.011764526367188,run_v31529359799192,8.0,a bird,a dog
16,65.392616271972656,66.886611938476562,run_v31529360218856,8.0,a bird,a dog
17,44.881385803222656,46.675788879394531,run_v31529704867697,8.0,a bird,a dog
18,39.482662200927734,40.307662963867188,run_v31530484377182,8.0,a bird,a dog
19,44.523422241210938,46.961601257324219,run_v31530553622585,8.0,a bird,a dog
20,59.291709899902344,60.935287475585938,run_v31530563421820,8.0,a bird,a dog
21,64.966903686523438,66.508628845214844,run_v31530643497768,8.0,a bird,a dog
22,46.638538360595703,46.431900024414062,run_v31530643882583,8.0,a bird,a dog
23,64.548568725585938,65.299179077148438,run_v31530650564568,8.0,a bird,a dog
24,41.665401458740234,43.415279388427734,run_v31531425150399,8.0,a bird,a dog
25,34.577911376953125,33.904933929443359,run_v31531511496550,8.0,a bird,a dog
26,42.761741638183594,42.564304351806641,run_v31531594463960,8.0,a bird,a dog
27,46.440578460693359,48.383045196533203,run_v31531603597325,8.0,a bird,a dog
28,38.742641448974609,38.309040069580078,run_v31531605836468,8.0,a bird,a dog
29,33.662750244140625,31.738407135009766,run_v31531684414594,8.0,a bird,a dog
30,51.552413940429688,52.149288177490234,run_v31531686508439,8.0,a bird,a dog
31,40.43060302734375,40.808006286621094,run_v31531770788487,8.0,a bird,a dog
32,55.565521240234375,55.930587768554688,run_v31531776164644,8.0,a bird,a dog
33,44.143257141113281,43.825489044189453,run_v31531779637393,8.0,a bird,a dog
34,47.156063079833984,48.772960662841797,run_v31531853118396,8.0,a bird,a dog
35,45.764919281005859,44.402481079101562,run_v31532037422524,8.0,a bird,a dog
36,38.914772033691406,38.773067474365234,run_v31532111494633,8.0,a bird,a dog
0,58.055404663085938,57.940383911132812,run_v31528479780314,9.0,a bird,a dog
1,48.622055053710938,50.718837738037109,run_v31528742999187,9.0,a bird,a dog
2,40.442821502685547,45.755283355712891,run_v31528748999207,9.0,a bird,a dog
3,29.771495819091797,30.285459518432617,run_v31528835999112,9.0,a bird,a dog
4,35.525768280029297,38.321102142333984,run_v31528838999065,9.0,a bird,a dog
5,110.50775909423828,110.86304473876953,run_v31528839599186,9.0,a bird,a dog
6,40.981277465820312,38.81878662109375,run_v31529020199113,9.0,a bird,a dog
7,36.072013854980469,37.042442321777344,run_v31529097468828,9.0,a bird,a dog
8,75.829719543457031,77.579032897949219,run_v31529183399113,9.0,a bird,a dog
9,43.652126312255859,47.283237457275391,run_v31529360399092,9.0,a bird,a dog
10,57.291435241699219,61.128501892089844,run_v31529534999170,9.0,a bird,a dog
11,60.152805328369141,63.065265655517578,run_v31529690399781,9.0,a bird,a dog
12,42.835502624511719,46.496963500976562,run_v31530398861671,9.0,a bird,a dog
13,46.388423919677734,44.926559448242188,run_v31530648954650,9.0,a bird,a dog
14,41.293010711669922,41.063518524169922,run_v31530651505372,9.0,a bird,a dog
15,34.076045989990234,33.890678405761719,run_v31530651751438,9.0,a bird,a dog
16,35.853748321533203,37.912036895751953,run_v31530657125513,9.0,a bird,a dog
17,37.666641235351562,36.835826873779297,run_v31530742221909,9.0,a bird,a dog
18,31.340442657470703,34.587776184082031,run_v31530742633692,9.0,a bird,a dog
19,30.634714126586914,32.643028259277344,run_v31530822366007,9.0,a bird,a dog
20,36.618801116943359,41.508071899414062,run_v31531339927175,9.0,a bird,a dog
21,23.120981216430664,26.733665466308594,run_v31531419471892,9.0,a bird,a dog
22,47.477611541748047,48.441387176513672,run_v31531504712583,9.0,a bird,a dog
23,47.572425842285156,50.600078582763672,run_v31531507200921,9.0,a bird,a dog
24,26.677742004394531,30.796962738037109,run_v31531594552230,9.0,a bird,a dog
25,35.647472381591797,38.342239379882812,run_v31531594948181,9.0,a bird,a dog
26,24.713733673095703,29.123056411743164,run_v31531603807178,9.0,a bird,a dog
27,34.934902191162109,38.642269134521484,run_v31532124845598,9.0,a bird,a dog
28,60.185806274414062,63.491115570068359,run_v31532125005368,9.0,a bird,a dog
0,53.003055572509766,52.881950378417969,run_v31527970199200,10.0,a bird,a dog
1,39.340347290039062,37.613723754882812,run_v31527976577391,10.0,a bird,a dog
2,36.314369201660156,36.724910736083984,run_v31528056599279,10.0,a bird,a dog
3,54.351356506347656,55.177890777587891,run_v31528137160060,10.0,a bird,a dog
4,42.721355438232422,42.944957733154297,run_v31528228199254,10.0,a bird,a dog
5,38.868667602539062,41.044872283935547,run_v31528661023780,10.0,a bird,a dog
6,61.035251617431641,61.598506927490234,run_v31528749906104,10.0,a bird,a dog
7,57.293014526367188,59.724739074707031,run_v31528750199149,10.0,a bird,a dog
8,60.036270141601562,60.959781646728516,run_v31529009014785,10.0,a bird,a dog
9,57.462680816650391,56.217727661132812,run_v31529019290226,10.0,a bird,a dog
10,60.250526428222656,57.002799987792969,run_v31529090422243,10.0,a bird,a dog
11,41.359039306640625,42.229732513427734,run_v31529097018168,10.0,a bird,a dog
12,45.039726257324219,45.923465728759766,run_v31529097221520,10.0,a bird,a dog
13,29.446475982666016,32.178611755371094,run_v31529097599117,10.0,a bird,a dog
14,39.202899932861328,39.269001007080078,run_v31529101883430,10.0,a bird,a dog
15,34.182899475097656,34.343238830566406,run_v31529101969095,10.0,a bird,a dog
16,47.806495666503906,50.102241516113281,run_v31529354999119,10.0,a bird,a dog
17,186.00387573242188,186.28280639648438,run_v31529364077632,10.0,a bird,a dog
18,40.249874114990234,42.918949127197266,run_v31529446827103,10.0,a bird,a dog
19,54.608264923095703,55.726146697998047,run_v31529617799237,10.0,a bird,a dog
20,36.312740325927734,36.499122619628906,run_v31530383974873,10.0,a bird,a dog
21,60.180587768554688,62.246593475341797,run_v31530397094726,10.0,a bird,a dog
22,34.881580352783203,35.385818481445312,run_v31530397434537,10.0,a bird,a dog
23,69.2862548828125,67.464752197265625,run_v31530476039266,10.0,a bird,a dog
24,32.374111175537109,33.093040466308594,run_v31530484140727,10.0,a bird,a dog
25,47.131153106689453,47.242671966552734,run_v31530569808486,10.0,a bird,a dog
26,51.459846496582031,51.778331756591797,run_v31530652167310,10.0,a bird,a dog
27,40.197017669677734,39.308326721191406,run_v31530654260988,10.0,a bird,a dog
28,76.349365234375,74.406715393066406,run_v31530655612989,10.0,a bird,a dog
29,32.021701812744141,32.456645965576172,run_v31530742973468,10.0,a bird,a dog
30,59.869659423828125,60.999176025390625,run_v31531340128856,10.0,a bird,a dog
31,35.004871368408203,33.835643768310547,run_v31531421394850,10.0,a bird,a dog
32,45.524837493896484,47.407936096191406,run_v31531507880328,10.0,a bird,a dog
33,95.029762268066406,95.998817443847656,run_v31531508396519,10.0,a bird,a dog
34,25.595664978027344,26.824810028076172,run_v31531590758359,10.0,a bird,a dog
35,54.828804016113281,55.358993530273438,run_v31531592466997,10.0,a bird,a dog
36,76.419685363769531,77.137252807617188,run_v31531611702316,10.0,a bird,a dog
37,57.590225219726562,57.127151489257812,run_v31531684620879,10.0,a bird,a dog
38,31.735645294189453,30.004737854003906,run_v31531777603852,10.0,a bird,a dog
39,49.954105377197266,49.510990142822266,run_v31531851682569,10.0,a bird,a dog
40,56.020118713378906,54.464420318603516,run_v31531860088499,10.0,a bird,a dog
41,36.974296569824219,37.992130279541016,run_v31531929599672,10.0,a bird,a dog
42,39.263607025146484,39.041976928710938,run_v31531952560214,10.0,a bird,a dog
43,53.274192810058594,54.189296722412109,run_v31532028701741,10.0,a bird,a dog
44,41.753475189208984,43.720123291015625,run_v31532114267463,10.0,a bird,a dog
45,45.857547760009766,45.549076080322266,run_v31532114536745,10.0,a bird,a dog
46,50.656669616699219,50.099376678466797,run_v31532120837108,10.0,a bird,a dog
