"","X","index","age","target_label","session_id","correct_or_not","target_label_prob","bird_prob","dog_prob","fish_prob","rabbit_prob"
"1",0,0,4,"bird","run_v31528845599021",0,0.186165299864325,0.186165299864325,0.252713006019323,0.201925104308172,0.35919658980818
"2",0,1,4,"bird","run_v31531688398628",1,0.460251614685493,0.460251614685493,0.24330577036921,0.0911384462383793,0.205304168706918
"3",0,10,4,"bird","run_v31530556401391",1,0.317277642209271,0.317277642209271,0.211060915024511,0.185194493766675,0.286466948999543
"4",0,100,7,"bird","run_v31532123073667",0,0.261845379044058,0.261845379044058,0.148388959792182,0.378865909301666,0.210899751862095
"5",0,101,7,"bird","run_v31528394999246",0,0.254611190589298,0.254611190589298,0.179070199148059,0.347899896813161,0.218418713449482
"6",0,102,7,"bird","run_v31530817208588",0,0.253271986575104,0.253271986575104,0.160131701056756,0.450753896544604,0.135842415823537
"7",0,103,7,"bird","run_v31532127192962",0,0.346692872099257,0.346692872099257,0.361997033469968,0.14877325716967,0.142536837261104
"8",0,104,7,"bird","run_v31528919459689",0,0.316649607670162,0.316649607670162,0.0909147031820352,0.331346366310894,0.261089322836908
"9",0,105,7,"bird","run_v31528395658642",1,0.388717160658237,0.388717160658237,0.166472074541881,0.258843272042767,0.185967492757114
"10",0,106,7,"bird","run_v31530558706822",0,0.354674188543902,0.354674188543902,0.0985880340774795,0.399180463930114,0.147557313448505
"11",0,107,7,"bird","run_v31531511825717",0,0.278810928103329,0.278810928103329,0.325236150997737,0.131983011942905,0.26396990895603
"12",0,108,7,"bird","run_v31530401280143",1,0.371226248040044,0.371226248040044,0.238713223577836,0.312140446488816,0.077920081893304
"13",0,109,7,"bird","run_v31532117429606",0,0.327036147799298,0.327036147799298,0.254288090377791,0.0813782131610163,0.337297548661895
"14",0,11,4,"bird","run_v31528572599284",0,0.293798210129866,0.293798210129866,0.297830468962377,0.20338393972661,0.204987381181147
"15",0,110,7,"bird","run_v31530646004607",1,0.382612779725528,0.382612779725528,0.226153817607756,0.0810488381136225,0.310184564553094
"16",0,111,7,"bird","run_v31531594033814",1,0.287823104550605,0.287823104550605,0.273735333626144,0.208490895311118,0.229950666512133
"17",0,112,8,"bird","run_v31531853118396",0,0.318984527722316,0.318984527722316,0.335631736138641,0.0637242915217029,0.281659444617341
"18",0,113,8,"bird","run_v31530484377182",0,0.272226674150954,0.272226674150954,0.367695014952383,0.125927979705258,0.234150331191405
"19",0,114,8,"bird","run_v31528493095544",0,0.249428793504237,0.249428793504237,0.249799026133777,0.251759309396921,0.249012870965065
"20",0,115,8,"bird","run_v31531770788487",1,0.323512401179516,0.323512401179516,0.172330567687519,0.194894885488285,0.30926214564468
"21",0,116,8,"bird","run_v31530563421820",1,0.355980723711828,0.355980723711828,0.145026906028864,0.351664608054145,0.147327762205162
"22",0,117,8,"bird","run_v31531605836468",0,0.255895699497881,0.255895699497881,0.412321128790799,0.0692665921742699,0.262516579537051
"23",0,118,8,"bird","run_v31528743599209",1,0.426373990816492,0.426373990816492,0.345850787194909,0.0488685053090054,0.178906716679594
"24",0,119,8,"bird","run_v31528324269381",0,0.239737634211363,0.239737634211363,0.256268959001703,0.318736036001099,0.185257370785835
"25",0,12,4,"bird","run_v31530309361085",0,0.274752334775506,0.274752334775506,0.354671745591815,0.125093654439089,0.245482265193591
"26",0,120,8,"bird","run_v31529704867697",0,0.303845795974576,0.303845795974576,0.308937363167752,0.254838467081719,0.132378373775952
"27",0,121,8,"bird","run_v31530643497768",0,0.223300115979306,0.223300115979306,0.303568221696247,0.246566956076389,0.226564706248059
"28",0,122,8,"bird","run_v31531511496550",1,0.28790748662483,0.28790748662483,0.277009689820435,0.170989790219345,0.26409303333539
"29",0,123,8,"bird","run_v31531779637393",1,0.423333694510311,0.423333694510311,0.286100035324156,0.150139826372877,0.140426443792656
"30",0,124,8,"bird","run_v31532037422524",0,0.202524219170662,0.202524219170662,0.370934940721209,0.119416300268268,0.307124539839861
"31",0,125,8,"bird","run_v31528743888718",0,0.270632143242188,0.270632143242188,0.217639810575349,0.102279734939279,0.409448311243184
"32",0,126,8,"bird","run_v31532111494633",1,0.438457911827929,0.438457911827929,0.223544712769469,0.181701828654343,0.156295546748259
"33",0,127,8,"bird","run_v31528743354449",1,0.387359851092864,0.387359851092864,0.158253362928008,0.292928203298597,0.161458582680532
"34",0,128,8,"bird","run_v31531684414594",0,0.194334375661633,0.194334375661633,0.356005672822015,0.212573151944378,0.237086799571973
"35",0,129,8,"bird","run_v31530553622585",1,0.357621648010543,0.357621648010543,0.301871724763751,0.08481451846638,0.255692108759326
"36",0,13,4,"bird","run_v31532119480468",1,0.473407918680348,0.473407918680348,0.225315052194492,0.125305554758838,0.175971474366322
"37",0,130,8,"bird","run_v31529360218856",1,0.316380028719652,0.316380028719652,0.111035890216723,0.307491246068475,0.265092834995149
"38",0,131,8,"bird","run_v31531686508439",1,0.326367924871079,0.326367924871079,0.146250067951397,0.219081063346926,0.308300943830599
"39",0,132,8,"bird","run_v31528413980859",1,0.404850513735078,0.404850513735078,0.185217841914541,0.174581643172309,0.235350001178072
"40",0,133,8,"bird","run_v31530643882583",0,0.113505344839114,0.113505344839114,0.381926977379803,0.24934948225481,0.255218195526273
"41",0,134,8,"bird","run_v31528406399205",0,0.222635165215339,0.222635165215339,0.338584148970863,0.342604257813101,0.0961764280006965
"42",0,135,8,"bird","run_v31528492236649",1,0.36043764414387,0.36043764414387,0.337590886498029,0.141470554904747,0.160500914453353
"43",0,136,8,"bird","run_v31531425150399",1,0.333613934311449,0.333613934311449,0.266785873709924,0.285097799270845,0.114502392707782
"44",0,137,8,"bird","run_v31530650564568",0,0.235851809009221,0.235851809009221,0.105863584245038,0.321527986024064,0.336756620721677
"45",0,138,8,"bird","run_v31528065606112",0,0.251367838956385,0.251367838956385,0.291987974134235,0.25356710325581,0.20307708365357
"46",0,139,8,"bird","run_v31528492338463",0,0.281240674849972,0.281240674849972,0.174625247017488,0.0732008764526506,0.47093320167989
"47",0,14,4,"bird","run_v31532042260290",0,0.242338347263782,0.242338347263782,0.30188994434643,0.242528862294544,0.213242846095244
"48",0,140,4,"dog","run_v21525802763941",0,0.193406155359448,0.201676999088473,0.193406155359448,0.324326329016205,0.280590516535874
"49",0,141,4,"dog","run_v31532643410894",1,0.314639885912602,0.182788106650281,0.314639885912602,0.215279063158341,0.287292944278777
"50",0,142,4,"dog","run_v21525553516524",0,0.355212881432486,0.441092011858757,0.355212881432486,0.0808466808061956,0.122848425902561
"51",0,143,4,"dog","run_v31533242019710",0,0.205861056505885,0.245056698847678,0.205861056505885,0.420485047814774,0.128597196831664
"52",0,144,4,"dog","run_v31527887261747",0,0.316910037980259,0.131763077103262,0.316910037980259,0.157823878808506,0.393503006107973
"53",0,145,4,"dog","run_v31533153135562",1,0.308249758423278,0.256646003292938,0.308249758423278,0.258335905190203,0.176768333093581
"54",0,146,4,"dog","run_v31526673903441",1,0.384586117841643,0.194577968776273,0.384586117841643,0.116622280837784,0.3042136325443
"55",0,147,4,"dog","run_v31532714767665",0,0.256970756658244,0.260862624909125,0.256970756658244,0.246235341259819,0.235931277172812
"56",0,148,4,"dog","run_v31532815307456",0,0.301555888916973,0.198322479244574,0.301555888916973,0.16440356298052,0.335718068857933
"57",0,149,4,"dog","run_v31526675307830",0,0.107727472651288,0.255464069688851,0.107727472651288,0.258662127942274,0.378146329717587
"58",0,15,4,"bird","run_v31529358345012",1,0.323483764240268,0.323483764240268,0.215310102557663,0.203076666385676,0.258129466816393
"59",0,150,4,"dog","run_v31526250064091",1,0.397691814066584,0.347833496038404,0.397691814066584,0.0520401807384912,0.202434509156521
"60",0,151,4,"dog","run_v21525647207993",0,0.270486238345446,0.199992089287166,0.270486238345446,0.138666297617402,0.390855374749987
"61",0,152,4,"dog","run_v31526417227846",0,0.29576896608193,0.352741149688087,0.29576896608193,0.157157163413461,0.194332720816522
"62",0,153,4,"dog","run_v21525203747073",1,0.462925532121852,0.243690079536014,0.462925532121852,0.226481700113529,0.0669026882286048
"63",0,154,4,"dog","run_v31533244430816",0,0.262467363428033,0.257028910840134,0.262467363428033,0.207014886174524,0.273488839557309
"64",0,155,4,"dog","run_v21525214198507",1,0.355289872055665,0.214167247552148,0.355289872055665,0.101153460558735,0.329389419833452
"65",0,156,4,"dog","run_v31533067619622",1,0.4078056356687,0.20593115761444,0.4078056356687,0.115293172944112,0.270970033772748
"66",0,157,4,"dog","run_v31525899254114",1,0.378239302874821,0.203222052006581,0.378239302874821,0.0628801638459575,0.35565848127264
"67",0,158,4,"dog","run_v31526239192649",0,0.291069543947695,0.196448379290504,0.291069543947695,0.20286159496662,0.309620481795182
"68",0,159,4,"dog","run_v31526167651102",0,0.19246112527883,0.473677195102838,0.19246112527883,0.197950422948641,0.135911256669691
"69",0,16,4,"bird","run_v31529187760457",1,0.374186518892143,0.374186518892143,0.273783527080479,0.254795531518035,0.0972344225093428
"70",0,160,4,"dog","run_v21525453199663",1,0.420556141979017,0.100364398489505,0.420556141979017,0.0829070084018847,0.396172451129593
"71",0,161,4,"dog","run_v21525204751261",1,0.366076814881054,0.250249088833565,0.366076814881054,0.144646676994265,0.239027419291116
"72",0,162,4,"dog","run_v31526065527149",0,0.220351348172917,0.192626389148594,0.220351348172917,0.254998700825341,0.332023561853148
"73",0,163,4,"dog","run_v31526592878172",0,0.316263017435068,0.307622073613526,0.316263017435068,0.320181122932925,0.0559337860184812
"74",0,164,4,"dog","run_v31527009966236",0,0.184399618533253,0.280285991402262,0.184399618533253,0.210351330241132,0.324963059823353
"75",0,165,4,"dog","run_v31526763408835",1,0.365645188136269,0.206812719269268,0.365645188136269,0.234394600324062,0.1931474922704
"76",0,166,4,"dog","run_v31532639699688",1,0.367190018152284,0.361886344664602,0.367190018152284,0.1161444641714,0.154779173011714
"77",0,167,4,"dog","run_v21525292369468",0,0.260148164950553,0.304691664104487,0.260148164950553,0.133768712151429,0.30139145879353
"78",0,168,5,"dog","run_v31532551104792",0,0.261715451775341,0.347144714204802,0.261715451775341,0.0955036137404506,0.295636220279406
"79",0,169,5,"dog","run_v31532549292414",0,0.299317338793699,0.285167333604523,0.299317338793699,0.341168701771502,0.074346625830276
"80",0,17,4,"bird","run_v31529092199275",1,0.40412822853671,0.40412822853671,0.349579178183705,0.191447390943065,0.0548452023365206
"81",0,170,5,"dog","run_v31532810188859",1,0.320540002780745,0.189624847904593,0.320540002780745,0.190454292259717,0.299380857054945
"82",0,171,5,"dog","run_v31526499554039",0,0.330924371941984,0.277670246007588,0.330924371941984,0.0432014641318258,0.348203917918602
"83",0,172,5,"dog","run_v21524853538862",1,0.280792606384029,0.238931728237082,0.280792606384029,0.255082891784165,0.225192773594724
"84",0,173,5,"dog","run_v31526072947360",1,0.420678185098135,0.258198291584434,0.420678185098135,0.157361571073278,0.163761952244153
"85",0,174,5,"dog","run_v31526254628791",0,0.284324166383758,0.315237760811928,0.284324166383758,0.227848303094608,0.172589769709706
"86",0,175,5,"dog","run_v31532541152652",0,0.345623730744757,0.347486611573055,0.345623730744757,0.214081429757339,0.0928082279248483
"87",0,176,5,"dog","run_v31532553043342",1,0.388233580716557,0.343061784464491,0.388233580716557,0.0969852100602038,0.171719424758748
"88",0,177,5,"dog","run_v31526492191665",1,0.311174266743147,0.308548457961625,0.311174266743147,0.283215028336254,0.0970622469589742
"89",0,178,5,"dog","run_v31526157427450",0,0.256268613461029,0.326730933752906,0.256268613461029,0.170014561810928,0.246985890975137
"90",0,179,5,"dog","run_v31532639150758",0,0.234782232379935,0.157940627144133,0.234782232379935,0.162618204899859,0.444658935576073
"91",0,18,4,"bird","run_v31530744749634",1,0.426286334532447,0.426286334532447,0.340874213660671,0.0852128107284505,0.147626641078432
"92",0,180,5,"dog","run_v31525976865876",0,0.241025386148385,0.28528547376554,0.241025386148385,0.193033883710472,0.280655256375603
"93",0,181,5,"dog","run_test1524769263535",0,0.302025667501398,0.45023421028382,0.302025667501398,0.119745815303036,0.127994306911746
"94",0,182,5,"dog","run_v31532722941273",0,0.250712080669006,0.249100940542155,0.250712080669006,0.250827291292754,0.249359687496084
"95",0,183,5,"dog","run_v31526681463221",0,0.301575710567536,0.348108530590528,0.301575710567536,0.165424099726489,0.184891659115447
"96",0,184,5,"dog","run_v31532810666315",0,0.340230710348855,0.136098823017878,0.340230710348855,0.383699088202011,0.139971378431257
"97",0,185,5,"dog","run_v31533154863881",1,0.341268546620827,0.259637539665299,0.341268546620827,0.169486143658372,0.229607770055501
"98",0,186,5,"dog","run_v31532560470628",1,0.387403878920422,0.324560878072306,0.387403878920422,0.0642061563001714,0.2238290867071
"99",0,187,5,"dog","run_v31532637678672",1,0.353742362677471,0.298033321653539,0.353742362677471,0.233113498536265,0.115110817132725
"100",0,188,5,"dog","run_v31526254866517",0,0.257624717596965,0.315121812712627,0.257624717596965,0.20624912783131,0.221004341859098
"101",0,189,5,"dog","run_v31532550368336",0,0.296405926538904,0.232828822664044,0.296405926538904,0.166711930036349,0.304053320760703
"102",0,19,4,"bird","run_v31531433524106",0,0.190276755790864,0.190276755790864,0.176258534044445,0.458476524580662,0.174988185584029
"103",0,190,5,"dog","run_v31526766142852",1,0.368231577973815,0.144753196427091,0.368231577973815,0.146107407755245,0.340907817843849
"104",0,191,5,"dog","run_v31526594287690",0,0.310520168641227,0.41200807219377,0.310520168641227,0.0717064931914123,0.20576526597359
"105",0,192,5,"dog","run_v31533152649611",0,0.17508937300949,0.38348636800481,0.17508937300949,0.381682838575945,0.0597414204097554
"106",0,193,5,"dog","run_v21525560854927",0,0.175444772904512,0.276474404768877,0.175444772904512,0.185368246249557,0.362712576077054
"107",0,194,5,"dog","run_v21525557787282",1,0.324563312625105,0.190199376805141,0.324563312625105,0.167297744437655,0.317939566132099
"108",0,195,5,"dog","run_v31532810509398",0,0.163331231435377,0.247991674643953,0.163331231435377,0.326335402556939,0.262341691363731
"109",0,196,6,"dog","run_v31532469506975",1,0.392458331469288,0.271515055168217,0.392458331469288,0.0932952645335459,0.242731348828948
"110",0,197,6,"dog","run_v31526168752022",0,0.297510177425003,0.337669378413927,0.297510177425003,0.0662333843949983,0.298587059766072
"111",0,198,6,"dog","run_v31526669362249",0,0.33176366578005,0.379209623045301,0.33176366578005,0.0674012695596245,0.221625441615025
"112",0,199,6,"dog","run_v21525548553791",0,0.355847640670971,0.356280302758345,0.355847640670971,0.116465985191196,0.171406071379488
"113",0,2,4,"bird","run_v31530480400108",0,0.212825103510179,0.212825103510179,0.190885153138351,0.274604742319133,0.321685001032336
"114",0,20,4,"bird","run_v31529518268893",0,0.182716108182403,0.182716108182403,0.286336745372396,0.39198625372928,0.138960892715921
"115",0,200,6,"dog","run_v31526665223948",0,0.258321488802183,0.337690511939813,0.258321488802183,0.105415307641664,0.29857269161634
"116",0,201,6,"dog","run_v31525887854758",0,0.185772269867869,0.165581118576454,0.185772269867869,0.325886601306396,0.322760010249281
"117",0,202,6,"dog","run_v31533065061260",1,0.369201776771664,0.130775069081163,0.369201776771664,0.188514207054563,0.31150894709261
"118",0,203,6,"dog","run_v31533063763887",0,0.243348562579032,0.281882744844961,0.243348562579032,0.128326747900781,0.346441944675226
"119",0,204,6,"dog","run_v31526251955281",0,0.320476087759775,0.350643763937107,0.320476087759775,0.270010991998457,0.0588691563046615
"120",0,205,6,"dog","run_v31532992214354",0,0.100986911224775,0.304937768204671,0.100986911224775,0.277957558093956,0.316117762476598
"121",0,206,6,"dog","run_v31526666150080",0,0.248408536070302,0.249595800869701,0.248408536070302,0.159416826084344,0.342578836975652
"122",0,207,6,"dog","run_v31532992438456",0,0.284868192880097,0.217522755426914,0.284868192880097,0.19104959692881,0.306559454764179
"123",0,208,6,"dog","run_v31526240601849",0,0.299916216423005,0.224182789397179,0.299916216423005,0.0539804329728872,0.421920561206929
"124",0,209,6,"dog","run_v31532557871071",0,0.366781873697808,0.375151398577077,0.366781873697808,0.162020376381479,0.0960463513436372
"125",0,21,4,"bird","run_v31529264399644",1,0.393582950645382,0.393582950645382,0.374132574792486,0.123900249673214,0.108384224888918
"126",0,210,6,"dog","run_v31532989462454",1,0.3720846988662,0.164565631798516,0.3720846988662,0.178537134677358,0.284812534657926
"127",0,211,6,"dog","run_v21525461716081",1,0.439249978152721,0.169514267341561,0.439249978152721,0.106628794512975,0.284606959992742
"128",0,212,6,"dog","run_v31526063462438",1,0.339925044420078,0.179992227241123,0.339925044420078,0.252381753975339,0.227700974363459
"129",0,213,6,"dog","run_v31526665751276",1,0.338208764296236,0.226823261706079,0.338208764296236,0.187606066686968,0.247361907310717
"130",0,214,6,"dog","run_v31525893423612",1,0.337590648871633,0.299162358460507,0.337590648871633,0.266767804812254,0.0964791878556059
"131",0,215,6,"dog","run_v31526581096926",1,0.439896132778719,0.226144694388676,0.439896132778719,0.0949409939018639,0.23901817893074
"132",0,216,6,"dog","run_v31525891444648",1,0.262167317599966,0.257813657688398,0.262167317599966,0.251869378231619,0.228149646480018
"133",0,217,6,"dog","run_v21525560249104",0,0.222144672931808,0.154457584625345,0.222144672931808,0.160911179445712,0.462486562997135
"134",0,218,6,"dog","run_v21524853769415",0,0.106194838882574,0.264998750149096,0.106194838882574,0.290489283058016,0.338317127910314
"135",0,219,6,"dog","run_v31525974358965",0,0.150595875276352,0.329591200678772,0.150595875276352,0.0839192256599707,0.435893698384905
"136",0,22,4,"bird","run_v31531689427953",1,0.396352528988025,0.396352528988025,0.262492434692429,0.176161287942857,0.164993748376688
"137",0,220,6,"dog","run_v21525455237137",1,0.319143278187684,0.160373666170654,0.319143278187684,0.272844274318914,0.247638781322748
"138",0,221,6,"dog","run_v31532546378789",1,0.35029191622852,0.262184579956444,0.35029191622852,0.131745286514437,0.255778217300599
"139",0,222,6,"dog","run_v31532810871513",1,0.376694705020067,0.202070864477235,0.376694705020067,0.0826669768693841,0.338567453633313
"140",0,223,6,"dog","run_v31532982235550",1,0.379610403868286,0.338608321293473,0.379610403868286,0.232151731489267,0.0496295433489738
"141",0,224,7,"dog","run_v31532457811213",1,0.294474608369944,0.258291081735317,0.294474608369944,0.192417355811879,0.25481695408286
"142",0,225,7,"dog","run_v31527789844695",0,0.287412335325164,0.296899037971334,0.287412335325164,0.146331860525678,0.269356766177824
"143",0,226,7,"dog","run_v21524858550029",1,0.329288012033855,0.284957081096375,0.329288012033855,0.174099709395236,0.211655197474533
"144",0,227,7,"dog","run_v31526252692974",1,0.476203810971418,0.19404832622226,0.476203810971418,0.184129654800128,0.145618208006193
"145",0,228,7,"dog","run_v31526598717979",1,0.391897538231107,0.138857865480491,0.391897538231107,0.189294716607935,0.279949879680467
"146",0,229,7,"dog","run_v21525457904470",0,0.29953911394496,0.0859974634994164,0.29953911394496,0.195366404191506,0.419097018364118
"147",0,23,4,"bird","run_v31529092081104",1,0.393207168515815,0.393207168515815,0.252427157753175,0.163695135310003,0.190670538421007
"148",0,230,7,"dog","run_v31526060708396",1,0.365727752586295,0.191349146222919,0.365727752586295,0.21203298700017,0.230890114190616
"149",0,231,7,"dog","run_v31526244386384",0,0.290955426751392,0.293128290012309,0.290955426751392,0.124600611821578,0.29131567141472
"150",0,232,7,"dog","run_v21525555736798",1,0.475357738380724,0.157149679042239,0.475357738380724,0.074716829613,0.292775752964037
"151",0,233,7,"dog","run_v31532730363351",0,0.25798525915104,0.299515845109723,0.25798525915104,0.252986983833653,0.189511911905584
"152",0,234,7,"dog","run_v21525374885643",0,0.293378785238012,0.341046445345735,0.293378785238012,0.204010986287948,0.161563783128305
"153",0,235,7,"dog","run_v31527793036538",0,0.28101554000113,0.187782289967197,0.28101554000113,0.411154474134467,0.120047695897206
"154",0,236,7,"dog","run_v31533077875433",0,0.200488610789573,0.302987913415415,0.200488610789573,0.253704661780127,0.242818814014885
"155",0,237,7,"dog","run_v31532641054603",0,0.303427068684235,0.328129597464954,0.303427068684235,0.109587768070765,0.258855565780045
"156",0,238,7,"dog","run_v31527872999599",1,0.338481157469768,0.180502470173828,0.338481157469768,0.235727155081495,0.245289217274908
"157",0,239,7,"dog","run_v31532813483298",0,0.210207550497674,0.523520470334129,0.210207550497674,0.121187917838474,0.145084061329723
"158",0,24,4,"bird","run_v31527964199379",0,0.2143073947494,0.2143073947494,0.19597942602202,0.30434103794993,0.28537214127865
"159",0,240,7,"dog","run_v31533165861944",1,0.408243606658909,0.30509243882776,0.408243606658909,0.10541734693841,0.18124660757492
"160",0,241,7,"dog","run_v21525642760576",1,0.424223912055836,0.171888274694219,0.424223912055836,0.235030007847889,0.168857805402056
"161",0,242,7,"dog","run_v31532638669417",1,0.405542840471066,0.180180018019081,0.405542840471066,0.332935436821888,0.0813417046879646
"162",0,243,7,"dog","run_v21524858351543",1,0.334167479434862,0.230077418561969,0.334167479434862,0.268342569173061,0.167412532830108
"163",0,244,7,"dog","run_v31526064139398",0,0.349024899417945,0.114006153550012,0.349024899417945,0.187231404782528,0.349737542249516
"164",0,245,7,"dog","run_v21525458988973",1,0.455802444800397,0.220013389448717,0.455802444800397,0.161108110540699,0.163076055210187
"165",0,246,7,"dog","run_v31532726852504",0,0.282022137201425,0.329138770270586,0.282022137201425,0.138929532927291,0.249909559600697
"166",0,247,7,"dog","run_v31533239668735",1,0.355405252078419,0.332222004118375,0.355405252078419,0.269011301020064,0.0433614427831423
"167",0,248,7,"dog","run_v21525459333293",1,0.364243970267205,0.187427218213794,0.364243970267205,0.28921567861451,0.159113132904492
"168",0,249,7,"dog","run_v31526064586872",1,0.332876850192547,0.213302662376622,0.332876850192547,0.172973457898478,0.280847029532353
"169",0,25,4,"bird","run_v31531506812090",0,0.233796248519532,0.233796248519532,0.21995089490191,0.39148316854562,0.154769688032938
"170",0,250,7,"dog","run_v31526061922561",1,0.323948334569399,0.283390188563235,0.323948334569399,0.16912202286027,0.223539454007095
"171",0,251,7,"dog","run_v21525378010692",1,0.356912632441539,0.237375161263951,0.356912632441539,0.159428959957058,0.246283246337452
"172",0,252,8,"dog","run_v31532641491167",0,0.262581337243347,0.298221122517867,0.262581337243347,0.3356705051284,0.103527035110387
"173",0,253,8,"dog","run_v31533070361004",0,0.279558040205069,0.15138532008674,0.279558040205069,0.121665409699758,0.447391230008433
"174",0,254,8,"dog","run_v31532980106776",0,0.0686339635453356,0.336514303955722,0.0686339635453356,0.335991200034796,0.258860532464147
"175",0,255,8,"dog","run_v31533076608623",0,0.273396496629548,0.363608055455149,0.273396496629548,0.175103794268976,0.187891653646328
"176",0,256,8,"dog","run_v31526152868212",1,0.383753799517768,0.234515044229487,0.383753799517768,0.161363329556757,0.220367826695988
"177",0,257,8,"dog","run_v21525635720563",0,0.271271490338867,0.278960053899904,0.271271490338867,0.122125002504052,0.327643453257176
"178",0,258,8,"dog","run_v21524850675318",0,0.346203293386787,0.204766118260502,0.346203293386787,0.0974726927471305,0.351557895605581
"179",0,259,8,"dog","run_v31533166611248",0,0.273248409209631,0.386480642041567,0.273248409209631,0.121704219484268,0.218566729264535
"180",0,26,4,"bird","run_v31530481705566",1,0.427356466138332,0.427356466138332,0.226879350983799,0.101452185958663,0.244311996919206
"181",0,260,8,"dog","run_v31532631161644",0,0.343318634499971,0.371691952169048,0.343318634499971,0.142727830359359,0.142261582971623
"182",0,261,8,"dog","run_v31526164238357",1,0.484040039303404,0.165379280615231,0.484040039303404,0.155371361225268,0.195209318856098
"183",0,262,8,"dog","run_v31532469229565",1,0.405525765652726,0.130938975060485,0.405525765652726,0.230110493206011,0.233424766080778
"184",0,263,8,"dog","run_v21525373474637",1,0.48371592426699,0.295525839646111,0.48371592426699,0.101184529823799,0.119573706263099
"185",0,264,8,"dog","run_v31533080542007",1,0.362963587384803,0.283565683115969,0.362963587384803,0.131543673099328,0.2219270563999
"186",0,265,8,"dog","run_v21524852136263",1,0.374773773478767,0.148677386181034,0.374773773478767,0.167592735625709,0.30895610471449
"187",0,266,8,"dog","run_v21525646041749",1,0.390893510002371,0.291603971053655,0.390893510002371,0.142485312276092,0.175017206667882
"188",0,267,8,"dog","run_v31533241608392",1,0.373148088768547,0.164798559553793,0.373148088768547,0.287472000770941,0.174581350906719
"189",0,268,8,"dog","run_v31532644417379",0,0.106354237966305,0.0983635217573983,0.106354237966305,0.384727447384265,0.410554792892031
"190",0,269,8,"dog","run_v31526163910656",0,0.154510160620796,0.236078336764199,0.154510160620796,0.374136442517844,0.235275060097161
"191",0,27,4,"bird","run_v31530390885520",1,0.365133565520416,0.365133565520416,0.194389924403572,0.221130147732954,0.219346362343059
"192",0,270,8,"dog","run_v31532545415363",0,0.250331336666978,0.403069164577305,0.250331336666978,0.0775894069108832,0.269010091844834
"193",0,271,8,"dog","run_v31526413939938",0,0.253950651894921,0.275439502485146,0.253950651894921,0.200016388277194,0.270593457342739
"194",0,272,8,"dog","run_v31533241811959",1,0.460691492448458,0.143830811802493,0.460691492448458,0.296426768229622,0.0990509275194267
"195",0,273,8,"dog","run_v31533234855582",1,0.391115525686525,0.35420874420399,0.391115525686525,0.0806578893057745,0.174017840803711
"196",0,274,8,"dog","run_v31532475011111",1,0.369902017349437,0.131028321450122,0.369902017349437,0.239943084106178,0.259126577094263
"197",0,275,8,"dog","run_v31532811548992",0,0.323986342715207,0.105098664752358,0.323986342715207,0.142643556887362,0.428271435645074
"198",0,276,8,"dog","run_v31532555117955",0,0.27366466192038,0.4561866354094,0.27366466192038,0.192636681132209,0.0775120215380105
"199",0,277,8,"dog","run_v21525556038612",0,0.251901426037355,0.254205177225913,0.251901426037355,0.304534285052887,0.189359111683845
"200",0,278,8,"dog","run_v31533150870177",0,0.232292556716571,0.316199712388688,0.232292556716571,0.218331349027944,0.233176381866797
"201",0,279,8,"dog","run_v31526249878999",0,0.287088191454569,0.391711313293412,0.287088191454569,0.23717557125662,0.0840249239953993
"202",0,28,5,"bird","run_v31529174036398",0,0.302754850082391,0.302754850082391,0.227670352723607,0.350133205853615,0.119441591340387
"203",0,280,4,"fish","run_v31526167651102",0,0.213304111635853,0.258959610574021,0.390970743917116,0.213304111635853,0.136765533873011
"204",0,281,4,"fish","run_v21525633145983",0,0.203801295951739,0.172714664536133,0.353526673586703,0.203801295951739,0.269957365925424
"205",0,282,4,"fish","run_v21525648772194",1,0.453347873482153,0.148882400863552,0.299124071990454,0.453347873482153,0.098645653663841
"206",0,283,4,"fish","run_v21525203747073",0,0.193636897241635,0.245671240007328,0.161915570617793,0.193636897241635,0.398776292133245
"207",0,284,4,"fish","run_v31532559711223",1,0.289004033744721,0.232052489592095,0.226073293625012,0.289004033744721,0.252870183038171
"208",0,285,4,"fish","run_v31526675307830",1,0.451581195249842,0.274199345699571,0.151178701679542,0.451581195249842,0.123040757371045
"209",0,286,4,"fish","run_v21525802763941",1,0.333640322550573,0.312108140358987,0.286359640587751,0.333640322550573,0.0678918965026889
"210",0,287,4,"fish","run_v21525547211269",1,0.348827542623187,0.227210687623566,0.164987876941253,0.348827542623187,0.258973892811994
"211",0,288,4,"fish","run_v31527894813892",1,0.469661129179203,0.245428701599022,0.192846517067232,0.469661129179203,0.092063652154543
"212",0,289,4,"fish","run_v21525803809858",1,0.460798916737801,0.253334051416721,0.216991931596985,0.460798916737801,0.0688751002484936
"213",0,29,5,"bird","run_v31529011985004",0,0.29897217285925,0.29897217285925,0.335073501281524,0.118679662781075,0.247274663078151
"214",0,290,4,"fish","run_v31525908206117",1,0.479271706522669,0.281616955904854,0.208486957278358,0.479271706522669,0.0306243802941189
"215",0,291,4,"fish","run_v31526507469435",1,0.329164137569781,0.311269568861044,0.0630190190888062,0.329164137569781,0.296547274480368
"216",0,292,4,"fish","run_v31532806070697",1,0.517359916263856,0.288443489999993,0.143105751403812,0.517359916263856,0.0510908423323392
"217",0,293,4,"fish","run_v21525209631693",0,0.197155517426299,0.332404635040532,0.380664872839106,0.197155517426299,0.0897749746940624
"218",0,294,4,"fish","run_v31532716386819",0,0.250182351201806,0.293451762672061,0.221451293396458,0.250182351201806,0.234914592729675
"219",0,295,4,"fish","run_v21525808174680",1,0.34966844593803,0.228986402117939,0.112688534584836,0.34966844593803,0.308656617359195
"220",0,296,4,"fish","run_v21525639180649",1,0.425895614855597,0.317418857224711,0.140201498078537,0.425895614855597,0.116484029841155
"221",0,297,4,"fish","run_v31533244161520",1,0.373929632900404,0.278923606308078,0.158620552233922,0.373929632900404,0.188526208557596
"222",0,298,4,"fish","run_v31532715129943",0,0.0492449180693594,0.304645882156261,0.217762434536571,0.0492449180693594,0.428346765237808
"223",0,299,4,"fish","run_v21525544661929",0,0.320314634119564,0.370948870956996,0.200845225655011,0.320314634119564,0.107891269268429
"224",0,3,4,"bird","run_v31530573397476",0,0.22671974089873,0.22671974089873,0.31467232228498,0.227737118658638,0.230870818157652
"225",0,30,5,"bird","run_v31528923599219",0,0.211731536988504,0.211731536988504,0.229021900775288,0.363770682430345,0.195475879805863
"226",0,300,4,"fish","run_v31533239085019",1,0.45494535175114,0.313234931767238,0.105626797401132,0.45494535175114,0.12619291908049
"227",0,301,4,"fish","run_v21525453199663",0,0.273963247390272,0.25518487451594,0.29086995824424,0.273963247390272,0.179981919849549
"228",0,302,4,"fish","run_v31533242019710",0,0.303377395090476,0.156660616442854,0.198401844780121,0.303377395090476,0.341560143686549
"229",0,303,4,"fish","run_v31526592878172",1,0.304491643587084,0.198320204071059,0.233249295637586,0.304491643587084,0.263938856704271
"230",0,304,4,"fish","run_v21525204751261",1,0.566573935223236,0.211946668868816,0.151124026021883,0.566573935223236,0.0703553698860654
"231",0,305,4,"fish","run_v21525647207993",1,0.51281270413627,0.255004520203241,0.0984690059809108,0.51281270413627,0.133713769679578
"232",0,306,4,"fish","run_v31526583071756",0,0.384472311078012,0.119006597572527,0.386702616617889,0.384472311078012,0.109818474731573
"233",0,307,4,"fish","run_v31532643410894",1,0.36726909255175,0.233807511263257,0.157268277573275,0.36726909255175,0.241655118611717
"234",0,308,5,"fish","run_v31532466446992",1,0.387809365683266,0.22983081026448,0.237558690708751,0.387809365683266,0.144801133343503
"235",0,309,5,"fish","run_v21525304014539",1,0.38301031283291,0.156706413511797,0.202075114700274,0.38301031283291,0.258208158955019
"236",0,31,5,"bird","run_v31531774669708",0,0.303218161849933,0.303218161849933,0.314870938894476,0.216008959400173,0.165901939855418
"237",0,310,5,"fish","run_v21525461501240",0,0.181455195838422,0.382857380285355,0.149055300696408,0.181455195838422,0.286632123179815
"238",0,311,5,"fish","run_v31532468496401",1,0.477699023166571,0.342357234508023,0.0850512667044978,0.477699023166571,0.0948924756209081
"239",0,312,5,"fish","run_v31533152649611",1,0.538346280758821,0.14826973362507,0.257452572265652,0.538346280758821,0.0559314133504576
"240",0,313,5,"fish","run_v31533075886243",1,0.487251110264307,0.166197922003383,0.195758595786958,0.487251110264307,0.150792371945352
"241",0,314,5,"fish","run_v31526072947360",0,0.169889805213086,0.385244574257075,0.113571269839199,0.169889805213086,0.33129435069064
"242",0,315,5,"fish","run_v21525802532539",1,0.420153559067023,0.272127947241381,0.178539052790936,0.420153559067023,0.12917944090066
"243",0,316,5,"fish","run_v21524855358955",1,0.452325430788481,0.270900515458403,0.204823581729678,0.452325430788481,0.0719504720234375
"244",0,317,5,"fish","run_v21524853538862",1,0.378037372980785,0.154198617215457,0.197847441245703,0.378037372980785,0.269916568558055
"245",0,318,5,"fish","run_v31533154863881",1,0.370140838358889,0.239573262602225,0.293232213403404,0.370140838358889,0.0970536856354827
"246",0,319,5,"fish","run_v31526418564273",1,0.412321442822084,0.253007744643048,0.255472627575335,0.412321442822084,0.0791981849595323
"247",0,32,5,"bird","run_v31527982528073",1,0.315774807366987,0.315774807366987,0.313937720660625,0.274459403890961,0.0958280680814268
"248",0,320,5,"fish","run_v31526766453659",1,0.327750128845476,0.124330965733432,0.284520573993527,0.327750128845476,0.263398331427564
"249",0,321,5,"fish","run_v21525474148305",0,0.291878091818765,0.210295285263541,0.205313987830802,0.291878091818765,0.292512635086892
"250",0,322,5,"fish","run_v31526681463221",0,0.205929273796826,0.20518714763903,0.345473003477141,0.205929273796826,0.243410575087004
"251",0,323,5,"fish","run_v31526499554039",1,0.264397924469763,0.256871810299685,0.260084017105792,0.264397924469763,0.21864624812476
"252",0,324,5,"fish","run_v31525976865876",1,0.309929314669172,0.147161801126256,0.241036113683386,0.309929314669172,0.301872770521185
"253",0,325,5,"fish","run_v31532541152652",1,0.426303318055372,0.18606207931241,0.227893040016015,0.426303318055372,0.159741562616204
"254",0,326,5,"fish","run_v31527888854913",1,0.430517817098725,0.201838469523643,0.30308937640346,0.430517817098725,0.0645543369741716
"255",0,327,5,"fish","run_v31532551944059",1,0.389697937378742,0.145419596828639,0.106609726953029,0.389697937378742,0.35827273883959
"256",0,328,5,"fish","run_v21525558605121",1,0.275989765773776,0.240059995676174,0.220606837004393,0.275989765773776,0.263343401545658
"257",0,329,5,"fish","run_v31527888599306",0,0.199966530773081,0.331438089475163,0.317707294485595,0.199966530773081,0.150888085266161
"258",0,33,5,"bird","run_v31528916699725",0,0.327515663428709,0.327515663428709,0.393377201070849,0.0601643131870392,0.218942822313403
"259",0,330,5,"fish","run_v31526254092272",1,0.308972435423081,0.23579001491602,0.296802514156452,0.308972435423081,0.158435035504447
"260",0,331,5,"fish","run_v31532979795589",1,0.313508643788906,0.205955107466476,0.272932683599003,0.313508643788906,0.207603565145615
"261",0,332,5,"fish","run_v21525649510031",1,0.377165054524539,0.33970867383626,0.037770383158014,0.377165054524539,0.245355888481187
"262",0,333,5,"fish","run_v31532472921086",1,0.441658798180525,0.365660689976095,0.120614975022694,0.441658798180525,0.0720655368206855
"263",0,334,5,"fish","run_v31526766142852",1,0.488703858201688,0.170857185942246,0.285670037194782,0.488703858201688,0.0547689186612845
"264",0,335,5,"fish","run_v21524942303829",1,0.355647253468787,0.21146795718388,0.345588215250008,0.355647253468787,0.0872965740973255
"265",0,336,6,"fish","run_v31532557871071",0,0.160272877824092,0.2404570841292,0.36219798619982,0.160272877824092,0.237072051846888
"266",0,337,6,"fish","run_v21525455237137",1,0.510965394173916,0.197109288429098,0.23103849868115,0.510965394173916,0.0608868187158354
"267",0,338,6,"fish","run_v31526157685006",0,0.240428415000358,0.149649923613316,0.471767028951134,0.240428415000358,0.138154632435192
"268",0,339,6,"fish","run_v21525556427967",0,0.19359052896952,0.181328552568547,0.331832855052732,0.19359052896952,0.2932480634092
"269",0,34,5,"bird","run_v31528224599151",1,0.332500691072421,0.332500691072421,0.141621521104453,0.257233952218686,0.26864383560444
"270",0,340,6,"fish","run_v31527787275455",1,0.454828768155589,0.171579482788241,0.120498355811731,0.454828768155589,0.25309339324444
"271",0,341,6,"fish","run_v31532992214354",1,0.302965918410976,0.266337709298006,0.192150473504412,0.302965918410976,0.238545898786606
"272",0,342,6,"fish","run_v31532992438456",1,0.393561951822361,0.17273399293362,0.189585294462489,0.393561951822361,0.244118760781529
"273",0,343,6,"fish","run_v21525455773609",1,0.332894984290567,0.173230196983004,0.27503327767091,0.332894984290567,0.21884154105552
"274",0,344,6,"fish","run_v31526251554792",1,0.468291133683779,0.189871054714787,0.259424757641464,0.468291133683779,0.0824130539599695
"275",0,345,6,"fish","run_v21525561152170",1,0.519605165527961,0.188654536375677,0.180705088966272,0.519605165527961,0.11103520913009
"276",0,346,6,"fish","run_v31525893423612",0,0.0931576065208659,0.424922089761412,0.298824195965945,0.0931576065208659,0.183096107751776
"277",0,347,6,"fish","run_v31526168752022",0,0.0644088302688857,0.394523155538817,0.267156835062556,0.0644088302688857,0.273911179129741
"278",0,348,6,"fish","run_v31525891955621",0,0.254543666384386,0.218893585679,0.249393279547104,0.254543666384386,0.27716946838951
"279",0,349,6,"fish","run_v21525548553791",1,0.338294131976732,0.236766785467121,0.149115917898031,0.338294131976732,0.275823164658116
"280",0,35,5,"bird","run_v31531950791739",0,0.163570387909222,0.163570387909222,0.398123481000276,0.360258521819894,0.0780476092706084
"281",0,350,6,"fish","run_v31525976032935",0,0.279419458791849,0.181785816345609,0.205271112121346,0.279419458791849,0.333523612741195
"282",0,351,6,"fish","run_v31525974358965",0,0.195324198302175,0.296822376315675,0.164984972122608,0.195324198302175,0.342868453259542
"283",0,352,6,"fish","run_v31532469506975",1,0.513646610673804,0.203322859019928,0.153330290921511,0.513646610673804,0.129700239384757
"284",0,353,6,"fish","run_v31526060998610",1,0.393647423822496,0.27646855364725,0.209018355584162,0.393647423822496,0.120865666946092
"285",0,354,6,"fish","run_v21525562697676",1,0.429260417379726,0.285264145464838,0.186544264926893,0.429260417379726,0.0989311722285418
"286",0,355,6,"fish","run_v31532646358353",1,0.54181601801204,0.254127312763286,0.149705099008585,0.54181601801204,0.0543515702160896
"287",0,356,6,"fish","run_v31533148690188",0,0.15382768857083,0.356158116165509,0.226860778268256,0.15382768857083,0.263153416995405
"288",0,357,6,"fish","run_v21524853769415",1,0.672968327037479,0.201141722365257,0.0757345349614882,0.672968327037479,0.0501554156357761
"289",0,358,6,"fish","run_v31526063950237",1,0.342338800704377,0.262617744743176,0.297372037004098,0.342338800704377,0.097671417548349
"290",0,359,6,"fish","run_v31525891444648",1,0.342528881190168,0.162459063572783,0.204701795579639,0.342528881190168,0.29031025965741
"291",0,36,5,"bird","run_v31531607084953",0,0.185327003233944,0.185327003233944,0.216920310911908,0.357603191440751,0.240149494413396
"292",0,360,6,"fish","run_v31527795903170",1,0.374397888542398,0.211338238966279,0.341827210679998,0.374397888542398,0.0724366618113255
"293",0,361,6,"fish","run_v21525461357850",1,0.450444555758747,0.35074099102483,0.138943474573817,0.450444555758747,0.0598709786426064
"294",0,362,6,"fish","run_v31527892199324",1,0.549593591261318,0.253245074590767,0.100501609754907,0.549593591261318,0.0966597243930085
"295",0,363,6,"fish","run_v31532805314914",1,0.293304136147634,0.269493667282244,0.287331570613738,0.293304136147634,0.149870625956385
"296",0,364,7,"fish","run_v31532638669417",1,0.468279238200812,0.185575012217551,0.277687733732304,0.468279238200812,0.0684580158493329
"297",0,365,7,"fish","run_v31532813483298",0,0.299117537762098,0.301722382557917,0.0926733651770133,0.299117537762098,0.306486714502971
"298",0,366,7,"fish","run_v31533064718080",1,0.432778054560998,0.27009204371144,0.119707446506448,0.432778054560998,0.177422455221114
"299",0,367,7,"fish","run_v31532641054603",0,0.324603325929833,0.3604400567154,0.132253123929489,0.324603325929833,0.182703493425278
"300",0,368,7,"fish","run_v21525642760576",0,0.268836419341867,0.277997152052063,0.295443682072211,0.268836419341867,0.157722746533859
"301",0,369,7,"fish","run_v31532457811213",1,0.427258012571116,0.348718966400698,0.162410786908175,0.427258012571116,0.0616122341200118
"302",0,37,5,"bird","run_v31528136399273",0,0.227873822289456,0.227873822289456,0.28074929448725,0.124637263932448,0.366739619290846
"303",0,370,7,"fish","run_v31532978289131",1,0.41191554944639,0.153059278502421,0.241724307490915,0.41191554944639,0.193300864560275
"304",0,371,7,"fish","run_v31533077875433",0,0.138963280951954,0.357641745277817,0.177202200174565,0.138963280951954,0.326192773595663
"305",0,372,7,"fish","run_v21525378010692",1,0.419295299027616,0.169161367949228,0.268394319390269,0.419295299027616,0.143149013632888
"306",0,373,7,"fish","run_v31526064586872",1,0.385030065324204,0.166458524987486,0.168522978318109,0.385030065324204,0.2799884313702
"307",0,374,7,"fish","run_v31526417564997",1,0.37234384436476,0.140671414418341,0.138931677600198,0.37234384436476,0.348053063616702
"308",0,375,7,"fish","run_v21525455905420",1,0.496957158274412,0.245623419757408,0.14095924996631,0.496957158274412,0.11646017200187
"309",0,376,7,"fish","run_v31532730363351",1,0.389741386302502,0.313507786935186,0.142610825545728,0.389741386302502,0.154140001216583
"310",0,377,7,"fish","run_v21525374885643",1,0.504052089118827,0.192424505179411,0.195585252173177,0.504052089118827,0.107938153528584
"311",0,378,7,"fish","run_v31526598717979",1,0.456181984065122,0.27820363904514,0.0981329317842612,0.456181984065122,0.167481445105477
"312",0,379,7,"fish","run_v31532726852504",1,0.400203109463491,0.312744866285079,0.180349810664266,0.400203109463491,0.106702213587165
"313",0,38,5,"bird","run_v31531953239905",1,0.380218550534884,0.380218550534884,0.179492810123208,0.0834609744346596,0.356827664907248
"314",0,380,7,"fish","run_v31526074098901",0,0.191523404105838,0.326019166128915,0.201923953994906,0.191523404105838,0.28053347577034
"315",0,381,7,"fish","run_v31533239668735",1,0.330367498427179,0.260406301514936,0.175143734472131,0.330367498427179,0.234082465585754
"316",0,382,7,"fish","run_v31526061799166",1,0.474763363273156,0.296384376932538,0.180539738522283,0.474763363273156,0.0483125212720231
"317",0,383,7,"fish","run_v21525457904470",1,0.29617437171769,0.277731071790997,0.282861495906474,0.29617437171769,0.14323306058484
"318",0,384,7,"fish","run_v31526244386384",1,0.323379674820119,0.271205124360824,0.284268859542235,0.323379674820119,0.121146341276822
"319",0,385,7,"fish","run_v31532808536853",1,0.41351275849066,0.173168272818103,0.284327265319318,0.41351275849066,0.128991703371919
"320",0,386,7,"fish","run_v31532816089383",1,0.445831519761934,0.252175315177555,0.100173218087923,0.445831519761934,0.201819946972588
"321",0,387,7,"fish","run_v31527793036538",1,0.3496372487502,0.317043680110862,0.167041665833255,0.3496372487502,0.166277405305683
"322",0,388,7,"fish","run_v31526064497532",1,0.400397961699792,0.266277284745566,0.187836216596266,0.400397961699792,0.145488536958376
"323",0,389,7,"fish","run_v21524854929261",1,0.446604974904941,0.209785324931593,0.208429045582515,0.446604974904941,0.13518065458095
"324",0,39,5,"bird","run_v31529173799299",1,0.440196743879127,0.440196743879127,0.260137427469857,0.133343125537551,0.166322703113464
"325",0,390,7,"fish","run_v21525459333293",1,0.485059316593493,0.148741119686222,0.252919502565948,0.485059316593493,0.113280061154337
"326",0,391,7,"fish","run_v31526508668316",0,0.199344969544658,0.170163877152657,0.266245174841858,0.199344969544658,0.364245978460826
"327",0,392,8,"fish","run_v31533241811959",1,0.399214625072427,0.349232397678507,0.15188597088445,0.399214625072427,0.0996670063646167
"328",0,393,8,"fish","run_v31533150870177",1,0.359772606159222,0.295671881595814,0.309440446506632,0.359772606159222,0.035115065738332
"329",0,394,8,"fish","run_v21525373474637",0,0.196542018490687,0.216742505351803,0.279451381365999,0.196542018490687,0.30726409479151
"330",0,395,8,"fish","run_v21524852602415",1,0.533215980851387,0.254349481926538,0.130892580326484,0.533215980851387,0.0815419568955906
"331",0,396,8,"fish","run_v31532545415363",0,0.292672172683865,0.342706232095959,0.174850089482004,0.292672172683865,0.189771505738171
"332",0,397,8,"fish","run_v31532980106776",1,0.367523673782106,0.296769772581773,0.18147998950847,0.367523673782106,0.154226564127651
"333",0,398,8,"fish","run_v21524850675318",0,0.208834267407091,0.148473242585114,0.316818858740923,0.208834267407091,0.325873631266872
"334",0,399,8,"fish","run_v21525549156031",1,0.419766117515081,0.242797845769739,0.133650236286464,0.419766117515081,0.203785800428716
"335",0,4,4,"bird","run_v31529092415344",1,0.366432284475605,0.366432284475605,0.318477577179422,0.156471936798578,0.158618201546394
"336",0,40,5,"bird","run_v31528919741705",0,0.215942872802833,0.215942872802833,0.355058126031386,0.308224822779747,0.120774178386034
"337",0,400,8,"fish","run_v31526074471797",0,0.272993882110663,0.214557328354634,0.222117351118104,0.272993882110663,0.290331438416599
"338",0,401,8,"fish","run_v21525646041749",1,0.446685115628505,0.277485331877605,0.138216923105693,0.446685115628505,0.137612629388197
"339",0,402,8,"fish","run_v31526253016255",0,0.249402232031026,0.294103769429399,0.251365381000934,0.249402232031026,0.205128617538642
"340",0,403,8,"fish","run_v31533234855582",1,0.326145398835529,0.255611302546251,0.193640116979981,0.326145398835529,0.224603181638239
"341",0,404,8,"fish","run_v31532555117955",1,0.358818320019412,0.23796065905135,0.255839815455244,0.358818320019412,0.147381205473995
"342",0,405,8,"fish","run_v31533241608392",1,0.360529372493035,0.296767202754465,0.293393819082389,0.360529372493035,0.0493096056701107
"343",0,406,8,"fish","run_v31526413939938",1,0.36308426140572,0.242712791268841,0.20458794191957,0.36308426140572,0.189615005405869
"344",0,407,8,"fish","run_v31526152868212",1,0.500024441091966,0.251049851563919,0.159186467632791,0.500024441091966,0.089739239711324
"345",0,408,8,"fish","run_v31533080542007",1,0.453605410632605,0.242932510818433,0.23341709006006,0.453605410632605,0.0700449884889018
"346",0,409,8,"fish","run_v31532811548992",1,0.518990105911285,0.240257145636322,0.184772439848875,0.518990105911285,0.0559803086035187
"347",0,41,5,"bird","run_v31527980999104",0,0.387364219798649,0.387364219798649,0.420065374432408,0.0439449424528723,0.148625463316071
"348",0,410,8,"fish","run_v21525371436644",0,0.124721619267665,0.306805005250613,0.358567129387921,0.124721619267665,0.2099062460938
"349",0,411,8,"fish","run_v31533070361004",1,0.599199879859267,0.157092701244583,0.185499594808647,0.599199879859267,0.0582078240875028
"350",0,412,8,"fish","run_v31532631161644",0,0.145109170619044,0.261166557952336,0.360589208531,0.145109170619044,0.233135062897619
"351",0,413,8,"fish","run_v31533076608623",1,0.396790816256776,0.360936545651224,0.209205274790775,0.396790816256776,0.0330673633012248
"352",0,414,8,"fish","run_v31526164238357",1,0.427202774620171,0.256085577314185,0.257901499766079,0.427202774620171,0.0588101482995656
"353",0,415,8,"fish","run_v21525556038612",1,0.486153762228933,0.208511741356522,0.234297131870343,0.486153762228933,0.0710373645442014
"354",0,416,8,"fish","run_v21524852136263",1,0.485926839094467,0.239712035766928,0.231944566312879,0.485926839094467,0.0424165588257259
"355",0,417,8,"fish","run_v31533148815589",0,0.112099847002253,0.358031382418744,0.24452140020297,0.112099847002253,0.285347370376032
"356",0,418,8,"fish","run_v31532469229565",1,0.494809729970477,0.219753759189422,0.13058433041217,0.494809729970477,0.154852180427931
"357",0,419,8,"fish","run_v31532821371094",1,0.417887409711492,0.27075158164442,0.199521174002654,0.417887409711492,0.111839834641435
"358",0,42,5,"bird","run_v31532212066778",0,0.281162538308495,0.281162538308495,0.342272809054441,0.279787700229701,0.0967769524073638
"359",0,420,4,"rabbit","run_v31528052999270",0,0.355943450943072,0.123904393757786,0.374205146570772,0.145947008728371,0.355943450943072
"360",0,421,4,"rabbit","run_v31531340517880",1,0.304913523156665,0.219237184398111,0.238714619179535,0.23713467326569,0.304913523156665
"361",0,422,4,"rabbit","run_v31530310159455",1,0.31389352239118,0.192283833247644,0.295461630471163,0.198361013890013,0.31389352239118
"362",0,423,4,"rabbit","run_v31530480400108",1,0.473130137790743,0.163623043752458,0.131986155875084,0.231260662581716,0.473130137790743
"363",0,424,4,"rabbit","run_v31530390885520",0,0.164074639106956,0.315414620883434,0.390127710783993,0.130383029225616,0.164074639106956
"364",0,425,4,"rabbit","run_v31532196800622",1,0.446919132112849,0.101809863079889,0.245321782717269,0.205949222089993,0.446919132112849
"365",0,426,4,"rabbit","run_v31532119480468",1,0.386027596124136,0.303183955015366,0.253943352503064,0.0568450963574352,0.386027596124136
"366",0,427,4,"rabbit","run_v31529092415344",1,0.454448101713617,0.250099886992784,0.153142480007039,0.14230953128656,0.454448101713617
"367",0,428,4,"rabbit","run_v31531523552767",1,0.416999640017976,0.238148367408266,0.212527513686506,0.132324478887252,0.416999640017976
"368",0,429,4,"rabbit","run_v31530556401391",1,0.350063408391618,0.278526272070195,0.160886376513699,0.210523943024488,0.350063408391618
"369",0,43,5,"bird","run_v31528481399327",1,0.425668757637361,0.425668757637361,0.273236187329663,0.221909158240946,0.0791858967920306
"370",0,430,4,"rabbit","run_v31529530199212",1,0.487914524048641,0.159250221153378,0.12261323623467,0.23022201856331,0.487914524048641
"371",0,431,4,"rabbit","run_v31531692039108",0,0.152130123597961,0.277110243042191,0.142154278649669,0.428605354710179,0.152130123597961
"372",0,432,4,"rabbit","run_v31531506812090",0,0.276946242238361,0.233367857510259,0.34988451379682,0.139801386454559,0.276946242238361
"373",0,433,4,"rabbit","run_v31528234593237",0,0.166651582019206,0.335845894876147,0.17992335187792,0.317579171226726,0.166651582019206
"374",0,434,4,"rabbit","run_v31530398644776",1,0.333712362393796,0.111577210994591,0.268333944651886,0.286376481959728,0.333712362393796
"375",0,435,4,"rabbit","run_v31530744749634",1,0.41213042681097,0.267720600321697,0.253347574901696,0.0668013979656371,0.41213042681097
"376",0,436,4,"rabbit","run_v31528921199246",1,0.390301042819702,0.10297509145628,0.376050832808102,0.130673032915917,0.390301042819702
"377",0,437,4,"rabbit","run_v31530478539938",0,0.110422113829958,0.328182736301359,0.250134006849421,0.311261143019262,0.110422113829958
"378",0,438,4,"rabbit","run_v31530743856841",0,0.111767887952948,0.153866778929827,0.276885577507737,0.457479755609488,0.111767887952948
"379",0,439,4,"rabbit","run_v31530730132348",0,0.242437698689144,0.216585993884128,0.326399340026559,0.214576967400169,0.242437698689144
"380",0,44,5,"bird","run_v31529181228558",0,0.183126783421056,0.183126783421056,0.418235226496412,0.24091390159447,0.157724088488063
"381",0,440,4,"rabbit","run_v31528499399037",1,0.374596902117574,0.173472745686003,0.371923950866879,0.0800064013295444,0.374596902117574
"382",0,441,4,"rabbit","run_v31530816545217",1,0.368097729553632,0.199234396457487,0.105535806863579,0.327132067125303,0.368097729553632
"383",0,442,4,"rabbit","run_v31529271233301",1,0.508902194321305,0.134106380432674,0.264732433811056,0.0922589914349649,0.508902194321305
"384",0,443,4,"rabbit","run_v31530733127648",0,0.222784779706315,0.384220877421003,0.344290952401588,0.0487033904710936,0.222784779706315
"385",0,444,4,"rabbit","run_v31529187760457",1,0.480220288359189,0.0944505076053683,0.168437918072009,0.256891285963434,0.480220288359189
"386",0,445,4,"rabbit","run_v31528845599021",1,0.419593478172396,0.174219248968237,0.205712219410817,0.20047505344855,0.419593478172396
"387",0,446,4,"rabbit","run_v31529524328211",0,0.223696546437572,0.432046321916195,0.181726729138024,0.162530402508209,0.223696546437572
"388",0,447,4,"rabbit","run_v31531946401147",0,0.125951638682282,0.39524544972422,0.377367811216699,0.101435100376798,0.125951638682282
"389",0,448,5,"rabbit","run_v31528926779657",1,0.461788405141632,0.238816153721478,0.166927080719128,0.132468360417763,0.461788405141632
"390",0,449,5,"rabbit","run_v31529350799269",1,0.38870737107839,0.264249923467179,0.193714199829004,0.153328505625426,0.38870737107839
"391",0,45,5,"bird","run_v31529442453861",1,0.412515300198615,0.412515300198615,0.228200121621957,0.079363008361601,0.279921569817827
"392",0,450,5,"rabbit","run_v31530485447745",0,0.274273168805705,0.330306226121001,0.304773555799244,0.0906470492740501,0.274273168805705
"393",0,451,5,"rabbit","run_v31528224599151",0,0.296217488315153,0.174394354430751,0.336697704425852,0.192690452828244,0.296217488315153
"394",0,452,5,"rabbit","run_v31531868257542",1,0.441216895107417,0.202249909353393,0.151052552554619,0.205480642984572,0.441216895107417
"395",0,453,5,"rabbit","run_v31528224184593",1,0.491061194710224,0.180921221490714,0.211935129990861,0.1160824538082,0.491061194710224
"396",0,454,5,"rabbit","run_v31527981599050",1,0.409186379540202,0.165406074329031,0.309114407021527,0.11629313910924,0.409186379540202
"397",0,455,5,"rabbit","run_v31528659599227",0,0.156261856923908,0.284303956658121,0.345032284231188,0.214401902186783,0.156261856923908
"398",0,456,5,"rabbit","run_v31530389142347",1,0.456448888121708,0.158002810803439,0.144428969024033,0.24111933205082,0.456448888121708
"399",0,457,5,"rabbit","run_v31529174036398",1,0.519270546987305,0.15435295173735,0.221923278765118,0.104453222510227,0.519270546987305
"400",0,458,5,"rabbit","run_v31528916699725",1,0.427206780638234,0.325788208566482,0.213845130340055,0.0331598804552291,0.427206780638234
"401",0,459,5,"rabbit","run_v31529442453861",0,0.349962059008651,0.143296691529183,0.37770812514947,0.129033124312696,0.349962059008651
"402",0,46,5,"bird","run_v31528067999106",0,0.27476976053403,0.27476976053403,0.191757807641147,0.352231855456835,0.181240576367988
"403",0,460,5,"rabbit","run_v31527980999104",0,0.264542288288471,0.313928213360925,0.335233787824441,0.0862957105261622,0.264542288288471
"404",0,461,5,"rabbit","run_v31528834869549",1,0.409077667835232,0.176399170455075,0.230176515838041,0.184346645871652,0.409077667835232
"405",0,462,5,"rabbit","run_v31529181228558",1,0.393842482779694,0.109192965585986,0.15636961039835,0.34059494123597,0.393842482779694
"406",0,463,5,"rabbit","run_v31528060993113",1,0.417674669152027,0.185516873819841,0.102713037838823,0.29409541918931,0.417674669152027
"407",0,464,5,"rabbit","run_v31529435452831",0,0.0590807566516242,0.225538035186458,0.36730099271555,0.348080215446368,0.0590807566516242
"408",0,465,5,"rabbit","run_v31531950791739",1,0.530512318828277,0.099862881703104,0.291902001665163,0.077722797803456,0.530512318828277
"409",0,466,5,"rabbit","run_v31528068401956",0,0.34559100004607,0.196203628720543,0.364646807362762,0.0935585638706246,0.34559100004607
"410",0,467,5,"rabbit","run_v31532212066778",1,0.442037444328668,0.227990418047941,0.195541910514534,0.134430227108858,0.442037444328668
"411",0,468,5,"rabbit","run_v31527979799077",1,0.579299845092622,0.228016896164343,0.157458013770827,0.0352252449722071,0.579299845092622
"412",0,469,5,"rabbit","run_v31531691695350",1,0.411558450568666,0.169818280098566,0.133556801450901,0.285066467881867,0.411558450568666
"413",0,47,5,"bird","run_v31530485447745",0,0.258429186947997,0.258429186947997,0.238709041252856,0.422546325109762,0.0803154466893853
"414",0,470,5,"rabbit","run_v31529435700868",0,0.211150174409504,0.213861568991816,0.185164812740482,0.389823443858198,0.211150174409504
"415",0,471,5,"rabbit","run_v31528760486308",1,0.451400509770119,0.268709530381296,0.101591943836058,0.178298016012527,0.451400509770119
"416",0,472,5,"rabbit","run_v31528487999206",1,0.440775745720985,0.191798371797193,0.26991163326601,0.0975142492158123,0.440775745720985
"417",0,473,5,"rabbit","run_v31532034461707",1,0.281884095294319,0.277157796117159,0.281788633696381,0.15916947489214,0.281884095294319
"418",0,474,5,"rabbit","run_v31530486011120",1,0.469660522448368,0.0763032766097387,0.160467032444286,0.293569168497607,0.469660522448368
"419",0,475,5,"rabbit","run_v31529452799035",1,0.469578240672493,0.251136128058176,0.160985097609222,0.118300533660109,0.469578240672493
"420",0,476,6,"rabbit","run_v31528665810605",1,0.357047221926206,0.329298429508739,0.245416044940926,0.0682383036241292,0.357047221926206
"421",0,477,6,"rabbit","run_v31530568471871",0,0.304616370735021,0.365929414219734,0.253032800987522,0.0764214140577227,0.304616370735021
"422",0,478,6,"rabbit","run_v31531607599164",0,0.175734774832099,0.16976965931617,0.433196865384393,0.221298700467339,0.175734774832099
"423",0,479,6,"rabbit","run_v31532117602626",1,0.541251762459187,0.170243505165941,0.185425852601188,0.103078879773684,0.541251762459187
"424",0,48,5,"bird","run_v31527979799077",0,0.252834268391122,0.252834268391122,0.222788171208027,0.430469757742384,0.0939078026584679
"425",0,480,6,"rabbit","run_v31528408799127",1,0.358570171863478,0.28507379215716,0.176331268049688,0.180024767929675,0.358570171863478
"426",0,481,6,"rabbit","run_v31530747157999",1,0.586795052466412,0.166649735168248,0.155087555408633,0.0914676569567063,0.586795052466412
"427",0,482,6,"rabbit","run_v31530736179942",1,0.428365634294097,0.356003662372252,0.173085208198102,0.0425454951355495,0.428365634294097
"428",0,483,6,"rabbit","run_v31531848222253",0,0.279240678975546,0.12325294728408,0.239861275608814,0.35764509813156,0.279240678975546
"429",0,484,6,"rabbit","run_v31528746703642",0,0.312421024043397,0.317801995671899,0.285367387765008,0.0844095925196967,0.312421024043397
"430",0,485,6,"rabbit","run_v31528671848731",1,0.41403733536214,0.219243612166393,0.270524445096168,0.0961946073752986,0.41403733536214
"431",0,486,6,"rabbit","run_v31528064164353",1,0.398937075557057,0.213689577867559,0.187508651596028,0.199864694979356,0.398937075557057
"432",0,487,6,"rabbit","run_v31532113255816",1,0.325967582647864,0.247655414493838,0.281758562477164,0.144618440381133,0.325967582647864
"433",0,488,6,"rabbit","run_v31531685252808",1,0.399546603885484,0.11355380266225,0.26053716406162,0.226362429390646,0.399546603885484
"434",0,489,6,"rabbit","run_v31531601459423",1,0.39244404437454,0.0963584592148963,0.170577998919509,0.340619497491055,0.39244404437454
"435",0,49,5,"bird","run_v31531612336103",0,0.362983567226855,0.362983567226855,0.404704868171978,0.0693666461857908,0.162944918415376
"436",0,490,6,"rabbit","run_v31528408575173",0,0.197001395999555,0.222577554000615,0.384331931176283,0.196089118823546,0.197001395999555
"437",0,491,6,"rabbit","run_v31531776375845",1,0.479670530074893,0.187122352758253,0.184239279448173,0.148967837718681,0.479670530074893
"438",0,492,6,"rabbit","run_v31532112624073",0,0.0261877630040445,0.329006333479261,0.270839111059083,0.373966792457612,0.0261877630040445
"439",0,493,6,"rabbit","run_v31529358887044",0,0.269748174627843,0.19058455180164,0.315845110397483,0.223822163173034,0.269748174627843
"440",0,494,6,"rabbit","run_v31528064399165",1,0.484181693708732,0.0784455473299299,0.329767308977433,0.107605449983905,0.484181693708732
"441",0,495,6,"rabbit","run_v31528136999209",1,0.331286359700291,0.287700563169438,0.312534787431925,0.0684782896983455,0.331286359700291
"442",0,496,6,"rabbit","run_v31529182048446",0,0.253715851933503,0.300889645865215,0.358755902043219,0.0866386001580628,0.253715851933503
"443",0,497,6,"rabbit","run_v31530816296800",1,0.421083354575774,0.336386009928676,0.195355336435528,0.0471752990600217,0.421083354575774
"444",0,498,6,"rabbit","run_v31531341474003",1,0.382482953860352,0.186393447899472,0.283307239711303,0.147816358528873,0.382482953860352
"445",0,499,6,"rabbit","run_v31530390310095",1,0.437661391256309,0.139611126482025,0.258012567406704,0.164714914854962,0.437661391256309
"446",0,5,4,"bird","run_v31530311922480",1,0.292754127813351,0.292754127813351,0.266384358640132,0.244186317541656,0.196675196004861
"447",0,50,5,"bird","run_v31529181599174",1,0.420427661657549,0.420427661657549,0.275238931805602,0.193593700900965,0.110739705635884
"448",0,500,6,"rabbit","run_v31531417799244",1,0.447260943553614,0.265177456712678,0.137138471223827,0.150423128509881,0.447260943553614
"449",0,501,6,"rabbit","run_v31528399548613",0,0.301091820235817,0.338380112332629,0.14524742998886,0.215280637442694,0.301091820235817
"450",0,502,6,"rabbit","run_v31530736835944",1,0.566497916034258,0.106290188670932,0.200686851337168,0.126525043957642,0.566497916034258
"451",0,503,6,"rabbit","run_v31528746954006",1,0.41265025345794,0.176524043404347,0.182594215404141,0.228231487733571,0.41265025345794
"452",0,504,7,"rabbit","run_v31527972038759",1,0.331304888087419,0.293107747163814,0.115772678119714,0.259814686629053,0.331304888087419
"453",0,505,7,"rabbit","run_v31528057829952",1,0.361139395178056,0.311490853940669,0.254579970554547,0.0727897803267288,0.361139395178056
"454",0,506,7,"rabbit","run_v31528394999246",1,0.363229898749725,0.176523244276833,0.245480285243557,0.214766571729884,0.363229898749725
"455",0,507,7,"rabbit","run_v31528913633652",1,0.428762084495813,0.233512344918905,0.173903598996564,0.163821971588718,0.428762084495813
"456",0,508,7,"rabbit","run_v31528919459689",1,0.365289948592529,0.202079469063319,0.234727770204338,0.197902812139814,0.365289948592529
"457",0,509,7,"rabbit","run_v31528999012122",0,0.243741500093372,0.228668606338499,0.325986390692754,0.201603502875376,0.243741500093372
"458",0,51,5,"bird","run_v31528152599102",0,0.269702628021823,0.269702628021823,0.196454453494446,0.105245668700098,0.428597249783632
"459",0,510,7,"rabbit","run_v31529088599359",1,0.36301925630414,0.224996331176237,0.275914091702899,0.136070320816724,0.36301925630414
"460",0,511,7,"rabbit","run_v31529438726305",1,0.443325057099845,0.168941404113301,0.295139350072814,0.0925941887140399,0.443325057099845
"461",0,512,7,"rabbit","run_v31530394444658",1,0.522899397875782,0.228986763029684,0.126558730803868,0.121555108290667,0.522899397875782
"462",0,513,7,"rabbit","run_v31530486723560",1,0.506759486525043,0.15989856899712,0.295847822212363,0.0374941222654738,0.506759486525043
"463",0,514,7,"rabbit","run_v31530558706822",0,0.231351424642816,0.153646344445642,0.230915217154464,0.384087013757078,0.231351424642816
"464",0,515,7,"rabbit","run_v31530572855813",1,0.451072674926227,0.20754225746811,0.295949719141483,0.04543534846418,0.451072674926227
"465",0,516,7,"rabbit","run_v31530644143472",0,0.286679438998718,0.115793131620897,0.43833761656358,0.159189812816805,0.286679438998718
"466",0,517,7,"rabbit","run_v31530646004607",1,0.401202476934723,0.272834024652067,0.241803843784879,0.084159654628331,0.401202476934723
"467",0,518,7,"rabbit","run_v31530729544848",0,0.0961061736816262,0.293342345201391,0.337980302360367,0.272571178756615,0.0961061736816262
"468",0,519,7,"rabbit","run_v31530743542038",1,0.399840820595976,0.203160310475371,0.304892816979444,0.092106051949209,0.399840820595976
"469",0,52,5,"bird","run_v31532110370251",1,0.370522659320284,0.370522659320284,0.333575875956475,0.0869312769233658,0.208970187799875
"470",0,520,7,"rabbit","run_v31530818736526",1,0.567865695937161,0.151243973820046,0.156479282962317,0.124411047280476,0.567865695937161
"471",0,521,7,"rabbit","run_v31531338246387",1,0.372435228494286,0.246453632657414,0.289501608726029,0.0916095301222716,0.372435228494286
"472",0,522,7,"rabbit","run_v31531339169894",1,0.483145288753274,0.230340500998021,0.217767120634939,0.0687470896137664,0.483145288753274
"473",0,523,7,"rabbit","run_v31531344318041",1,0.323311384649868,0.270059336697448,0.193538968198111,0.213090310454572,0.323311384649868
"474",0,524,7,"rabbit","run_v31531424995744",1,0.34569346503751,0.281247547119859,0.238047896898499,0.135011090944132,0.34569346503751
"475",0,525,7,"rabbit","run_v31531506560996",0,0.31996790454724,0.179218947433296,0.376621090336949,0.124192057682515,0.31996790454724
"476",0,526,7,"rabbit","run_v31531692832204",0,0.0382476094429532,0.206113745377738,0.313307399817199,0.44233124536211,0.0382476094429532
"477",0,527,7,"rabbit","run_v31531693076482",1,0.428886136386191,0.164106808903127,0.340615741059284,0.0663913136513978,0.428886136386191
"478",0,528,7,"rabbit","run_v31531769584349",1,0.477591387658582,0.246414967498677,0.158114075833915,0.117879569008827,0.477591387658582
"479",0,529,7,"rabbit","run_v31531952793335",1,0.438162947678251,0.177168324358323,0.291366307929333,0.0933024200340936,0.438162947678251
"480",0,53,5,"bird","run_v31529435700868",0,0.296067483350587,0.296067483350587,0.246867194146148,0.135251901672408,0.321813420830857
"481",0,530,7,"rabbit","run_v31532034912264",0,0.212035799242722,0.235609403295868,0.314996724073251,0.237358073388159,0.212035799242722
"482",0,531,7,"rabbit","run_v31532123073667",1,0.498417163489157,0.221784620095211,0.185200283161455,0.0945979332541773,0.498417163489157
"483",0,532,8,"rabbit","run_v31529704867697",0,0.259829626592919,0.282059987119461,0.381001965508637,0.0771084207789823,0.259829626592919
"484",0,533,8,"rabbit","run_v31531776164644",0,0.167020994420413,0.353386128399392,0.255614770409546,0.223978106770649,0.167020994420413
"485",0,534,8,"rabbit","run_v31528324269381",1,0.402144076151074,0.156532302053965,0.358856483409319,0.0824671383856422,0.402144076151074
"486",0,535,8,"rabbit","run_v31531770788487",1,0.532217319112537,0.14256887288307,0.154671609510249,0.170542198494144,0.532217319112537
"487",0,536,8,"rabbit","run_v31531684414594",0,0.318324103364569,0.220591982504829,0.344602950934301,0.1164809631963,0.318324103364569
"488",0,537,8,"rabbit","run_v31530650564568",1,0.442813664685554,0.151086075979169,0.327080689926792,0.0790195694084853,0.442813664685554
"489",0,538,8,"rabbit","run_v31532037422524",0,0.245565673090754,0.349568331440347,0.231576436984071,0.173289558484828,0.245565673090754
"490",0,539,8,"rabbit","run_v31531779637393",1,0.591408445241895,0.153396799130103,0.135518985158464,0.119675770469538,0.591408445241895
"491",0,54,5,"bird","run_v31530647850978",1,0.457771673121503,0.457771673121503,0.389928089627142,0.0580653223126386,0.0942349149387162
"492",0,540,8,"rabbit","run_v31531511496550",0,0.211430840274012,0.299459869029243,0.246902851118965,0.24220643957778,0.211430840274012
"493",0,541,8,"rabbit","run_v31532043793468",1,0.526319002209693,0.129078142891471,0.269147907176516,0.0754549477223197,0.526319002209693
"494",0,542,8,"rabbit","run_v31528658399219",1,0.462140237875581,0.125464713758941,0.339629968928071,0.0727650794374071,0.462140237875581
"495",0,543,8,"rabbit","run_v31531425150399",1,0.344388084222482,0.270242587662481,0.303424278663375,0.0819450494516616,0.344388084222482
"496",0,544,8,"rabbit","run_v31530563421820",0,0.210973805004397,0.347672042730747,0.218358013747988,0.222996138516868,0.210973805004397
"497",0,545,8,"rabbit","run_v31530553622585",1,0.503702802015091,0.198403093652929,0.205524253700593,0.0923698506313879,0.503702802015091
"498",0,546,8,"rabbit","run_v31531695363694",1,0.430374846482705,0.256052444767815,0.257696924042397,0.055875784707083,0.430374846482705
"499",0,547,8,"rabbit","run_v31528492236649",1,0.379675956517134,0.192821330339987,0.271397443526339,0.15610526961654,0.379675956517134
"500",0,548,8,"rabbit","run_v31531686508439",0,0.315724058362031,0.162490694266859,0.399824473516209,0.121960773854902,0.315724058362031
"501",0,549,8,"rabbit","run_v31529359799192",1,0.595499595473015,0.0941684654518193,0.237161828650706,0.0731701104244598,0.595499595473015
"502",0,55,5,"bird","run_v31531341840525",0,0.197204441232657,0.197204441232657,0.352893011125531,0.251455951584542,0.198446596057269
"503",0,550,8,"rabbit","run_v31528673399057",1,0.439978615356839,0.143847716889406,0.358058053447614,0.0581156143061408,0.439978615356839
"504",0,551,8,"rabbit","run_v31532111494633",0,0.266947033858936,0.198263212972937,0.266729861459956,0.26805989170817,0.266947033858936
"505",0,552,8,"rabbit","run_v31528578599110",1,0.326480476520363,0.266628887361156,0.284390171642871,0.12250046447561,0.326480476520363
"506",0,553,8,"rabbit","run_v31529426399365",1,0.395310092981064,0.199680136679739,0.32585313660695,0.0791566337322475,0.395310092981064
"507",0,554,8,"rabbit","run_v31531693363638",1,0.327520830977786,0.226582871250294,0.192139000729027,0.253757297042893,0.327520830977786
"508",0,555,8,"rabbit","run_v31530643497768",0,0.232896567133244,0.321209093482783,0.228993554659152,0.216900784724821,0.232896567133244
"509",0,556,8,"rabbit","run_v31531853118396",1,0.364660005169576,0.168164982818906,0.288698406151281,0.178476605860238,0.364660005169576
"510",0,557,8,"rabbit","run_v31527960931784",1,0.325822164721398,0.147901346181462,0.296809592755248,0.229466896341892,0.325822164721398
"511",0,558,8,"rabbit","run_v31528493095544",1,0.49355621874451,0.171713557457901,0.291246652356352,0.0434835714412369,0.49355621874451
"512",0,559,8,"rabbit","run_v31528065690229",1,0.325387842662698,0.322581342725611,0.219596688895469,0.132434125716223,0.325387842662698
"513",0,56,6,"bird","run_v31531594269284",1,0.339920901340039,0.339920901340039,0.195307366562566,0.198568343945081,0.266203388152315
"514",0,57,6,"bird","run_v31529358887044",1,0.441500952571198,0.441500952571198,0.20131774901196,0.213847457318941,0.143333841097902
"515",0,58,6,"bird","run_v31531776375845",0,0.132256739683846,0.132256739683846,0.33222840378465,0.178313483707556,0.357201372823948
"516",0,59,6,"bird","run_v31532112624073",1,0.350483403049209,0.350483403049209,0.149414009823062,0.269161415907859,0.23094117121987
"517",0,6,4,"bird","run_v31531692039108",0,0.170640473324419,0.170640473324419,0.328107465494694,0.218709317867855,0.282542743313032
"518",0,60,6,"bird","run_v31530747157999",0,0.224408393522204,0.224408393522204,0.397549870738222,0.22822855404767,0.149813181691904
"519",0,61,6,"bird","run_v31528320073908",1,0.309809561770658,0.309809561770658,0.145596528495357,0.272293005627291,0.272300904106695
"520",0,62,6,"bird","run_v31530654982647",1,0.369890395120783,0.369890395120783,0.198638066790703,0.0963723359286034,0.335099202159911
"521",0,63,6,"bird","run_v31531697804442",1,0.337900323081315,0.337900323081315,0.322028921993815,0.171736102434388,0.168334652490483
"522",0,64,6,"bird","run_v31528409084005",0,0.155037919583267,0.155037919583267,0.240499359925292,0.34876717430003,0.255695546191411
"523",0,65,6,"bird","run_v31531345439383",0,0.212445380253971,0.212445380253971,0.272607333721955,0.28939516759575,0.225552118428324
"524",0,66,6,"bird","run_v31528663382629",1,0.358095264716387,0.358095264716387,0.326415151278479,0.06093381768353,0.254555766321604
"525",0,67,6,"bird","run_v31530390310095",1,0.442696591347897,0.442696591347897,0.193061623793045,0.18226788019246,0.181973904666597
"526",0,68,6,"bird","run_v31528229399210",0,0.259324233954505,0.259324233954505,0.46356984076911,0.14485334946303,0.132252575813355
"527",0,69,6,"bird","run_v31531848222253",0,0.243079642019203,0.243079642019203,0.0891374125524574,0.37509497618655,0.29268796924179
"528",0,7,4,"bird","run_v31530478539938",1,0.377822071469415,0.377822071469415,0.286972915634359,0.258301931025675,0.0769030818705506
"529",0,70,6,"bird","run_v31531425410975",1,0.396244684271516,0.396244684271516,0.228141014709794,0.0998698367862453,0.275744464232444
"530",0,71,6,"bird","run_v31528747490464",0,0.348499948632126,0.348499948632126,0.087176562727149,0.449121379636292,0.115202109004433
"531",0,72,6,"bird","run_v31528746703642",0,0.322514094799703,0.322514094799703,0.102629259525023,0.402748651182886,0.172107994492387
"532",0,73,6,"bird","run_v31531857501990",1,0.359160140549313,0.359160140549313,0.208361373445127,0.198554330117209,0.233924155888351
"533",0,74,6,"bird","run_v31531341196691",0,0.155453018785774,0.155453018785774,0.302004758142391,0.206477051136546,0.336065171935288
"534",0,75,6,"bird","run_v31531421766660",1,0.309692787687511,0.309692787687511,0.263511236862608,0.148302301303622,0.278493674146259
"535",0,76,6,"bird","run_v31531601459423",1,0.355360350489702,0.355360350489702,0.284683035143227,0.198754347154654,0.161202267212417
"536",0,77,6,"bird","run_v31528671848731",1,0.353763573208,0.353763573208,0.195450882666982,0.288472173088632,0.162313371036387
"537",0,78,6,"bird","run_v31528584866783",1,0.360559769256932,0.360559769256932,0.342228871618476,0.123315013368476,0.173896345756115
"538",0,79,6,"bird","run_v31528583252900",0,0.283543691867296,0.283543691867296,0.175703670814237,0.349050043180307,0.19170259413816
"539",0,8,4,"bird","run_v31531505500838",1,0.294047308467267,0.294047308467267,0.22367260295934,0.245338891555941,0.236941197017452
"540",0,80,6,"bird","run_v31531685252808",1,0.358389924833464,0.358389924833464,0.257157556589424,0.30471590195534,0.0797366166217717
"541",0,81,6,"bird","run_v31528501199314",1,0.392597606976965,0.392597606976965,0.306346271265702,0.134941343245392,0.166114778511941
"542",0,82,6,"bird","run_v31532113255816",0,0.310214281114344,0.310214281114344,0.31524741152627,0.269913688383297,0.104624618976088
"543",0,83,6,"bird","run_v31528064164353",0,0.219871814981642,0.219871814981642,0.247408701695421,0.405187501354672,0.127531981968266
"544",0,84,7,"bird","run_v31528065927196",0,0.186637680296545,0.186637680296545,0.394034338351584,0.192159295851649,0.227168685500221
"545",0,85,7,"bird","run_v31530817481755",0,0.199064132679277,0.199064132679277,0.295597135579779,0.191908658953634,0.31343007278731
"546",0,86,7,"bird","run_v31531952793335",1,0.278984306750762,0.278984306750762,0.199825222173103,0.268428365307216,0.252762105768919
"547",0,87,7,"bird","run_v31531769584349",0,0.204871252497995,0.204871252497995,0.341556559621494,0.244747692069339,0.208824495811172
"548",0,88,7,"bird","run_v31529522399308",0,0.271011546292515,0.271011546292515,0.360957049007974,0.228372886878492,0.13965851782102
"549",0,89,7,"bird","run_v31528064999186",0,0.350747315793152,0.350747315793152,0.383369020908002,0.120929546616432,0.144954116682414
"550",0,9,4,"bird","run_v31531858496244",0,0.221174015286894,0.221174015286894,0.172219034961271,0.54213801559442,0.0644689341574142
"551",0,90,7,"bird","run_v31528057829952",0,0.2549916561478,0.2549916561478,0.342992325798462,0.221272930417996,0.180743087635741
"552",0,91,7,"bird","run_v31530729544848",0,0.334526251710859,0.334526251710859,0.254382114164855,0.373116748249377,0.0379748858749091
"553",0,92,7,"bird","run_v31528478999353",1,0.385477082638339,0.385477082638339,0.261839925469935,0.228093308685996,0.124589683205731
"554",0,93,7,"bird","run_v31528999012122",0,0.200858531311607,0.200858531311607,0.236836514248154,0.330218816616458,0.232086137823782
"555",0,94,7,"bird","run_v31531954185970",1,0.408134731514729,0.408134731514729,0.249572896143197,0.180695686834485,0.161596685507589
"556",0,95,7,"bird","run_v31530818736526",1,0.433385308529678,0.433385308529678,0.295876475714188,0.172331231942464,0.0984069838136703
"557",0,96,7,"bird","run_v31530737301771",1,0.345444037273589,0.345444037273589,0.299435748555269,0.256353958142217,0.0987662560289246
"558",0,97,7,"bird","run_v31529438726305",1,0.325703744771621,0.325703744771621,0.202960645263976,0.303093197543327,0.168242412421076
"559",0,98,7,"bird","run_v31531506560996",1,0.359244293144511,0.359244293144511,0.241640085390592,0.105911788839542,0.293203832625355
"560",0,99,7,"bird","run_v31531508609741",0,0.281051231589284,0.281051231589284,0.192061370291611,0.380988053436064,0.145899344683041
