"","X","index","age","target_label","session_id","correct_or_not","target_label_prob","bottle_prob","cup_prob","hat_prob","lamp_prob"
"1",0,0,4,"bottle","run_v51553887843756",0,0.247555305831284,0.247555305831284,0.339356914481728,0.192541183053294,0.220546596633693
"2",0,1,4,"bottle","run_v51552858078304",1,0.298985061514532,0.298985061514532,0.209388982983252,0.268697212093006,0.22292874340921
"3",0,10,4,"bottle","run_v51552770188636",0,0.295111095335987,0.295111095335987,0.178923364858975,0.131821589314737,0.394143950490301
"4",0,100,8,"bottle","run_v51559930598927",1,0.37599077097652,0.37599077097652,0.0932327038908142,0.237289890737201,0.293486634395465
"5",0,101,8,"bottle","run_v51553893238574",1,0.398754447292651,0.398754447292651,0.205422030054101,0.113296950957377,0.282526571695871
"6",0,102,8,"bottle","run_v51551567992295",1,0.346582924185305,0.346582924185305,0.292756112095147,0.208663994124511,0.151996969595037
"7",0,103,8,"bottle","run_v51553633295766",0,0.148778768661513,0.148778768661513,0.365726427064288,0.265683292613877,0.219811511660323
"8",0,104,8,"bottle","run_v51551909728765",0,0.281762796799928,0.281762796799928,0.2157662282732,0.314049921700622,0.18842105322625
"9",0,105,8,"bottle","run_v51557003502778",1,0.433001381157444,0.433001381157444,0.259284628520594,0.120824482938575,0.186889507383388
"10",0,106,8,"bottle","run_v51554317223964",0,0.300137256779724,0.300137256779724,0.312723881417425,0.183719768473228,0.203419093329623
"11",0,107,8,"bottle","run_v51559331520095",1,0.412496120334209,0.412496120334209,0.274762497138113,0.156601446881422,0.156139935646257
"12",0,108,8,"bottle","run_v51554244662859",1,0.312279569742498,0.312279569742498,0.162404814097753,0.275517534469519,0.249798081690229
"13",0,109,8,"bottle","run_v51558037997656",0,0.324183884636539,0.324183884636539,0.293708838902332,0.0411047917168964,0.341002484744232
"14",0,11,4,"bottle","run_v51556049882118",1,0.298989038652835,0.298989038652835,0.296918076208814,0.135705883521759,0.268387001616592
"15",0,110,8,"bottle","run_v51560111154330",0,0.29434744599337,0.29434744599337,0.114654788222492,0.203537041317872,0.387460724466267
"16",0,111,8,"bottle","run_v51559330598410",0,0.294183565224158,0.294183565224158,0.223829345695501,0.132875030876943,0.349112058203398
"17",0,112,8,"bottle","run_v51555537028415",0,0.368305447971569,0.368305447971569,0.121420267941304,0.138497144376128,0.371777139710999
"18",0,113,8,"bottle","run_v51556398345936",1,0.410076980228474,0.410076980228474,0.233678525680179,0.0647710722378633,0.291473421853484
"19",0,114,8,"bottle","run_v51553885548026",1,0.541776872034446,0.541776872034446,0.0940512268137073,0.184242669114933,0.179929232036914
"20",0,115,8,"bottle","run_v51552157094166",1,0.340548872333099,0.340548872333099,0.276800817816336,0.152656247234452,0.229994062616113
"21",0,116,8,"bottle","run_v51560538640461",1,0.487519896774777,0.487519896774777,0.0775286102874472,0.0583859603040179,0.376565532633758
"22",0,117,8,"bottle","run_v51554592091500",1,0.416882166672425,0.416882166672425,0.135400156875714,0.118022959697223,0.329694716754639
"23",0,118,8,"bottle","run_v51554842978180",1,0.387245687676617,0.387245687676617,0.106765784974762,0.210667137673352,0.295321389675269
"24",0,119,8,"bottle","run_v51552080524544",1,0.409413456735913,0.409413456735913,0.106026461425038,0.159904936875379,0.324655144963669
"25",0,12,4,"bottle","run_v51557010277935",0,0.20098259346069,0.20098259346069,0.416243449906605,0.0375800829530276,0.345193873679678
"26",0,120,8,"bottle","run_v51560112994686",0,0.335366637250031,0.335366637250031,0.366640501477409,0.0479485368122797,0.25004432446028
"27",0,121,8,"bottle","run_v51551381627322",0,0.303817327657708,0.303817327657708,0.265583250589804,0.0737016658970195,0.356897755855468
"28",0,122,8,"bottle","run_v51558639580595",0,0.172450740646834,0.172450740646834,0.534204753567223,0.210615592217295,0.0827289135686486
"29",0,123,8,"bottle","run_v51556320084108",0,0.35241413550284,0.35241413550284,0.399004341006591,0.0756687672396792,0.17291275625089
"30",0,124,8,"bottle","run_v51554842554303",1,0.429813369059721,0.429813369059721,0.250615135389343,0.126865196454415,0.19270629909652
"31",0,125,4,"cup","run_v31533676898644",0,0.347480329002668,0.385102570680115,0.347480329002668,0.0892089482573531,0.178208152059864
"32",0,126,4,"cup","run_v31527796093103",0,0.271745221402754,0.173860170001467,0.271745221402754,0.356198767779693,0.198195840816086
"33",0,127,4,"cup","run_v31533423147779",0,0.189732036951788,0.294181854084374,0.189732036951788,0.334656582890428,0.181429526073411
"34",0,128,4,"cup","run_v31535144598435",0,0.287049705089611,0.17493540245299,0.287049705089611,0.190813369632578,0.347201522824821
"35",0,129,4,"cup","run_v31532716386819",0,0.262627578431343,0.196102372858226,0.262627578431343,0.383112307334463,0.158157741375968
"36",0,13,4,"bottle","run_v51554677239378",0,0.34171552161017,0.34171552161017,0.399690329227899,0.217943444859156,0.0406507043027749
"37",0,130,4,"cup","run_v31533842874893",0,0.358833472411273,0.105368745763284,0.358833472411273,0.444847647489054,0.0909501343363882
"38",0,131,4,"cup","run_v31535480202543",0,0.217591790161439,0.228764932198288,0.217591790161439,0.172333316536702,0.381309961103571
"39",0,132,4,"cup","run_v31532465462021",1,0.501177873215378,0.259635643376536,0.501177873215378,0.141098786165007,0.0980876972430795
"40",0,133,4,"cup","run_v31533501243808",1,0.499173475335053,0.135669586407199,0.499173475335053,0.293028653046245,0.0721282852115028
"41",0,134,4,"cup","run_v31533580208532",0,0.255370298045381,0.40177184593751,0.255370298045381,0.104284187490241,0.238573668526868
"42",0,135,4,"cup","run_v31534719986198",0,0.219039170306118,0.214465045640451,0.219039170306118,0.241168586000968,0.325327198052463
"43",0,136,4,"cup","run_v31535572782711",1,0.527525793068525,0.0956002830630916,0.527525793068525,0.343152943311566,0.033720980556817
"44",0,137,4,"cup","run_v31533838239709",0,0.275470629856331,0.242354682919191,0.275470629856331,0.356308315305217,0.125866371919261
"45",0,138,4,"cup","run_v31527009966236",0,0.287506044115739,0.136038989475806,0.287506044115739,0.365952201735332,0.210502764673123
"46",0,139,4,"cup","run_v31526507469435",0,0.331278966049704,0.141617299123756,0.331278966049704,0.432119965383441,0.0949837694430991
"47",0,14,4,"bottle","run_v51554067219848",0,0.33117194665707,0.33117194665707,0.172809173889164,0.0797611291168623,0.416257750336903
"48",0,140,4,"cup","run_v31526250064091",1,0.501380287555516,0.228134034154933,0.501380287555516,0.200165115079868,0.0703205632096825
"49",0,141,4,"cup","run_v31534622195685",0,0.318291007412642,0.176750513002745,0.318291007412642,0.365557811101492,0.139400668483121
"50",0,142,4,"cup","run_v31536013710996",1,0.365126590594938,0.271713753917896,0.365126590594938,0.21756603772727,0.145593617759896
"51",0,143,4,"cup","run_v31525899254114",0,0.2732486938941,0.180072762774798,0.2732486938941,0.244232603746206,0.302445939584896
"52",0,144,4,"cup","run_v31526673903441",0,0.355133284574932,0.381015375196349,0.355133284574932,0.146431289442356,0.117420050786363
"53",0,145,4,"cup","run_v31533244161520",0,0.286243219922632,0.272973714538734,0.286243219922632,0.0899147770831149,0.35086828845552
"54",0,146,4,"cup","run_v31527719230278",0,0.291432583305151,0.216141082075962,0.291432583305151,0.105131401224804,0.387294933394083
"55",0,147,4,"cup","run_v31534374597805",1,0.438301171159528,0.185952585367351,0.438301171159528,0.0587954677813018,0.316950775691819
"56",0,148,4,"cup","run_v31534015651863",1,0.370989593257077,0.225763011627159,0.370989593257077,0.187721061489236,0.215526333626528
"57",0,149,4,"cup","run_v31535232802285",0,0.14335210364482,0.222973504101138,0.14335210364482,0.365666027660292,0.26800836459375
"58",0,15,4,"bottle","run_v51558726096809",0,0.282458054934498,0.282458054934498,0.423959264650246,0.17656611137725,0.117016569038006
"59",0,150,5,"cup","run_v31534023554835",0,0.270649633922804,0.24451913864025,0.270649633922804,0.362792241080181,0.122038986356765
"60",0,151,5,"cup","run_v31533759980347",1,0.488725619561855,0.290495370639703,0.488725619561855,0.0763793261731113,0.144399683625331
"61",0,152,5,"cup","run_v31532810666315",1,0.479493034304968,0.207763582402114,0.479493034304968,0.176494182642393,0.136249200650524
"62",0,153,5,"cup","run_v31534188734091",1,0.521408979411297,0.330816314304498,0.521408979411297,0.0503383926363891,0.0974363136478162
"63",0,154,5,"cup","run_v31532466446992",1,0.436951132074069,0.136717163238104,0.436951132074069,0.279264614773001,0.147067089914826
"64",0,155,5,"cup","run_v31533152649611",1,0.516197972699102,0.153880151867619,0.516197972699102,0.293785450957933,0.036136424475346
"65",0,156,5,"cup","run_v31526072947360",1,0.391024285112964,0.346196983023159,0.391024285112964,0.0689036874289005,0.193875044434977
"66",0,157,5,"cup","run_v31534202459269",1,0.412411749981565,0.40904835241633,0.412411749981565,0.0528980638296498,0.125641833772456
"67",0,158,5,"cup","run_v31535228633652",1,0.450110961650594,0.339291077334099,0.450110961650594,0.137923087568196,0.0726748734471112
"68",0,159,5,"cup","run_v31532979795589",1,0.333788154150306,0.238433972932752,0.333788154150306,0.213079595747119,0.214698277169823
"69",0,16,4,"bottle","run_v51553376362481",1,0.390963446171832,0.390963446171832,0.217103339052435,0.116747053274004,0.275186161501728
"70",0,160,5,"cup","run_v31532637678672",1,0.559232446786576,0.199382718101548,0.559232446786576,0.107401109878585,0.133983725233292
"71",0,161,5,"cup","run_v31534195785640",1,0.479441100897955,0.169508703446413,0.479441100897955,0.260680888930785,0.0903693067248467
"72",0,162,5,"cup","run_v31527888854913",1,0.387303783593815,0.257922253366892,0.387303783593815,0.299222589558366,0.0555513734809269
"73",0,163,5,"cup","run_v31526492191665",1,0.39191808084936,0.197554078214179,0.39191808084936,0.321191848909522,0.089335992026939
"74",0,164,5,"cup","run_v31533063333125",1,0.405768442874453,0.302029520036808,0.405768442874453,0.188603273204009,0.103598763884731
"75",0,165,5,"cup","run_v31532982445797",1,0.436906998225444,0.279815547277032,0.436906998225444,0.16552364938913,0.117753805108395
"76",0,166,5,"cup","run_v31534620925622",1,0.36010697762705,0.108847138366555,0.36010697762705,0.292202134584651,0.238843749421744
"77",0,167,5,"cup","run_v31534621366270",1,0.414418932264544,0.119716770519768,0.414418932264544,0.253328481493036,0.212535815722652
"78",0,168,5,"cup","run_v31534185251325",1,0.380625884720382,0.236424630964879,0.380625884720382,0.187981366762976,0.194968117551763
"79",0,169,5,"cup","run_v31534283389631",1,0.340719683309693,0.338346498058812,0.340719683309693,0.0381163922453251,0.28281742638617
"80",0,17,4,"bottle","run_v51554837617296",0,0.204836887285039,0.204836887285039,0.260830929093036,0.28001485297747,0.254317330644456
"81",0,170,5,"cup","run_v31534884845283",1,0.399870079053336,0.243229408065415,0.399870079053336,0.270125409148467,0.0867751037327821
"82",0,171,5,"cup","run_v31526766708947",1,0.297960464634835,0.195165775796656,0.297960464634835,0.243036700909434,0.263837058659075
"83",0,172,5,"cup","run_v31535917520092",1,0.525320666415176,0.260765240863282,0.525320666415176,0.120134500749855,0.0937795919716868
"84",0,173,5,"cup","run_v31526766142852",1,0.337805238184713,0.324467896671252,0.337805238184713,0.150254341061723,0.187472524082313
"85",0,174,5,"cup","run_v31535318407670",0,0.347953748164355,0.360171935422449,0.347953748164355,0.0248968000508508,0.266977516362345
"86",0,175,6,"cup","run_v31533063763887",1,0.476722837844971,0.269124852486016,0.476722837844971,0.184294877209986,0.0698574324590269
"87",0,176,6,"cup","run_v31534189212873",1,0.454068853902466,0.112722113770502,0.454068853902466,0.199097703670799,0.234111328656232
"88",0,177,6,"cup","run_v31525974358965",1,0.348665004528213,0.293077834805746,0.348665004528213,0.243022779986381,0.11523438067966
"89",0,178,6,"cup","run_v31532992438456",1,0.404090352401345,0.372341263351607,0.404090352401345,0.079187595678072,0.144380788568976
"90",0,179,6,"cup","run_v31525891444648",0,0.170547202881184,0.305994885265666,0.170547202881184,0.364249911697676,0.159208000155474
"91",0,18,4,"bottle","run_v51554586003752",0,0.157349037571418,0.157349037571418,0.350422936341373,0.404052036957782,0.088175989129428
"92",0,180,6,"cup","run_v31532810871513",1,0.414840751442682,0.22328297741342,0.414840751442682,0.328068258786163,0.0338080123577357
"93",0,181,6,"cup","run_v31533243618682",0,0.276145175336059,0.326314483669546,0.276145175336059,0.0929776969170708,0.304562644077324
"94",0,182,6,"cup","run_v31533764295190",1,0.452100588828871,0.288482770567288,0.452100588828871,0.244033555223484,0.015383085380356
"95",0,183,6,"cup","run_v31532557871071",1,0.478198051228105,0.200979259025576,0.478198051228105,0.183531946642612,0.137290743103707
"96",0,184,6,"cup","run_v31533592571677",1,0.403230095023957,0.265754270078919,0.403230095023957,0.178500823916903,0.152514810980222
"97",0,185,6,"cup","run_v31535837101386",1,0.44862769800828,0.206925351556285,0.44862769800828,0.270026409898279,0.0744205405371565
"98",0,186,6,"cup","run_v31533404434586",1,0.46106496042411,0.0755715995114047,0.46106496042411,0.393565318737187,0.0697981213272991
"99",0,187,6,"cup","run_v31533669370613",0,0.32907965453497,0.371112479195662,0.32907965453497,0.113854999100315,0.185952867169053
"100",0,188,6,"cup","run_v31534462048848",1,0.381251911215492,0.231583418963035,0.381251911215492,0.267886721266607,0.119277948554865
"101",0,189,6,"cup","run_v31533674112220",1,0.541746755532111,0.16328805891943,0.541746755532111,0.120279929325268,0.174685256223191
"102",0,19,4,"bottle","run_v51558979611917",0,0.175722222363534,0.175722222363534,0.257804435870966,0.429596187245824,0.136877154519675
"103",0,190,6,"cup","run_v31535833177598",0,0.230448244546499,0.264373063666524,0.230448244546499,0.239076148228594,0.266102543558382
"104",0,191,6,"cup","run_v31533674418156",0,0.0993366671903014,0.381088929723199,0.0993366671903014,0.258963064818779,0.26061133826772
"105",0,192,6,"cup","run_v31535325173638",0,0.188393892550754,0.351008055441718,0.188393892550754,0.199536029129316,0.261062022878212
"106",0,193,6,"cup","run_v31533579967773",1,0.495816219992814,0.238441816605957,0.495816219992814,0.117454863316173,0.148287100085057
"107",0,194,6,"cup","run_v31534462278048",1,0.370792968522262,0.276250542536898,0.370792968522262,0.168779607064755,0.184176881876084
"108",0,195,6,"cup","run_v31532548328580",1,0.503536680430563,0.199632273500503,0.503536680430563,0.142754357528423,0.154076688540512
"109",0,196,6,"cup","run_v31526506411620",0,0.217666793309799,0.275353189167818,0.217666793309799,0.398636024258428,0.108343993263955
"110",0,197,6,"cup","run_v31533657599749",1,0.359177662783085,0.20958649677862,0.359177662783085,0.29880551902268,0.132430321415615
"111",0,198,6,"cup","run_v31533065061260",1,0.563462230265405,0.248746587006358,0.563462230265405,0.107605377574873,0.080185805153364
"112",0,199,6,"cup","run_v31534274873024",0,0.248665439784469,0.348281012392261,0.248665439784469,0.100391307250843,0.302662240572426
"113",0,2,4,"bottle","run_v51558912062464",0,0.212098354156114,0.212098354156114,0.345830209509939,0.0928426091329948,0.349228827200952
"114",0,20,4,"bottle","run_v51553117783837",0,0.296488750961471,0.296488750961471,0.346262715043978,0.22861701637443,0.128631517620121
"115",0,200,7,"cup","run_v31527793036538",0,0.151917133359025,0.174725414980629,0.151917133359025,0.292969539982201,0.380387911678145
"116",0,201,7,"cup","run_v31533937924711",0,0.0691488911375905,0.330635657815367,0.0691488911375905,0.188349865065878,0.411865585981165
"117",0,202,7,"cup","run_v31534884454991",1,0.359827442135335,0.206395606633589,0.359827442135335,0.266741752910585,0.167035198320491
"118",0,203,7,"cup","run_v31533678925659",1,0.479770725516639,0.196003033673235,0.479770725516639,0.113101292269276,0.21112494854085
"119",0,204,7,"cup","run_v31526598717979",1,0.389573063819285,0.356616161112574,0.389573063819285,0.141173906448108,0.112636868620033
"120",0,205,7,"cup","run_v31534362509433",1,0.543941206719233,0.142349115176604,0.543941206719233,0.203590782546435,0.110118895557729
"121",0,206,7,"cup","run_v31534627755874",1,0.331948522021954,0.203052852899607,0.331948522021954,0.278368210810799,0.186630414267639
"122",0,207,7,"cup","run_v31534195654681",1,0.510311421368896,0.174647273022628,0.510311421368896,0.244210698926954,0.0708306066815223
"123",0,208,7,"cup","run_v31533245866603",1,0.393876094015967,0.174120144303086,0.393876094015967,0.189843723525557,0.24216003815539
"124",0,209,7,"cup","run_v31533077875433",1,0.440345091006284,0.379118466949849,0.440345091006284,0.0384955649459638,0.142040877097902
"125",0,21,4,"bottle","run_v51552600944822",1,0.361007304520337,0.361007304520337,0.176271702547444,0.17150870186277,0.291212291069449
"126",0,210,7,"cup","run_v31533239668735",1,0.465249411930814,0.241612742849852,0.465249411930814,0.116939486668621,0.176198358550713
"127",0,211,7,"cup","run_v31533422700557",1,0.43957332391185,0.23056634290889,0.43957332391185,0.309175695794931,0.0206846373843289
"128",0,212,7,"cup","run_v31536076800189",0,0.187196127332563,0.228877071339976,0.187196127332563,0.376420898533253,0.207505902794207
"129",0,213,7,"cup","run_v31535144819845",1,0.563558081802383,0.278344497051205,0.563558081802383,0.0739798448711165,0.0841175762752949
"130",0,214,7,"cup","run_v31532726852504",1,0.521561353704589,0.139471665770976,0.521561353704589,0.280027234512294,0.0589397460121413
"131",0,215,7,"cup","run_v31526244386384",1,0.461297079340094,0.27717078140218,0.461297079340094,0.0628731139297574,0.198659025327968
"132",0,216,7,"cup","run_v31533335412720",1,0.404841040876493,0.393991802340328,0.404841040876493,0.0877176854173554,0.113449471365824
"133",0,217,7,"cup","run_v31526417564997",1,0.54956444784781,0.137465694742738,0.54956444784781,0.15599795521124,0.156971902198212
"134",0,218,7,"cup","run_v31534966969603",1,0.397575244363651,0.320514830332006,0.397575244363651,0.151705542855326,0.130204382449017
"135",0,219,7,"cup","run_v31534113078748",0,0.266846772553854,0.33761310012798,0.266846772553854,0.179764559780657,0.215775567537509
"136",0,22,4,"bottle","run_v51559078059260",1,0.296191447786308,0.296191447786308,0.259227367756256,0.204870339247354,0.239710845210081
"137",0,220,7,"cup","run_v31534196024538",1,0.434102094905403,0.211618795730297,0.434102094905403,0.301642064421787,0.0526370449425127
"138",0,221,7,"cup","run_v31533765027411",0,0.263030659859118,0.196496199961966,0.263030659859118,0.369699618176181,0.170773522002735
"139",0,222,7,"cup","run_v31535920734002",0,0.291970540286308,0.112638045862716,0.291970540286308,0.497600416780019,0.0977909970709574
"140",0,223,7,"cup","run_v31534024394133",1,0.474947222573931,0.203137087954291,0.474947222573931,0.224286178283507,0.0976295111882717
"141",0,224,7,"cup","run_v31535233720666",1,0.513862374937372,0.196480188095166,0.513862374937372,0.125123358946934,0.164534078020528
"142",0,225,8,"cup","run_v31535998725313",1,0.457386894163817,0.137412646668595,0.457386894163817,0.359677631430724,0.0455228277368639
"143",0,226,8,"cup","run_v31533325007534",1,0.500885351597841,0.182332340534056,0.500885351597841,0.197219375950209,0.119562931917894
"144",0,227,8,"cup","run_v31535320606662",1,0.41407091374193,0.196872709599932,0.41407091374193,0.32836960540638,0.0606867712517577
"145",0,228,8,"cup","run_v31534118008687",1,0.578723864188095,0.249231328745126,0.578723864188095,0.0742105634068799,0.0978342436598994
"146",0,229,8,"cup","run_v31532469229565",1,0.349560911242144,0.180652444450048,0.349560911242144,0.292733679725132,0.177052964582676
"147",0,23,4,"bottle","run_v51557607797157",0,0.260886583493382,0.260886583493382,0.213419140309377,0.259550739556655,0.266143536640585
"148",0,230,8,"cup","run_v31532980106776",0,0.357999625649667,0.401402665994789,0.357999625649667,0.0662286815463935,0.174369026809151
"149",0,231,8,"cup","run_v31533241811959",1,0.520138367572145,0.174591780372242,0.520138367572145,0.266801103139023,0.0384687489165895
"150",0,232,8,"cup","run_v31533851188116",1,0.513293827781968,0.145046101349822,0.513293827781968,0.22248158985964,0.11917848100857
"151",0,233,8,"cup","run_v31526074471797",0,0.292639301307135,0.167447068210929,0.292639301307135,0.330806361999892,0.209107268482044
"152",0,234,8,"cup","run_v31533166611248",1,0.454666094436258,0.196454323032798,0.454666094436258,0.181021466077838,0.167858116453106
"153",0,235,8,"cup","run_v31533070361004",0,0.192703879771006,0.318566617201051,0.192703879771006,0.314122813090921,0.174606689937022
"154",0,236,8,"cup","run_v31533766614584",0,0.250960156443016,0.238164821218679,0.250960156443016,0.354430895307349,0.156444127030956
"155",0,237,8,"cup","run_v31534104042262",0,0.366151145705104,0.382841159615108,0.366151145705104,0.0848501341498022,0.166157560529985
"156",0,238,8,"cup","run_v31535838516023",1,0.506627440919398,0.0832843847407457,0.506627440919398,0.366804585530369,0.0432835888094879
"157",0,239,8,"cup","run_v31534794949914",1,0.603477243344843,0.242019965019527,0.603477243344843,0.111652393787976,0.042850397847654
"158",0,24,4,"bottle","run_v51556404440397",0,0.142291467240983,0.142291467240983,0.252626003227979,0.24341822838099,0.361664301150048
"159",0,240,8,"cup","run_v31533330406869",1,0.487703402205152,0.189372968816854,0.487703402205152,0.279256774723835,0.0436668542541596
"160",0,241,8,"cup","run_v31534634178243",1,0.344301867003418,0.235255547063297,0.344301867003418,0.293041587635744,0.127400998297541
"161",0,242,8,"cup","run_v31535321609979",1,0.454255840275252,0.193389237076261,0.454255840275252,0.299483700954202,0.0528712216942855
"162",0,243,8,"cup","run_v31534199098795",1,0.337746598569704,0.231695320349413,0.337746598569704,0.258634688536579,0.171923392544304
"163",0,244,8,"cup","run_v31532475011111",1,0.461232424012038,0.293986683526618,0.461232424012038,0.211127673263535,0.0336532191978082
"164",0,245,8,"cup","run_v31533588906491",1,0.345033274432682,0.217674898133359,0.345033274432682,0.320348001118841,0.116943826315118
"165",0,246,8,"cup","run_v31526253016255",1,0.459702270661782,0.122030387787271,0.459702270661782,0.208792558978452,0.209474782572495
"166",0,247,8,"cup","run_v31534018489312",1,0.362362862894776,0.270027293600329,0.362362862894776,0.0453156920533906,0.322294151451505
"167",0,248,8,"cup","run_v31533150870177",1,0.508713140088467,0.343220430850627,0.508713140088467,0.0864441220403791,0.0616223070205269
"168",0,249,8,"cup","run_v31533422134475",1,0.424330508327635,0.361280086440498,0.424330508327635,0.0256049114246271,0.18878449380724
"169",0,25,5,"bottle","run_v51556484185634",1,0.29664390591497,0.29664390591497,0.24713244952464,0.241685940792802,0.214537703767588
"170",0,250,4,"hat","run_v51551568336375",1,0.389124938907407,0.242689395951534,0.253606926552069,0.389124938907407,0.114578738588991
"171",0,251,4,"hat","run_v51553801943020",1,0.462232847951425,0.160223600263301,0.151853834958144,0.462232847951425,0.22568971682713
"172",0,252,4,"hat","run_v51553465554528",1,0.332838169186358,0.198062700861675,0.288375486501698,0.332838169186358,0.180723643450269
"173",0,253,4,"hat","run_v51553809821956",1,0.464270335223994,0.153956041861131,0.184043664783818,0.464270335223994,0.197729958131057
"174",0,254,4,"hat","run_v51559245680139",0,0.125482472822447,0.344270381977059,0.395609739203011,0.125482472822447,0.134637405997483
"175",0,255,4,"hat","run_v51556049882118",1,0.371240457540482,0.0981946143393615,0.266604681284637,0.371240457540482,0.26396024683552
"176",0,256,4,"hat","run_v51551658620303",1,0.324704203791172,0.288606308319209,0.306366412604192,0.324704203791172,0.0803230752854262
"177",0,257,4,"hat","run_v51555274012878",0,0.301345275387484,0.060970590627446,0.387096404591776,0.301345275387484,0.250587729393293
"178",0,258,4,"hat","run_v51555186252606",1,0.371418314923705,0.200831395386485,0.314616268317127,0.371418314923705,0.113134021372682
"179",0,259,4,"hat","run_v51559083773923",1,0.350406560307008,0.294305237755459,0.157570661245281,0.350406560307008,0.197717540692252
"180",0,26,5,"bottle","run_v51554849956734",0,0.361003638906856,0.361003638906856,0.388157300436758,0.0505638229183179,0.200275237738069
"181",0,260,4,"hat","run_v51554498928718",0,0.129938798710728,0.261909216102531,0.399588286412638,0.129938798710728,0.208563698774103
"182",0,261,4,"hat","run_v51557607797157",0,0.292844521810035,0.313986002337882,0.181300004485093,0.292844521810035,0.211869471366989
"183",0,262,4,"hat","run_v51557095433396",0,0.335526189451318,0.376275257381365,0.0794670626980292,0.335526189451318,0.208731490469288
"184",0,263,4,"hat","run_v51558914501030",0,0.242498961964647,0.237439250690906,0.329768666999761,0.242498961964647,0.190293120344686
"185",0,264,4,"hat","run_v51559515347611",1,0.480053165070479,0.0672451888933139,0.303503980522107,0.480053165070479,0.1491976655141
"186",0,265,4,"hat","run_v51554413825804",1,0.306424769183377,0.248179889768087,0.150075055395733,0.306424769183377,0.295320285652804
"187",0,266,4,"hat","run_v51553887843756",0,0.14730658603982,0.316165187352684,0.303930180228325,0.14730658603982,0.232598046379172
"188",0,267,4,"hat","run_v51558300054956",0,0.283667392360361,0.230590594919734,0.314984432764839,0.283667392360361,0.170757579955066
"189",0,268,4,"hat","run_v51553456201140",0,0.208527293580865,0.305912998016637,0.227890427212297,0.208527293580865,0.257669281190202
"190",0,269,4,"hat","run_v51556492287573",1,0.41996475627229,0.153536563000422,0.333760762142557,0.41996475627229,0.0927379185847312
"191",0,27,5,"bottle","run_v51553720160938",1,0.426173962023369,0.426173962023369,0.298170836795633,0.0861024196847695,0.189552781496228
"192",0,270,4,"hat","run_v51558914810301",1,0.3542509964922,0.151266219026558,0.25638409738618,0.3542509964922,0.238098687095062
"193",0,271,4,"hat","run_v51558896732578",0,0.222105664699871,0.219090693469036,0.173008199151206,0.222105664699871,0.385795442679887
"194",0,272,4,"hat","run_v51552072311457",0,0.324955200075377,0.135214352287748,0.400309135371494,0.324955200075377,0.13952131226538
"195",0,273,4,"hat","run_v51554228951919",0,0.320627918327419,0.199332896196086,0.131322188134441,0.320627918327419,0.348716997342054
"196",0,274,4,"hat","run_v51557014086662",0,0.244774590102959,0.219027442452604,0.356960640220443,0.244774590102959,0.179237327223993
"197",0,275,5,"hat","run_v51556055821811",1,0.3505786979247,0.0833845940936477,0.278036571521501,0.3505786979247,0.288000136460151
"198",0,276,5,"hat","run_v51557081744609",1,0.285490980822091,0.255591266795882,0.18959761090436,0.285490980822091,0.269320141477667
"199",0,277,5,"hat","run_v51558221797714",1,0.526322800642533,0.230703620519613,0.103178520074135,0.526322800642533,0.139795058763719
"200",0,278,5,"hat","run_v51559857465198",0,0.282765469025932,0.211603140232056,0.328422944761678,0.282765469025932,0.177208445980334
"201",0,279,5,"hat","run_v51553461183265",0,0.181175494600281,0.232917927860306,0.407444364471647,0.181175494600281,0.178462213067767
"202",0,28,5,"bottle","run_v51553379734895",1,0.351466038453623,0.351466038453623,0.0621017688034369,0.238592227232205,0.347839965510735
"203",0,280,5,"hat","run_v51553889026116",1,0.408619699285262,0.235036365460597,0.240461790085337,0.408619699285262,0.115882145168803
"204",0,281,5,"hat","run_v51552260590539",0,0.383028214838442,0.0995546624364485,0.427295504234516,0.383028214838442,0.0901216184905933
"205",0,282,5,"hat","run_v51557428036380",1,0.396848460432029,0.204742712985699,0.203038392962987,0.396848460432029,0.195370433619284
"206",0,283,5,"hat","run_v51555613207560",1,0.39792582603976,0.236232311889775,0.178912335416629,0.39792582603976,0.186929526653836
"207",0,284,5,"hat","run_v51558898665118",1,0.469298320949462,0.155321206202024,0.301643850065647,0.469298320949462,0.0737366227828662
"208",0,285,5,"hat","run_v51558295601832",1,0.535987583920723,0.198124885437808,0.149239683052841,0.535987583920723,0.116647847588628
"209",0,286,5,"hat","run_v51558211345975",1,0.479708628564303,0.252963003092517,0.177383875705189,0.479708628564303,0.0899444926379905
"210",0,287,5,"hat","run_v51556654301331",1,0.363916244993421,0.358680192145593,0.0486820062493141,0.363916244993421,0.228721556611672
"211",0,288,5,"hat","run_v51558736467617",1,0.306639694885459,0.273488589755766,0.290041263307995,0.306639694885459,0.12983045205078
"212",0,289,5,"hat","run_v51559428154157",1,0.448756806260929,0.1327559160499,0.269812470613341,0.448756806260929,0.148674807075831
"213",0,29,5,"bottle","run_v51557428324150",0,0.25841958946529,0.25841958946529,0.111663341914925,0.169461239418579,0.460455829201206
"214",0,290,5,"hat","run_v51556404950459",1,0.39984866493527,0.151425072695963,0.134888820710091,0.39984866493527,0.313837441658676
"215",0,291,5,"hat","run_v51551565977122",1,0.485590735495935,0.174085237524628,0.16047331140134,0.485590735495935,0.179850715578097
"216",0,292,5,"hat","run_v51552588306734",1,0.383890601165561,0.286211474225579,0.19412318643217,0.383890601165561,0.13577473817669
"217",0,293,5,"hat","run_v51554676378621",1,0.430532833807378,0.317633744503681,0.136046952453941,0.430532833807378,0.115786469235
"218",0,294,5,"hat","run_v51553119012312",0,0.202082601919571,0.210139805487612,0.292143616957721,0.202082601919571,0.295633975635096
"219",0,295,5,"hat","run_v51560024371581",1,0.35106670436301,0.300701590125549,0.203468195892694,0.35106670436301,0.144763509618747
"220",0,296,5,"hat","run_v51559851850227",1,0.342769121705768,0.319747425000476,0.286294264048298,0.342769121705768,0.0511891892454586
"221",0,297,5,"hat","run_v51552168571480",0,0.219843239658885,0.234278419361116,0.448959580365093,0.219843239658885,0.096918760614905
"222",0,298,5,"hat","run_v51556484521210",1,0.412644068147397,0.25953834883903,0.298778126235864,0.412644068147397,0.0290394567777093
"223",0,299,5,"hat","run_v51551572317881",0,0.33303959666146,0.194470236567635,0.368301446156717,0.33303959666146,0.104188720614188
"224",0,3,4,"bottle","run_v51558298498026",1,0.403011229016904,0.403011229016904,0.258342003131783,0.128880887620961,0.209765880230352
"225",0,30,5,"bottle","run_v51554835501474",1,0.292779601306942,0.292779601306942,0.247318817556131,0.273011401871931,0.186890179264996
"226",0,300,6,"hat","run_v51553286513982",0,0.233724211244272,0.17584111734923,0.286390188752646,0.233724211244272,0.304044482653852
"227",0,301,6,"hat","run_v51551657606958",1,0.451621055753073,0.0599910549375368,0.346579359422398,0.451621055753073,0.141808529886992
"228",0,302,6,"hat","run_v51554837232334",1,0.407413996617886,0.235676607028798,0.125695569899694,0.407413996617886,0.231213826453622
"229",0,303,6,"hat","run_v51551395186273",1,0.393602583638603,0.154251488882722,0.247443869831562,0.393602583638603,0.204702057647114
"230",0,304,6,"hat","run_v51555525834818",1,0.414563617144238,0.283591112841592,0.207094150022796,0.414563617144238,0.0947511199913748
"231",0,305,6,"hat","run_v51559681538227",1,0.489942920242323,0.206844095369412,0.231440293971525,0.489942920242323,0.0717726904167401
"232",0,306,6,"hat","run_v51559856610638",1,0.371006825019074,0.239691186765943,0.277019185924222,0.371006825019074,0.112282802290761
"233",0,307,6,"hat","run_v51554059098969",1,0.352673361257194,0.195807523773483,0.257188378564974,0.352673361257194,0.194330736404348
"234",0,308,6,"hat","run_v51560366845250",1,0.493488248615353,0.261399599707038,0.131512768045138,0.493488248615353,0.113599383632471
"235",0,309,6,"hat","run_v51555612825463",0,0.263584665373722,0.187677486936354,0.287279510369602,0.263584665373722,0.261458337320322
"236",0,31,5,"bottle","run_v51560033984768",0,0.349924403097792,0.349924403097792,0.220293601311229,0.0585766768180965,0.371205318772883
"237",0,310,6,"hat","run_v51560468264630",1,0.358106373184503,0.197756045364124,0.338202331403828,0.358106373184503,0.105935250047544
"238",0,311,6,"hat","run_v51557082087084",0,0.232789508279276,0.258247916304908,0.181291159887757,0.232789508279276,0.327671415528059
"239",0,312,6,"hat","run_v51556234746121",1,0.458076241398167,0.144540851386959,0.274447559855952,0.458076241398167,0.122935347358921
"240",0,313,6,"hat","run_v51555697358369",1,0.376654044325533,0.127565300770328,0.282464635272509,0.376654044325533,0.21331601963163
"241",0,314,6,"hat","run_v51558307797546",1,0.340941015371331,0.157256782190083,0.335313671397909,0.340941015371331,0.166488531040677
"242",0,315,6,"hat","run_v51552774577123",0,0.353714160996826,0.109353852292013,0.365102298445076,0.353714160996826,0.171829688266085
"243",0,316,6,"hat","run_v51551563084420",0,0.263721580936591,0.294259339486652,0.0457394777633729,0.263721580936591,0.396279601813385
"244",0,317,6,"hat","run_v51559585250795",1,0.402501401793745,0.171356314900845,0.38842346060892,0.402501401793745,0.037718822696491
"245",0,318,6,"hat","run_v51551468269961",1,0.355496010744621,0.244156401001768,0.243034971872338,0.355496010744621,0.157312616381273
"246",0,319,6,"hat","run_v51558983550240",1,0.37437204577702,0.186951347904862,0.348796285284911,0.37437204577702,0.0898803210332074
"247",0,32,5,"bottle","run_v51553459487814",1,0.358675866261551,0.358675866261551,0.29085458977216,0.199720509558892,0.150749034407398
"248",0,320,6,"hat","run_v51559244475149",1,0.391829729328302,0.249715288899266,0.129970785133147,0.391829729328302,0.228484196639284
"249",0,321,6,"hat","run_v51560462009068",1,0.434577763714328,0.232585839268789,0.162635988510108,0.434577763714328,0.170200408506774
"250",0,322,6,"hat","run_v51553898791324",0,0.366290563572099,0.111454653561679,0.39106815609095,0.366290563572099,0.131186626775273
"251",0,323,6,"hat","run_v51551657233165",1,0.516464940142328,0.272886649706481,0.0946946049530513,0.516464940142328,0.11595380519814
"252",0,324,6,"hat","run_v51558817349546",1,0.515109277853359,0.182029624223797,0.228895050768857,0.515109277853359,0.073966047153987
"253",0,325,7,"hat","run_v51554236668184",1,0.303207827277043,0.22166727807046,0.216033939120862,0.303207827277043,0.259090955531635
"254",0,326,7,"hat","run_v51553105370875",1,0.329502798801157,0.186357007433805,0.28428001746758,0.329502798801157,0.199860176297458
"255",0,327,7,"hat","run_v51552500403975",1,0.47278440951697,0.240620714093402,0.0928360940950274,0.47278440951697,0.1937587822946
"256",0,328,7,"hat","run_v51556821910089",1,0.549279918117103,0.123566906589031,0.1707601179254,0.549279918117103,0.156393057368467
"257",0,329,7,"hat","run_v51555705347935",0,0.255945336562438,0.256802541044732,0.243631186792706,0.255945336562438,0.243620935600124
"258",0,33,5,"bottle","run_v51560277341772",0,0.12559028473488,0.12559028473488,0.328398430398566,0.353508239251196,0.192503045615358
"259",0,330,7,"hat","run_v51555713597748",1,0.371246686177507,0.203497709282656,0.363651456024343,0.371246686177507,0.0616041485154946
"260",0,331,7,"hat","run_v51553374525535",1,0.534514747076114,0.249514908757669,0.0585674819943829,0.534514747076114,0.157402862171835
"261",0,332,7,"hat","run_v51554486130640",0,0.376231052576342,0.195727069067475,0.0513600404141769,0.376231052576342,0.376681837942006
"262",0,333,7,"hat","run_v51559074038142",0,0.155301339786523,0.295739329407165,0.418360683127279,0.155301339786523,0.130598647679033
"263",0,334,7,"hat","run_v51555091491159",0,0.169564011038115,0.25107587560457,0.161855178079641,0.169564011038115,0.417504935277675
"264",0,335,7,"hat","run_v51553717746402",1,0.422440880189771,0.198778907785811,0.186078935627911,0.422440880189771,0.192701276396506
"265",0,336,7,"hat","run_v51556142211513",1,0.434165920769648,0.089710974320604,0.365950325698554,0.434165920769648,0.110172779211195
"266",0,337,7,"hat","run_v51560036993322",1,0.487477931854011,0.23916125707956,0.125469286894236,0.487477931854011,0.147891524172193
"267",0,338,7,"hat","run_v51554410715695",1,0.415485153838208,0.227902173639061,0.179013027927564,0.415485153838208,0.177599644595167
"268",0,339,7,"hat","run_v51558722531964",1,0.502531726865985,0.117854097653008,0.157219354109634,0.502531726865985,0.222394821371374
"269",0,34,5,"bottle","run_v51554578816600",0,0.291616493707555,0.291616493707555,0.127864562923177,0.374338264820196,0.206180678549072
"270",0,340,7,"hat","run_v51555279161226",1,0.270083085621648,0.242331009723894,0.255445826648409,0.270083085621648,0.232140078006048
"271",0,341,7,"hat","run_v51558474894016",0,0.305956968251353,0.331082596832616,0.176065039545644,0.305956968251353,0.186895395370387
"272",0,342,7,"hat","run_v51557694409288",1,0.41316384459492,0.24489622264998,0.134926984744323,0.41316384459492,0.207012948010778
"273",0,343,7,"hat","run_v51555454938377",0,0.328761679774915,0.211289140071106,0.127499188423281,0.328761679774915,0.332449991730698
"274",0,344,7,"hat","run_v51558908235586",1,0.410594983526412,0.275650333409183,0.131617226154147,0.410594983526412,0.182137456910259
"275",0,345,7,"hat","run_v51551570796977",1,0.255458664003279,0.248911764695749,0.247844737231343,0.255458664003279,0.247784834069629
"276",0,346,7,"hat","run_v51557943852106",1,0.420838251095449,0.170291208317255,0.255358137218004,0.420838251095449,0.153512403369291
"277",0,347,7,"hat","run_v51555187432669",1,0.466692270840041,0.0921070380060211,0.325150540094353,0.466692270840041,0.116050151059585
"278",0,348,7,"hat","run_v51558814173007",1,0.338827270146343,0.240106334405281,0.249021573947918,0.338827270146343,0.172044821500459
"279",0,349,7,"hat","run_v51555965357957",1,0.332013480933751,0.166443000925171,0.231345870379232,0.332013480933751,0.270197647761846
"280",0,35,5,"bottle","run_v51555799536913",1,0.396774039213195,0.396774039213195,0.158826614942011,0.151157435195593,0.293241910649201
"281",0,350,8,"hat","run_v51560538640461",1,0.315153664351082,0.227772492816176,0.263867073497321,0.315153664351082,0.193206769335422
"282",0,351,8,"hat","run_v51551567992295",1,0.428407653035505,0.190258910250258,0.246249386437656,0.428407653035505,0.135084050276581
"283",0,352,8,"hat","run_v51556301427958",1,0.37330720544348,0.158671125623568,0.303720005291268,0.37330720544348,0.164301663641684
"284",0,353,8,"hat","run_v51553885548026",1,0.434601929329744,0.208446683281734,0.309185604034578,0.434601929329744,0.0477657833539449
"285",0,354,8,"hat","run_v51560113198854",1,0.36257331665502,0.299752441105679,0.292336704703588,0.36257331665502,0.0453375375357126
"286",0,355,8,"hat","run_v51552686589193",1,0.444276237514149,0.175097222949688,0.229288129928894,0.444276237514149,0.151338409607269
"287",0,356,8,"hat","run_v51559501707942",1,0.35255548182923,0.198366848214271,0.308898722511465,0.35255548182923,0.140178947445033
"288",0,357,8,"hat","run_v51552686195165",0,0.279669964630779,0.273909111524965,0.312140025838712,0.279669964630779,0.134280898005544
"289",0,358,8,"hat","run_v51559324944817",0,0.211750635623425,0.323653303569664,0.0938190963472791,0.211750635623425,0.370776964459632
"290",0,359,8,"hat","run_v51554244662859",1,0.464554304228344,0.150229025912066,0.279646578580405,0.464554304228344,0.105570091279185
"291",0,36,5,"bottle","run_v51551565977122",0,0.17299319711776,0.17299319711776,0.231868216733061,0.347411354230192,0.247727231918987
"292",0,360,8,"hat","run_v51554842554303",1,0.315604296632168,0.264530291820598,0.21635292896094,0.315604296632168,0.203512482586294
"293",0,361,8,"hat","run_v51556320084108",1,0.426261287764444,0.236674371014413,0.191370329858907,0.426261287764444,0.145694011362236
"294",0,362,8,"hat","run_v51554670890273",1,0.420123001555699,0.178354543943512,0.335171167579453,0.420123001555699,0.0663512869213349
"295",0,363,8,"hat","run_v51553026756650",1,0.432730706810852,0.169699030046348,0.280524291869181,0.432730706810852,0.117045971273618
"296",0,364,8,"hat","run_v51555443263070",1,0.469250772357432,0.121216014157735,0.260761257515036,0.469250772357432,0.148771955969798
"297",0,365,8,"hat","run_v51555007996195",1,0.479251869990216,0.192356993456681,0.0967914160374047,0.479251869990216,0.231599720515698
"298",0,366,8,"hat","run_v51560274881372",1,0.415464794669077,0.289932426488124,0.0548372210834238,0.415464794669077,0.239765557759375
"299",0,367,8,"hat","run_v51557003502778",1,0.480730827030245,0.145954495272367,0.130383891365004,0.480730827030245,0.242930786332384
"300",0,368,8,"hat","run_v51555526710441",0,0.312827770920454,0.210022164944781,0.159328080589365,0.312827770920454,0.3178219835454
"301",0,369,8,"hat","run_v51554331048921",1,0.351951140426375,0.268450940539243,0.226153570275034,0.351951140426375,0.153444348759348
"302",0,37,5,"bottle","run_v51560290677705",1,0.443713632657017,0.443713632657017,0.152445362989521,0.145401295579729,0.258439708773733
"303",0,370,8,"hat","run_v51554669213832",0,0.253320759848017,0.322644044962221,0.181519656784027,0.253320759848017,0.242515538405735
"304",0,371,8,"hat","run_v51559331520095",1,0.435538143711455,0.327008203939915,0.0801700838075345,0.435538143711455,0.157283568541096
"305",0,372,8,"hat","run_v51551383733410",1,0.29902963974639,0.245851151077177,0.289147940401642,0.29902963974639,0.165971268774791
"306",0,373,8,"hat","run_v51560284416411",1,0.391879972282827,0.203999414947689,0.145298442123498,0.391879972282827,0.258822170645986
"307",0,374,8,"hat","run_v51556215662283",1,0.456156816747119,0.230075403953173,0.190968162011436,0.456156816747119,0.122799617288272
"308",0,375,4,"lamp","run_v51559083773923",0,0.31137601838977,0.103000573535993,0.26266198506864,0.322961423005596,0.31137601838977
"309",0,376,4,"lamp","run_v51558036849512",1,0.345242674189889,0.299151914645532,0.245369399794764,0.110236011369815,0.345242674189889
"310",0,377,4,"lamp","run_v51558979306221",1,0.462425823574987,0.208377882781538,0.220857325685534,0.108338967957941,0.462425823574987
"311",0,378,4,"lamp","run_v51559083327293",0,0.172688011327433,0.210376765982999,0.218583170073716,0.398352052615852,0.172688011327433
"312",0,379,4,"lamp","run_v51553809821956",0,0.367262804623985,0.378240865064086,0.122581259637525,0.131915070674405,0.367262804623985
"313",0,38,5,"bottle","run_v51552604012494",1,0.377486818424624,0.377486818424624,0.215538906661054,0.180462032813736,0.226512242100585
"314",0,380,4,"lamp","run_v51559240370978",1,0.362437332293924,0.337612504273151,0.188849988334123,0.111100175098802,0.362437332293924
"315",0,381,4,"lamp","run_v51552173092443",0,0.241814422853021,0.271454211328911,0.260400312310739,0.226331053507329,0.241814422853021
"316",0,382,4,"lamp","run_v51558991026676",1,0.408549919757357,0.289326650146589,0.230784592305682,0.071338837790372,0.408549919757357
"317",0,383,4,"lamp","run_v51555698278732",1,0.316734536003011,0.246288654890168,0.24931346666098,0.187663342445841,0.316734536003011
"318",0,384,4,"lamp","run_v51552503778099",0,0.285503209507796,0.321082724897326,0.161234333837437,0.232179731757442,0.285503209507796
"319",0,385,4,"lamp","run_v51552078775167",0,0.274334107893048,0.342133781513188,0.182478819503049,0.201053291090715,0.274334107893048
"320",0,386,4,"lamp","run_v51558725414115",0,0.248374811807464,0.250748999477858,0.249940408674681,0.250935780039997,0.248374811807464
"321",0,387,4,"lamp","run_v51557256393998",0,0.183980535591139,0.228829009673833,0.223905595088144,0.363284859646884,0.183980535591139
"322",0,388,4,"lamp","run_v51555789909558",0,0.235733031069761,0.15774397569652,0.317555484570985,0.288967508662734,0.235733031069761
"323",0,389,4,"lamp","run_v51559515347611",1,0.339996031721385,0.274861668862994,0.281966492539985,0.103175806875636,0.339996031721385
"324",0,39,5,"bottle","run_v51551568695871",1,0.322654724031412,0.322654724031412,0.320416708038955,0.126589133769269,0.230339434160363
"325",0,390,4,"lamp","run_v51556148709530",0,0.196917524256688,0.213006728840488,0.253178808223382,0.336896938679442,0.196917524256688
"326",0,391,4,"lamp","run_v51554668075945",1,0.364007363117969,0.211598316596881,0.165110858031258,0.259283462253891,0.364007363117969
"327",0,392,4,"lamp","run_v51552770514069",0,0.295762186212968,0.337928639950143,0.253431681926819,0.112877491910071,0.295762186212968
"328",0,393,4,"lamp","run_v51555965987709",0,0.239354602798235,0.149385762068171,0.250680966714819,0.360578668418774,0.239354602798235
"329",0,394,4,"lamp","run_v51559075940804",1,0.362156417788784,0.315982214947834,0.190222426035801,0.131638941227581,0.362156417788784
"330",0,395,4,"lamp","run_v51557607797157",1,0.374391923507262,0.226926279054767,0.33252829497671,0.0661535024612616,0.374391923507262
"331",0,396,4,"lamp","run_v51555620983659",1,0.332154893394204,0.298553879269686,0.309509125724911,0.059782101611199,0.332154893394204
"332",0,397,4,"lamp","run_v51551568336375",1,0.454568102124551,0.217362375723175,0.100961663840979,0.227107858311294,0.454568102124551
"333",0,398,4,"lamp","run_v51553117783837",0,0.254162032425477,0.21177311053394,0.317669376377592,0.216395480662991,0.254162032425477
"334",0,399,4,"lamp","run_v51556826595950",0,0.115870356217286,0.239858263176201,0.341674696421223,0.30259668418529,0.115870356217286
"335",0,4,4,"bottle","run_v51556229216999",0,0.2813147549604,0.2813147549604,0.17116902099666,0.328700436299451,0.218815787743489
"336",0,40,5,"bottle","run_v51551483841983",1,0.370113847439437,0.370113847439437,0.232164733133897,0.193683284588429,0.204038134838237
"337",0,400,5,"lamp","run_v51560452337782",1,0.381391597513041,0.227218546948161,0.181658201781999,0.209731653756798,0.381391597513041
"338",0,401,5,"lamp","run_v51551997128539",1,0.358996846965122,0.345696046248024,0.0731535478820093,0.222153558904845,0.358996846965122
"339",0,402,5,"lamp","run_v51552512578712",0,0.309961492320589,0.386695811918701,0.229093912571929,0.0742487831887821,0.309961492320589
"340",0,403,5,"lamp","run_v51558558573619",0,0.275269624381762,0.294095281879488,0.380571358922682,0.050063734816068,0.275269624381762
"341",0,404,5,"lamp","run_v51553720368847",0,0.161606416387253,0.381087362843872,0.255609268249007,0.201696952519867,0.161606416387253
"342",0,405,5,"lamp","run_v51552587916010",1,0.330379281960245,0.299122161780521,0.165719479474947,0.204779076784287,0.330379281960245
"343",0,406,5,"lamp","run_v51551571627673",1,0.388575066509426,0.343373229637821,0.245096905806612,0.0229547980461406,0.388575066509426
"344",0,407,5,"lamp","run_v51554233882751",0,0.250997320100432,0.213550476259139,0.169254930700894,0.366197272939535,0.250997320100432
"345",0,408,5,"lamp","run_v51558219774217",0,0.282173825778606,0.260201717308384,0.161160379487648,0.296464077425363,0.282173825778606
"346",0,409,5,"lamp","run_v51554586627381",1,0.339404091192817,0.296340378111853,0.323685711319332,0.0405698193759978,0.339404091192817
"347",0,41,5,"bottle","run_v51557352287653",0,0.229231765951416,0.229231765951416,0.142815724662848,0.241131648598521,0.386820860787215
"348",0,410,5,"lamp","run_v51556312047811",1,0.403204523703663,0.263831203955843,0.237227449458769,0.0957368228817245,0.403204523703663
"349",0,411,5,"lamp","run_v51558295601832",0,0.353315506807374,0.143464295172499,0.361747281593343,0.141472916426784,0.353315506807374
"350",0,412,5,"lamp","run_v51556484521210",1,0.457259732211593,0.284283125122877,0.0890979227866576,0.169359219878873,0.457259732211593
"351",0,413,5,"lamp","run_v51552168571480",0,0.298387600079663,0.372133515784788,0.138710431450909,0.190768452684641,0.298387600079663
"352",0,414,5,"lamp","run_v51555280376627",0,0.310372970060512,0.311955141753272,0.199461520062878,0.178210368123338,0.310372970060512
"353",0,415,5,"lamp","run_v51559517853454",1,0.406533363284388,0.282034137714505,0.105808834091397,0.205623664909711,0.406533363284388
"354",0,416,5,"lamp","run_v51557428324150",0,0.156733303730641,0.31392149073716,0.273672153147576,0.255673052384623,0.156733303730641
"355",0,417,5,"lamp","run_v51556663321915",1,0.479341684762198,0.394360751081025,0.0791556560105961,0.0471419081461809,0.479341684762198
"356",0,418,5,"lamp","run_v51554587161548",1,0.656800836112104,0.175898229139001,0.100531715962801,0.0667692187860927,0.656800836112104
"357",0,419,5,"lamp","run_v51553119012312",1,0.284765938998668,0.236031545875429,0.209428687263384,0.269773827862518,0.284765938998668
"358",0,42,5,"bottle","run_v51556907810081",0,0.301954573003451,0.301954573003451,0.380202813877213,0.0797632216029391,0.238079391516397
"359",0,420,5,"lamp","run_v51551572317881",1,0.444207909530536,0.276008392797239,0.116518030147854,0.163265667524371,0.444207909530536
"360",0,421,5,"lamp","run_v51555793272400",1,0.525734794327638,0.225611787396046,0.165635139782846,0.0830182784934701,0.525734794327638
"361",0,422,5,"lamp","run_v51557428612999",0,0.260119351908446,0.227903440163989,0.274008101119629,0.237969106807936,0.260119351908446
"362",0,423,5,"lamp","run_v51559689428428",0,0.146640575434124,0.240140921151744,0.318393053197875,0.294825450216257,0.146640575434124
"363",0,424,5,"lamp","run_v51554918309743",0,0.160548071217651,0.290336736227169,0.220442590841886,0.328672601713294,0.160548071217651
"364",0,425,6,"lamp","run_v51551552197067",0,0.108324098598341,0.39422911552309,0.259463726656503,0.237983059222066,0.108324098598341
"365",0,426,6,"lamp","run_v51555697358369",1,0.412053088716572,0.262935071090277,0.140510654730584,0.184501185462566,0.412053088716572
"366",0,427,6,"lamp","run_v51560290385913",1,0.430769165164269,0.123782093439808,0.173607514389957,0.271841227005966,0.430769165164269
"367",0,428,6,"lamp","run_v51552677284421",1,0.388051687018147,0.362466879360268,0.0997808164095242,0.149700617212061,0.388051687018147
"368",0,429,6,"lamp","run_v51553374730811",1,0.387523805575369,0.26597213619079,0.187588346377568,0.158915711856272,0.387523805575369
"369",0,43,5,"bottle","run_v51553458291406",1,0.363912117596286,0.363912117596286,0.149269825813358,0.276675342692896,0.21014271389746
"370",0,430,6,"lamp","run_v51554059098969",1,0.4304481281176,0.314359222889384,0.128568674320759,0.126623974672257,0.4304481281176
"371",0,431,6,"lamp","run_v51559508852810",1,0.537966626907015,0.180089412356955,0.0867727612134966,0.195171199522534,0.537966626907015
"372",0,432,6,"lamp","run_v51554834197831",1,0.457476519573469,0.260198909357412,0.0278218781548749,0.254502692914244,0.457476519573469
"373",0,433,6,"lamp","run_v51551658232105",1,0.376928700160027,0.350347345920565,0.151060012723992,0.121663941195417,0.376928700160027
"374",0,434,6,"lamp","run_v51553455889555",1,0.407032705356965,0.363068950353159,0.0944750324866265,0.13542331180325,0.407032705356965
"375",0,435,6,"lamp","run_v51552073880256",1,0.424400067496629,0.26631359499851,0.232539146087854,0.0767471914170072,0.424400067496629
"376",0,436,6,"lamp","run_v51560369696123",1,0.466801472204885,0.261232871995429,0.124318295373716,0.14764736042597,0.466801472204885
"377",0,437,6,"lamp","run_v51558906081785",0,0.308247424359174,0.262195312134395,0.112108397266991,0.31744886623944,0.308247424359174
"378",0,438,6,"lamp","run_v51555103025746",1,0.420183919372892,0.197361771498649,0.0583365322532107,0.324117776875248,0.420183919372892
"379",0,439,6,"lamp","run_v51558995710482",0,0.263654859811611,0.315151033999434,0.181389648117231,0.239804458071724,0.263654859811611
"380",0,44,5,"bottle","run_v51559942144578",1,0.347726484009696,0.347726484009696,0.268672685652553,0.151383967828829,0.232216862508922
"381",0,440,6,"lamp","run_v51560462009068",1,0.310282870518359,0.135583757906634,0.291741400440746,0.262391971134261,0.310282870518359
"382",0,441,6,"lamp","run_v51556140526250",1,0.39615648771512,0.292416640462983,0.0547087952783294,0.256718076543567,0.39615648771512
"383",0,442,6,"lamp","run_v51551900493769",0,0.257938975766679,0.328466036951579,0.220938592205012,0.192656395076729,0.257938975766679
"384",0,443,6,"lamp","run_v51553109826228",1,0.384037313847738,0.231415901079849,0.0792337547796658,0.305313030292746,0.384037313847738
"385",0,444,6,"lamp","run_v51558307797546",1,0.415251821743633,0.343752721105617,0.209027122463352,0.0319683346873978,0.415251821743633
"386",0,445,6,"lamp","run_v51553109569161",1,0.388692506642524,0.372524550702773,0.106371067260003,0.1324118753947,0.388692506642524
"387",0,446,6,"lamp","run_v51551911561800",0,0.208127529942514,0.324257513043038,0.34084777639133,0.126767180623117,0.208127529942514
"388",0,447,6,"lamp","run_v51553277873742",0,0.328310317016376,0.348665662739456,0.201057382576267,0.121966637667901,0.328310317016376
"389",0,448,6,"lamp","run_v51555697712904",1,0.548356982621907,0.179972061962287,0.172123369668192,0.099547585747614,0.548356982621907
"390",0,449,6,"lamp","run_v51560366845250",0,0.171626587864809,0.375106898844164,0.285853750860178,0.167412762430849,0.171626587864809
"391",0,45,5,"bottle","run_v51557091067491",0,0.246523444198766,0.246523444198766,0.203145757666337,0.37082920360055,0.179501594534347
"392",0,450,7,"lamp","run_v51558308111512",1,0.594584795736261,0.208828553176038,0.125392615318621,0.0711940357690808,0.594584795736261
"393",0,451,7,"lamp","run_v51556405603216",0,0.148505135840675,0.272485834488712,0.366449188241939,0.212559841428675,0.148505135840675
"394",0,452,7,"lamp","run_v51558296117239",1,0.561708838906796,0.247314405034931,0.0882868918710728,0.1026898641872,0.561708838906796
"395",0,453,7,"lamp","run_v51559585037762",1,0.460570363400733,0.224078970859865,0.124126506850873,0.191224158888529,0.460570363400733
"396",0,454,7,"lamp","run_v51556311835567",1,0.417456279588568,0.329527978551086,0.19192041712095,0.0610953247393966,0.417456279588568
"397",0,455,7,"lamp","run_v51553105370875",1,0.399464589489764,0.189954747633542,0.019616915063618,0.390963747813076,0.399464589489764
"398",0,456,7,"lamp","run_v51556821910089",1,0.407539257638993,0.265782751705792,0.0787721525479796,0.247905838107236,0.407539257638993
"399",0,457,7,"lamp","run_v51557943852106",1,0.392273435853959,0.179542614557017,0.241723614924837,0.186460334664187,0.392273435853959
"400",0,458,7,"lamp","run_v51555012437735",1,0.401439467528551,0.1984138843309,0.19063362324011,0.209513024900439,0.401439467528551
"401",0,459,7,"lamp","run_v51556314730084",1,0.386156303318426,0.174522905388141,0.124142843416646,0.315177947876787,0.386156303318426
"402",0,46,5,"bottle","run_v51558219774217",1,0.390902099543872,0.390902099543872,0.227270192692454,0.157972344866217,0.223855362897458
"403",0,460,7,"lamp","run_v51560464647628",1,0.519243668513211,0.192816936938478,0.0654520566110736,0.222487337937237,0.519243668513211
"404",0,461,7,"lamp","run_v51554228441546",1,0.377285228196093,0.286778826355876,0.069268006121086,0.266667939326945,0.377285228196093
"405",0,462,7,"lamp","run_v51555713597748",0,0.233974145553407,0.279610335207581,0.178193913209562,0.30822160602945,0.233974145553407
"406",0,463,7,"lamp","run_v51553717089405",0,0.31311839225514,0.243471404403666,0.120632243023173,0.32277796031802,0.31311839225514
"407",0,464,7,"lamp","run_v51551381372446",0,0.253373701306567,0.259344155205422,0.216950514087186,0.270331629400825,0.253373701306567
"408",0,465,7,"lamp","run_v51555278897314",1,0.389934725771113,0.145280107891101,0.22104138185039,0.243743784487396,0.389934725771113
"409",0,466,7,"lamp","run_v51559246762100",1,0.581394407150026,0.263287265940628,0.0954337516533164,0.0598845752560295,0.581394407150026
"410",0,467,7,"lamp","run_v51558987342657",1,0.287526394626834,0.2228953606915,0.211457072873179,0.278121171808487,0.287526394626834
"411",0,468,7,"lamp","run_v51556039774257",0,0.240628990102716,0.286189849391152,0.220243681983746,0.252937478522386,0.240628990102716
"412",0,469,7,"lamp","run_v51555279161226",1,0.54991292885946,0.275397082367307,0.0723263993411902,0.102363589432043,0.54991292885946
"413",0,47,5,"bottle","run_v51558476298638",0,0.193416566916811,0.193416566916811,0.435828481997257,0.295978146601189,0.0747768044847432
"414",0,470,7,"lamp","run_v51559756804813",1,0.31870433424968,0.278398348180633,0.309757791131913,0.0931395264377741,0.31870433424968
"415",0,471,7,"lamp","run_v51559680762610",1,0.457356453792141,0.148697398583699,0.165878832590658,0.228067315033502,0.457356453792141
"416",0,472,7,"lamp","run_v51559330302675",1,0.481648908645294,0.241730365738128,0.174739891883306,0.101880833733272,0.481648908645294
"417",0,473,7,"lamp","run_v51551385448925",1,0.360844213894805,0.331313963389705,0.147681153742594,0.160160668972896,0.360844213894805
"418",0,474,7,"lamp","run_v51560034661701",0,0.291646847433058,0.397326407535365,0.169372680850292,0.141654064181285,0.291646847433058
"419",0,475,8,"lamp","run_v51551383733410",1,0.555322931662815,0.244708700213565,0.117355077181093,0.0826132909425267,0.555322931662815
"420",0,476,8,"lamp","run_v51558980471760",1,0.445475718802841,0.116187499952979,0.134671344899341,0.303665436344839,0.445475718802841
"421",0,477,8,"lamp","run_v51559330860169",1,0.347750286312584,0.235724406112359,0.126437725108444,0.290087582466613,0.347750286312584
"422",0,478,8,"lamp","run_v51560274881372",1,0.476689350751783,0.163157405419575,0.186291606481887,0.173861637346756,0.476689350751783
"423",0,479,8,"lamp","run_v51552686589193",0,0.321404410402393,0.219169509573384,0.345023826515926,0.114402253508297,0.321404410402393
"424",0,48,5,"bottle","run_v51554075232222",0,0.241726984404911,0.241726984404911,0.319256927396957,0.203456045383412,0.23556004281472
"425",0,480,8,"lamp","run_v51552686195165",1,0.340299427740447,0.23719430764386,0.291355541005222,0.131150723610471,0.340299427740447
"426",0,481,8,"lamp","run_v51554244662859",1,0.428136833984597,0.073690563218277,0.115795002420987,0.382377600376139,0.428136833984597
"427",0,482,8,"lamp","run_v51560113198854",1,0.629201626390102,0.22405966388715,0.0435580495901544,0.103180660132594,0.629201626390102
"428",0,483,8,"lamp","run_v51559930598927",1,0.423498995018559,0.273850934053329,0.108960402091596,0.193689668836516,0.423498995018559
"429",0,484,8,"lamp","run_v51556320084108",1,0.475357873035363,0.328666130953947,0.117937075748338,0.0780389202623526,0.475357873035363
"430",0,485,8,"lamp","run_v51551567992295",1,0.483323624773901,0.150391335817661,0.267729277809718,0.0985557615987198,0.483323624773901
"431",0,486,8,"lamp","run_v51551647564292",0,0.295957631234548,0.318902334414514,0.201846222267167,0.183293812083771,0.295957631234548
"432",0,487,8,"lamp","run_v51559501707942",1,0.494908581263417,0.331753891761595,0.060093450082543,0.113244076892445,0.494908581263417
"433",0,488,8,"lamp","run_v51552080524544",1,0.437250519942443,0.207402038004075,0.208211783645418,0.147135658408065,0.437250519942443
"434",0,489,8,"lamp","run_v51559330598410",1,0.555442798075853,0.218319721567758,0.121149475858658,0.105088004497731,0.555442798075853
"435",0,49,5,"bottle","run_v51553981856624",0,0.143636711903376,0.143636711903376,0.25826104741384,0.343165402756784,0.254936837926
"436",0,490,8,"lamp","run_v51555443263070",1,0.593376246509017,0.282480941860278,0.0554783656544638,0.068664445976241,0.593376246509017
"437",0,491,8,"lamp","run_v51554669213832",1,0.39872482229704,0.270577001596361,0.274174796748973,0.0565233793576262,0.39872482229704
"438",0,492,8,"lamp","run_v51553026756650",0,0.0747234353093342,0.315535396869087,0.348780267115383,0.260960900706196,0.0747234353093342
"439",0,493,8,"lamp","run_v51555186632265",1,0.405438561340781,0.330602239231839,0.141038189955508,0.122921009471872,0.405438561340781
"440",0,494,8,"lamp","run_v51554592091500",1,0.389032598124607,0.121440789539476,0.216291673127594,0.273234939208323,0.389032598124607
"441",0,495,8,"lamp","run_v51555526710441",1,0.441675014776958,0.302888457323526,0.225786066364268,0.0296504615352479,0.441675014776958
"442",0,496,8,"lamp","run_v51555007996195",0,0.226043786738729,0.249917324894166,0.152321549328214,0.37171733903889,0.226043786738729
"443",0,497,8,"lamp","run_v51557699462594",0,0.35704823339273,0.374314331695021,0.11136453146606,0.157272903446189,0.35704823339273
"444",0,498,8,"lamp","run_v51560538640461",0,0.0840571739345356,0.373714665795384,0.180656726884793,0.361571433385288,0.0840571739345356
"445",0,499,8,"lamp","run_v51558037997656",1,0.604430795188273,0.251547128595448,0.0431526067331347,0.100869469483144,0.604430795188273
"446",0,5,4,"bottle","run_v51559507216591",0,0.306983449508205,0.306983449508205,0.0801650563149446,0.342562174498512,0.270289319678338
"447",0,50,6,"bottle","run_v51558983902788",1,0.42656037394773,0.42656037394773,0.343135611821766,0.0303692686473569,0.199934745583147
"448",0,51,6,"bottle","run_v51554400963895",0,0.363269041563722,0.363269041563722,0.0656631166910086,0.17772276668026,0.39334507506501
"449",0,52,6,"bottle","run_v51558991863656",0,0.262815833344866,0.262815833344866,0.335126884052694,0.280536023554838,0.121521259047602
"450",0,53,6,"bottle","run_v51560363612381",0,0.275809838529191,0.275809838529191,0.26856516266469,0.306337022333048,0.149287976473071
"451",0,54,6,"bottle","run_v51557510900614",1,0.386701979897786,0.386701979897786,0.16089676467689,0.272861175770734,0.17954007965459
"452",0,55,6,"bottle","run_v51556234746121",0,0.353790839317022,0.353790839317022,0.115453772887532,0.361695124570507,0.169060263224939
"453",0,56,6,"bottle","run_v51553455889555",1,0.359937229905315,0.359937229905315,0.104439019687786,0.264631927639658,0.270991822767241
"454",0,57,6,"bottle","run_v51560539054002",1,0.381584342664309,0.381584342664309,0.253530678076951,0.0607646156692373,0.304120363589502
"455",0,58,6,"bottle","run_v51555613558665",1,0.360129008948513,0.360129008948513,0.196311039917593,0.225804043754039,0.217755907379855
"456",0,59,6,"bottle","run_v51560203356997",0,0.247158626075405,0.247158626075405,0.378107154183966,0.292651071620944,0.0820831481196846
"457",0,6,4,"bottle","run_v51558561332470",0,0.278116620417168,0.278116620417168,0.208376592573171,0.176447740587149,0.337059046422512
"458",0,60,6,"bottle","run_v51551567255389",1,0.35471451349278,0.35471451349278,0.221660113147909,0.122514815160815,0.301110558198497
"459",0,61,6,"bottle","run_v51558817349546",0,0.25452622684265,0.25452622684265,0.364411177285449,0.28079607407104,0.100266521800861
"460",0,62,6,"bottle","run_v51554059098969",1,0.414780905954944,0.414780905954944,0.087843363906091,0.196130312789702,0.301245417349263
"461",0,63,6,"bottle","run_v51553374730811",0,0.20269218328651,0.20269218328651,0.246473286053931,0.131000048070814,0.419834482588745
"462",0,64,6,"bottle","run_v51558307607274",1,0.41717402279032,0.41717402279032,0.241669547739373,0.153318120217135,0.187838309253172
"463",0,65,6,"bottle","run_v51553364435865",0,0.248576568122635,0.248576568122635,0.397916246055475,0.283486736895641,0.0700204489262494
"464",0,66,6,"bottle","run_v51553286513982",1,0.289282793756383,0.289282793756383,0.245709327554006,0.260005935582385,0.205001943107226
"465",0,67,6,"bottle","run_v51560462009068",1,0.311972115765479,0.311972115765479,0.196661966561128,0.300250944365517,0.191114973307876
"466",0,68,6,"bottle","run_v51551379596662",1,0.414220677236747,0.414220677236747,0.358149798137488,0.0295375408545843,0.198091983771181
"467",0,69,6,"bottle","run_v51551990331375",0,0.234615777933163,0.234615777933163,0.285501911787246,0.245252114846521,0.234630195433071
"468",0,7,4,"bottle","run_v51560536323143",0,0.330986663021841,0.330986663021841,0.462509323608518,0.126043594810153,0.0804604185594879
"469",0,70,6,"bottle","run_v51558989731046",0,0.302401116678713,0.302401116678713,0.235724352802578,0.1289345431915,0.332939987327209
"470",0,71,6,"bottle","run_v51555525834818",0,0.234382798587736,0.234382798587736,0.113147185351705,0.544078609875233,0.108391406185326
"471",0,72,6,"bottle","run_v51553025646460",1,0.420348114787504,0.420348114787504,0.107218348754964,0.2250512941715,0.247382242286032
"472",0,73,6,"bottle","run_v51559856610638",0,0.227593627698955,0.227593627698955,0.299133661607263,0.141114118365774,0.332158592328008
"473",0,74,6,"bottle","run_v51555095835260",1,0.371712908381553,0.371712908381553,0.231769438227032,0.217748201271973,0.178769452119442
"474",0,75,7,"bottle","run_v51551381372446",0,0.30453157665979,0.30453157665979,0.327565498161897,0.218362797441838,0.149540127736476
"475",0,76,7,"bottle","run_v51551384706708",1,0.491138828194068,0.491138828194068,0.178538163317513,0.17062737191677,0.159695636571649
"476",0,77,7,"bottle","run_v51551562071311",0,0.241141891454378,0.241141891454378,0.204924913208567,0.196994392924775,0.35693880241228
"477",0,78,7,"bottle","run_v51551565688320",1,0.471031549335345,0.471031549335345,0.211114073019198,0.16471771281826,0.153136664827197
"478",0,79,7,"bottle","run_v51552858595252",0,0.313716686745557,0.313716686745557,0.0949601827925515,0.264413943543538,0.326909186918354
"479",0,8,4,"bottle","run_v51559680279445",1,0.377566612427977,0.377566612427977,0.197323698096706,0.132527452677496,0.292582236797821
"480",0,80,7,"bottle","run_v51552862430569",1,0.375123088849699,0.375123088849699,0.23132910660769,0.0522499316945497,0.341297872848061
"481",0,81,7,"bottle","run_v51553374525535",1,0.349541717692399,0.349541717692399,0.248410117078731,0.122942923248278,0.279105241980592
"482",0,82,7,"bottle","run_v51553376068782",0,0.178551556974486,0.178551556974486,0.240293355075106,0.358295752221466,0.222859335728942
"483",0,83,7,"bottle","run_v51553717746402",0,0.256284179516349,0.256284179516349,0.288940886958876,0.370134834449204,0.0846400990755711
"484",0,84,7,"bottle","run_v51553880589226",1,0.398711892946445,0.398711892946445,0.304120986520254,0.114394778612758,0.182772341920543
"485",0,85,7,"bottle","run_v51554675414862",0,0.224333068610325,0.224333068610325,0.253679285719998,0.254168421564126,0.267819224105551
"486",0,86,7,"bottle","run_v51554920658699",1,0.468952335494113,0.468952335494113,0.146930553327375,0.0871527502253726,0.29696436095314
"487",0,87,7,"bottle","run_v51555524830250",0,0.303117835348392,0.303117835348392,0.394439615427404,0.10386163451523,0.198580914708974
"488",0,88,7,"bottle","run_v51556405322669",1,0.389616126897106,0.389616126897106,0.118725506808845,0.167019402593405,0.324638963700644
"489",0,89,7,"bottle","run_v51556405603216",1,0.321719536301017,0.321719536301017,0.156940577020221,0.229600514927018,0.291739371751744
"490",0,9,4,"bottle","run_v51557095104075",1,0.460698276620791,0.460698276620791,0.167309432720061,0.073351589994225,0.298640700664923
"491",0,90,7,"bottle","run_v51558724765640",0,0.24661051095158,0.24661051095158,0.304426123571932,0.190581798577153,0.258381566899335
"492",0,91,7,"bottle","run_v51558908235586",0,0.327913557481125,0.327913557481125,0.22790597833764,0.054637594731418,0.389542869449817
"493",0,92,7,"bottle","run_v51558988885579",1,0.405026203658911,0.405026203658911,0.217169167643776,0.210357386149306,0.167447242548007
"494",0,93,7,"bottle","run_v51559074038142",1,0.397044852694707,0.397044852694707,0.214303220299803,0.0548742680147454,0.333777658990745
"495",0,94,7,"bottle","run_v51559585037762",1,0.29866192710448,0.29866192710448,0.240233735288813,0.291021027104678,0.170083310502028
"496",0,95,7,"bottle","run_v51559590066947",1,0.45041766284138,0.45041766284138,0.304843317794053,0.0504004951806643,0.194338524183902
"497",0,96,7,"bottle","run_v51559680762610",1,0.428622578912356,0.428622578912356,0.110755759955496,0.135143511612572,0.325478149519576
"498",0,97,7,"bottle","run_v51559760362218",0,0.253666429517711,0.253666429517711,0.315404708446195,0.195426261536866,0.235502600499228
"499",0,98,7,"bottle","run_v51560036993322",1,0.440652849245237,0.440652849245237,0.148094042104736,0.139976423405811,0.271276685244216
"500",0,99,7,"bottle","run_v51560118443536",0,0.242319490235731,0.242319490235731,0.215580922291675,0.223259725062438,0.318839862410156
