"","X","index","age","target_label","session_id","correct_or_not","target_label_prob","bear_prob","camel_prob","sheep_prob","tiger_prob"
"1",0,0,4,"bear","run_v41541366640055",0,0.326173743713283,0.326173743713283,0.0558030978298005,0.3332458171567,0.284777341300217
"2",0,1,4,"bear","run_v41550444891547",1,0.326868663221968,0.326868663221968,0.27442399266189,0.211192272933403,0.187515071182739
"3",0,10,4,"bear","run_v41541977171207",1,0.314392086648371,0.314392086648371,0.164702938170074,0.232297366247386,0.288607608934169
"4",0,100,7,"bear","run_v41547838607877",0,0.275586578565351,0.275586578565351,0.14700006813293,0.205070202699148,0.372343150602571
"5",0,101,7,"bear","run_v41537140916863",1,0.38296702276862,0.38296702276862,0.141861901504759,0.325880522043956,0.149290553682664
"6",0,102,7,"bear","run_v41547408767380",1,0.356884749477246,0.356884749477246,0.162646560263551,0.234104682201495,0.246364008057708
"7",0,103,7,"bear","run_v41543701862443",1,0.407044934732768,0.407044934732768,0.235372206202197,0.136353428676674,0.22122943038836
"8",0,104,7,"bear","run_v41541795079639",1,0.50641486084239,0.50641486084239,0.11578399405523,0.203348866630392,0.174452278471988
"9",0,105,7,"bear","run_v41539546718723",0,0.150837354852967,0.150837354852967,0.363806351472615,0.200004676213222,0.285351617461197
"10",0,106,7,"bear","run_v41546290129966",0,0.283227834274032,0.283227834274032,0.34553008824033,0.245030055463558,0.12621202202208
"11",0,107,7,"bear","run_v41545862431887",1,0.383837915526574,0.383837915526574,0.15947916184397,0.138982591046025,0.317700331583431
"12",0,108,7,"bear","run_v41548018190980",0,0.119978402019344,0.119978402019344,0.206291655781946,0.311330531602984,0.362399410595726
"13",0,109,7,"bear","run_v41550353957200",0,0.0732468516789119,0.0732468516789119,0.374076538548189,0.35841845995898,0.194258149813919
"14",0,11,4,"bear","run_v41546123091990",0,0.139881983208362,0.139881983208362,0.370126829841725,0.281594278128386,0.208396908821526
"15",0,110,7,"bear","run_v41550451681105",1,0.404990988120724,0.404990988120724,0.174188012924333,0.252057788122118,0.168763210832824
"16",0,111,7,"bear","run_v41546214131221",1,0.420139335873483,0.420139335873483,0.15645643168846,0.0870868399154217,0.336317392522636
"17",0,112,7,"bear","run_v41542745024480",0,0.211517622203705,0.211517622203705,0.200635453711884,0.305511454372894,0.282335469711517
"18",0,113,7,"bear","run_v41550436394377",1,0.337405067051296,0.337405067051296,0.058534177417971,0.307133135516821,0.296927620013912
"19",0,114,7,"bear","run_v41550776340728",0,0.284583474819228,0.284583474819228,0.23886222197097,0.306289117089126,0.170265186120676
"20",0,115,7,"bear","run_v41545161591988",0,0.277150283187298,0.277150283187298,0.324361711654328,0.0992406846049801,0.299247320553394
"21",0,116,7,"bear","run_v41540501686279",1,0.473431749215186,0.473431749215186,0.165431561363134,0.159591821380337,0.201544868041343
"22",0,117,7,"bear","run_v41547670472741",1,0.477320170710254,0.477320170710254,0.128565908045609,0.187722700409202,0.206391220834934
"23",0,118,7,"bear","run_v41546285773334",1,0.395037392451518,0.395037392451518,0.180634429198539,0.271262760736828,0.153065417613115
"24",0,119,7,"bear","run_v41541705391929",0,0.202206237275741,0.202206237275741,0.235428994520402,0.293090910554629,0.269273857649228
"25",0,12,4,"bear","run_v41542408681480",0,0.234605779708552,0.234605779708552,0.426759490687467,0.149557447444135,0.189077282159846
"26",0,120,8,"bear","run_v41541372903587",0,0.322618094672068,0.322618094672068,0.118873858070541,0.324755341936838,0.233752705320553
"27",0,121,8,"bear","run_v41548270446566",1,0.356032141107834,0.356032141107834,0.117950861658691,0.296129573454916,0.229887423778559
"28",0,122,8,"bear","run_v41550089564281",1,0.401422608549369,0.401422608549369,0.125668181372519,0.358590662500306,0.114318547577806
"29",0,123,8,"bear","run_v41541189202663",0,0.089148058002486,0.089148058002486,0.168796266419982,0.327435018241126,0.414620657336405
"30",0,124,8,"bear","run_v41549133201243",1,0.423911786024497,0.423911786024497,0.113381782533685,0.103891888764611,0.358814542677207
"31",0,125,8,"bear","run_v41542061290742",1,0.394507745579242,0.394507745579242,0.146216661364718,0.12593371732341,0.333341875732631
"32",0,126,8,"bear","run_v41541268057770",1,0.31036340409847,0.31036340409847,0.248035608535474,0.252560679124136,0.18904030824192
"33",0,127,8,"bear","run_v41541970057187",0,0.175836659480492,0.175836659480492,0.296552211418352,0.256085134257483,0.271525994843673
"34",0,128,8,"bear","run_v41550184409838",1,0.367791943747253,0.367791943747253,0.066614080000227,0.238096233639172,0.327497742613347
"35",0,129,8,"bear","run_v41550691820082",1,0.434715898717438,0.434715898717438,0.123777021662928,0.197834385444062,0.243672694175573
"36",0,13,4,"bear","run_v41546034282139",0,0.08388177742684,0.08388177742684,0.424068863096663,0.25488297956883,0.237166379907667
"37",0,130,8,"bear","run_v41549145619445",1,0.363360654680984,0.363360654680984,0.197857399212424,0.166623886703167,0.272158059403424
"38",0,131,8,"bear","run_v41549242058905",1,0.433045459568698,0.433045459568698,0.197393700519257,0.196837217120578,0.172723622791467
"39",0,132,8,"bear","run_v41544996697682",0,0.249552771508277,0.249552771508277,0.122468789320993,0.317756234647982,0.310222204522749
"40",0,133,8,"bear","run_v41538867264244",0,0.24121116041652,0.24121116041652,0.379084622518406,0.259780664101721,0.119923552963353
"41",0,134,8,"bear","run_v41540587543956",0,0.351280048835617,0.351280048835617,0.405198671222235,0.136404337160026,0.107116942782123
"42",0,135,8,"bear","run_v41543106328096",1,0.297107863105988,0.297107863105988,0.190180731976558,0.290964525927777,0.221746878989677
"43",0,136,8,"bear","run_v41542057738079",1,0.335641326738168,0.335641326738168,0.17991309530731,0.287947199898153,0.196498378056368
"44",0,137,8,"bear","run_v41548106143019",0,0.325888130760439,0.325888130760439,0.0642140736757407,0.260823479676023,0.349074315887798
"45",0,138,8,"bear","run_v41539810430132",0,0.203435439342598,0.203435439342598,0.149316511487678,0.370778366275027,0.276469682894697
"46",0,139,8,"bear","run_v41545871278126",1,0.449609486360718,0.449609486360718,0.17259645164883,0.124098895025281,0.253695166965171
"47",0,14,4,"bear","run_v41548110965174",0,0.20626880919705,0.20626880919705,0.31038919513026,0.277234983423356,0.206107012249334
"48",0,140,8,"bear","run_v41539368944051",1,0.458776131834086,0.458776131834086,0.167829022816275,0.224052902923787,0.149341942425852
"49",0,141,8,"bear","run_v41541892835344",1,0.318732596778589,0.318732596778589,0.30971893562924,0.204792468964324,0.166755998627847
"50",0,142,8,"bear","run_v41544558603014",1,0.378292588596515,0.378292588596515,0.218146960536034,0.250965222226175,0.152595228641277
"51",0,143,8,"bear","run_v41541880421004",0,0.201820650519653,0.201820650519653,0.266741792209169,0.308053945199592,0.223383612071587
"52",0,144,8,"bear","run_v41537137428018",1,0.48399998576034,0.48399998576034,0.137000971761198,0.161307207579556,0.217691834898906
"53",0,145,8,"bear","run_v41541375421781",1,0.360576481926465,0.360576481926465,0.0986041956457303,0.230868294500194,0.30995102792761
"54",0,146,8,"bear","run_v41546127591836",1,0.559544222721648,0.559544222721648,0.102499535238961,0.109508948013351,0.22844729402604
"55",0,147,8,"bear","run_v41541367019106",1,0.306223173579368,0.306223173579368,0.177195568171334,0.248984379634599,0.2675968786147
"56",0,148,8,"bear","run_v41542495609558",1,0.329789144680165,0.329789144680165,0.217083917715421,0.123433965681557,0.329692971922857
"57",0,149,8,"bear","run_v41541973838793",1,0.413578032356082,0.413578032356082,0.118849450485468,0.216606935502037,0.250965581656413
"58",0,15,4,"bear","run_v41547584953408",1,0.272510643284089,0.272510643284089,0.204950359352874,0.256080407593535,0.266458589769501
"59",0,150,4,"camel","run_v51552770188636",0,0.276140113112439,0.394909759333547,0.276140113112439,0.176389989984013,0.152560137570002
"60",0,151,4,"camel","run_v51553985292374",1,0.362850352438257,0.19686687761733,0.362850352438257,0.139866097870592,0.300416672073821
"61",0,152,4,"camel","run_v51554414374863",1,0.410632415330722,0.156089703053368,0.410632415330722,0.145397873915247,0.287880007700663
"62",0,153,4,"camel","run_v51551907400014",0,0.24678865838091,0.288064688789374,0.24678865838091,0.295797828971019,0.169348823858697
"63",0,154,4,"camel","run_v51558914810301",1,0.355887768382255,0.151548891491217,0.355887768382255,0.210021347357972,0.282541992768556
"64",0,155,4,"camel","run_v51558989084155",1,0.287488381130147,0.215442137983385,0.287488381130147,0.213591124969559,0.283478355916908
"65",0,156,4,"camel","run_v51552256728578",1,0.398058364632864,0.120011048117447,0.398058364632864,0.126376282272929,0.355554304976761
"66",0,157,4,"camel","run_v51558817691118",0,0.1064450276259,0.333428766439226,0.1064450276259,0.33268724075486,0.227438965180014
"67",0,158,4,"camel","run_v51560019548657",0,0.0898672945106169,0.376212584049277,0.0898672945106169,0.290252174935043,0.243667946505064
"68",0,159,4,"camel","run_v51557010277935",1,0.404681426508903,0.228454718143924,0.404681426508903,0.193729356431349,0.173134498915823
"69",0,16,4,"bear","run_v41536957678876",1,0.300285896249705,0.300285896249705,0.293550915760294,0.21678492954058,0.189378258449421
"70",0,160,4,"camel","run_v51557614837755",0,0.198673199577257,0.295773297539442,0.198673199577257,0.249198173523773,0.256355329359528
"71",0,161,4,"camel","run_v51556049882118",0,0.316103098698727,0.158196498914186,0.316103098698727,0.397000836682734,0.128699565704353
"72",0,162,4,"camel","run_v51558036849512",0,0.345385274503914,0.122115940104265,0.345385274503914,0.18163076167987,0.350868023711952
"73",0,163,4,"camel","run_v51558987681712",0,0.225438735790326,0.203706362416371,0.225438735790326,0.252453852256424,0.318401049536878
"74",0,164,4,"camel","run_v51558042718978",0,0.207104254238615,0.251354163566431,0.207104254238615,0.336915100255142,0.204626481939812
"75",0,165,4,"camel","run_v51555802250627",0,0.134080432393388,0.322180503027981,0.134080432393388,0.332621236383248,0.211117828195383
"76",0,166,4,"camel","run_v51557859242629",1,0.360824485474228,0.299618796974157,0.360824485474228,0.15671693139537,0.182839786156245
"77",0,167,4,"camel","run_v51552173092443",1,0.305423576891436,0.14616281284377,0.305423576891436,0.294040689533179,0.254372920731615
"78",0,168,4,"camel","run_v51552075398727",0,0.185444996962914,0.135034160033235,0.185444996962914,0.265807043961285,0.413713799042566
"79",0,169,4,"camel","run_v51556229216999",1,0.480803798137188,0.153422449830015,0.480803798137188,0.213842373938192,0.151931378094605
"80",0,17,4,"bear","run_v41550789330337",0,0.218641164960375,0.218641164960375,0.340271668888517,0.275494544950414,0.165592621200694
"81",0,170,4,"camel","run_v51554235948981",1,0.431492645708027,0.198491345662755,0.431492645708027,0.191345500224651,0.178670508404567
"82",0,171,4,"camel","run_v51558914501030",1,0.468434626434958,0.169170245448481,0.468434626434958,0.181761820615464,0.180633307501097
"83",0,172,4,"camel","run_v51554493525362",0,0.233965907149729,0.379549127689473,0.233965907149729,0.211563823637926,0.174921141522872
"84",0,173,4,"camel","run_v51556313888656",0,0.29893367708389,0.364996554140545,0.29893367708389,0.235496437469257,0.100573331306308
"85",0,174,4,"camel","run_v51557953002522",0,0.259203944707514,0.14082641983361,0.259203944707514,0.217538871351899,0.382430764106977
"86",0,175,4,"camel","run_v51553813112389",0,0.303659597627684,0.14682858690265,0.303659597627684,0.438393070802036,0.111118744667631
"87",0,176,4,"camel","run_v51558998501967",0,0.312526896525271,0.0915341613921652,0.312526896525271,0.415084448357493,0.18085449372507
"88",0,177,4,"camel","run_v51558209780052",1,0.319219741539001,0.2205552911591,0.319219741539001,0.257688290831246,0.202536676470653
"89",0,178,4,"camel","run_v51551656074208",0,0.223260494866804,0.411086133387655,0.223260494866804,0.157409427876794,0.208243943868747
"90",0,179,4,"camel","run_v51557607263137",0,0.204901748150038,0.270267378910924,0.204901748150038,0.235611306214579,0.28921956672446
"91",0,18,4,"bear","run_v41541977879701",1,0.388951179961498,0.388951179961498,0.255350865955886,0.239491237004058,0.116206717078557
"92",0,180,5,"camel","run_v51556491069451",0,0.216106494701483,0.306298253453277,0.216106494701483,0.145111561729307,0.332483690115933
"93",0,181,5,"camel","run_v51558637193618",0,0.287373670947529,0.228705617548489,0.287373670947529,0.368024517836497,0.115896193667485
"94",0,182,5,"camel","run_v51560024735522",0,0.350446443824651,0.452846827257535,0.350446443824651,0.110607241550337,0.0860994873674777
"95",0,183,5,"camel","run_v51555011611363",1,0.586530009269639,0.148876694835276,0.586530009269639,0.135448988425738,0.129144307469347
"96",0,184,5,"camel","run_v51555803545159",0,0.170899072306631,0.261193124411645,0.170899072306631,0.259912793376847,0.307995009904877
"97",0,185,5,"camel","run_v51552252149424",1,0.318451706692899,0.289883572752756,0.318451706692899,0.154982300701362,0.236682419852983
"98",0,186,5,"camel","run_v51557091648486",1,0.346218970816554,0.228164536208772,0.346218970816554,0.270204771014991,0.155411721959682
"99",0,187,5,"camel","run_v51557428324150",0,0.324554708720316,0.148499577455984,0.324554708720316,0.334629870236575,0.192315843587124
"100",0,188,5,"camel","run_v51557002325625",1,0.384637076070177,0.253679896602923,0.384637076070177,0.253314250498915,0.108368776827984
"101",0,189,5,"camel","run_v51554587161548",0,0.294841071787088,0.383607358440209,0.294841071787088,0.142069720819854,0.179481848952848
"102",0,19,4,"bear","run_v41541534066681",0,0.193686847688468,0.193686847688468,0.429299301258914,0.121023479155554,0.255990371897064
"103",0,190,5,"camel","run_v51552594612798",1,0.418022728943586,0.15672459489785,0.418022728943586,0.242874651832729,0.182378024325835
"104",0,191,5,"camel","run_v51554405023301",0,0.238148232702779,0.255929952447319,0.238148232702779,0.209733327590651,0.296188487259252
"105",0,192,5,"camel","run_v51554835501474",0,0.253434027369742,0.328273364353873,0.253434027369742,0.212380929098649,0.205911679177736
"106",0,193,5,"camel","run_v51558219774217",1,0.409110224241689,0.235443415404398,0.409110224241689,0.23180212712724,0.123644233226673
"107",0,194,5,"camel","run_v51558993310508",1,0.340575154671073,0.132141405278468,0.340575154671073,0.204316520701868,0.322966919348591
"108",0,195,5,"camel","run_v51560452337782",0,0.350916267350501,0.170604756952285,0.350916267350501,0.361313220305376,0.117165755391838
"109",0,196,5,"camel","run_v51551556804099",1,0.489436187839455,0.118609942810882,0.489436187839455,0.254699675520709,0.137254193828954
"110",0,197,5,"camel","run_v51554677878479",1,0.381514848796549,0.265767556937669,0.381514848796549,0.143469825560393,0.20924776870539
"111",0,198,5,"camel","run_v51551572317881",0,0.256250718092751,0.220554729619732,0.256250718092751,0.160676760247085,0.362517792040431
"112",0,199,5,"camel","run_v51558221797714",1,0.313133097515247,0.175224225630449,0.313133097515247,0.227038366569257,0.284604310285048
"113",0,2,4,"bear","run_v41545956201538",0,0.237285578134148,0.237285578134148,0.315623143065798,0.328029442238623,0.119061836561432
"114",0,20,4,"bear","run_v41546207870431",0,0.270691046856683,0.270691046856683,0.115609213479323,0.412951480336403,0.200748259327592
"115",0,200,5,"camel","run_v51556396849809",1,0.364967389689865,0.235598185502392,0.364967389689865,0.168905657693754,0.23052876711399
"116",0,201,5,"camel","run_v51556654301331",1,0.445245474339351,0.224698483204489,0.445245474339351,0.197551180557506,0.132504861898653
"117",0,202,5,"camel","run_v51559851850227",0,0.206755145575535,0.244498875130148,0.206755145575535,0.192098095806342,0.356647883487975
"118",0,203,5,"camel","run_v51558902526791",1,0.404058880148924,0.173352232541595,0.404058880148924,0.297290542527061,0.125298344782419
"119",0,204,5,"camel","run_v51559857465198",1,0.400038558448541,0.199199436832027,0.400038558448541,0.259188503754734,0.141573500964698
"120",0,205,5,"camel","run_v51558300363058",0,0.308888416077991,0.265245431573556,0.308888416077991,0.0389139716186735,0.38695218072978
"121",0,206,5,"camel","run_v51555526146534",0,0.144184408702016,0.344416097490819,0.144184408702016,0.258042704740328,0.253356789066837
"122",0,207,5,"camel","run_v51556312047811",0,0.290641561545853,0.360817377446716,0.290641561545853,0.159397811260993,0.189143249746437
"123",0,208,5,"camel","run_v51552260590539",0,0.249977367936617,0.249967643522378,0.249977367936617,0.250019502938613,0.250035485602393
"124",0,209,5,"camel","run_v51552507978393",1,0.345907250554761,0.302291130848814,0.345907250554761,0.121033501466923,0.230768117129503
"125",0,21,4,"bear","run_v41547328840121",1,0.439105781574323,0.439105781574323,0.271260884349763,0.195941312881602,0.093692021194312
"126",0,210,6,"camel","run_v51558995710482",0,0.284061050020622,0.107936427573391,0.284061050020622,0.311182304418191,0.296820217987796
"127",0,211,6,"camel","run_v51553380969883",1,0.355533573547572,0.224665515727136,0.355533573547572,0.104437828990224,0.315363081735068
"128",0,212,6,"camel","run_v51557510900614",0,0.247846729018901,0.127550769405664,0.247846729018901,0.223225955959256,0.40137654561618
"129",0,213,6,"camel","run_v51558989731046",1,0.356151685985364,0.148569479513607,0.356151685985364,0.328252239101945,0.167026595399083
"130",0,214,6,"camel","run_v51553277873742",1,0.552803898589031,0.188357670823602,0.552803898589031,0.161542818038084,0.097295612549282
"131",0,215,6,"camel","run_v51555446459677",0,0.120631234956338,0.0909973832077331,0.120631234956338,0.447081795309635,0.341289586526295
"132",0,216,6,"camel","run_v51558127284067",1,0.381632338727033,0.181208241726142,0.381632338727033,0.222257382122664,0.21490203742416
"133",0,217,6,"camel","run_v51551552197067",1,0.373177389358136,0.22880953722484,0.373177389358136,0.211467006653853,0.186546066763172
"134",0,218,6,"camel","run_v51551900493769",0,0.135666910832098,0.299699267524657,0.135666910832098,0.34553626569187,0.219097555951374
"135",0,219,6,"camel","run_v51553200027440",1,0.411687932274356,0.223717724054307,0.411687932274356,0.283122161456359,0.0814721822149777
"136",0,22,4,"bear","run_v41543098642212",1,0.390610838342425,0.390610838342425,0.19555378779491,0.268115852534899,0.145719521327766
"137",0,220,6,"camel","run_v51551379596662",0,0.215654937446635,0.342762620120342,0.215654937446635,0.200475020099347,0.241107422333675
"138",0,221,6,"camel","run_v51553033163329",0,0.257787637035859,0.233975785876631,0.257787637035859,0.184602221938005,0.323634355149506
"139",0,222,6,"camel","run_v51552073880256",0,0.195704225332955,0.221101814707908,0.195704225332955,0.284629458785338,0.298564501173798
"140",0,223,6,"camel","run_v51554399432613",1,0.363264027972084,0.26257506101874,0.363264027972084,0.282007189533362,0.092153721475813
"141",0,224,6,"camel","run_v51554575992623",0,0.252680394791351,0.284108786749318,0.252680394791351,0.0202564777696927,0.442954340689638
"142",0,225,6,"camel","run_v51556750335661",0,0.297712107365583,0.276373826962099,0.297712107365583,0.102311712099856,0.323602353572463
"143",0,226,6,"camel","run_v51557603763356",1,0.339373541221162,0.111273150934692,0.339373541221162,0.278837646358296,0.270515661485849
"144",0,227,6,"camel","run_v51552684432304",1,0.407092198288209,0.311086037458981,0.407092198288209,0.158947062317095,0.122874701935716
"145",0,228,6,"camel","run_v51560203356997",0,0.299574994220028,0.199014336474229,0.299574994220028,0.381545517609813,0.119865151695929
"146",0,229,6,"camel","run_v51553374730811",1,0.442117054860121,0.0699661234361069,0.442117054860121,0.320569825093952,0.16734699660982
"147",0,23,4,"bear","run_v41542065916564",1,0.40073875145118,0.40073875145118,0.157672067149005,0.26950014489977,0.172089036500044
"148",0,230,6,"camel","run_v51558720433095",1,0.458167726466366,0.19536000887228,0.458167726466366,0.175637708529544,0.17083455613181
"149",0,231,6,"camel","run_v51554837232334",1,0.377586841943439,0.175894151179016,0.377586841943439,0.28953412240802,0.156984884469525
"150",0,232,6,"camel","run_v51557082087084",0,0.214225303106157,0.176260896769599,0.214225303106157,0.353832213157489,0.255681586966755
"151",0,233,6,"camel","run_v51551567255389",0,0.334317046662664,0.15628063014148,0.334317046662664,0.119783323067102,0.389619000128754
"152",0,234,6,"camel","run_v51558721333476",1,0.285236718067718,0.235457807068954,0.285236718067718,0.194587938724,0.284717536139328
"153",0,235,6,"camel","run_v51554059098969",1,0.338715262408271,0.207323816831121,0.338715262408271,0.259827150642467,0.194133770118141
"154",0,236,6,"camel","run_v51558307797546",0,0.242534098283474,0.322035197619659,0.242534098283474,0.172535260582219,0.262895443514647
"155",0,237,6,"camel","run_v51551468269961",1,0.542543540770947,0.141757905989195,0.542543540770947,0.204381480584997,0.111317072654861
"156",0,238,6,"camel","run_v51558908515152",0,0.213045773823334,0.353170619570318,0.213045773823334,0.297594377325982,0.136189229280366
"157",0,239,6,"camel","run_v51560468264630",0,0.1404525181824,0.328371234059019,0.1404525181824,0.194670644609993,0.336505603148587
"158",0,24,4,"bear","run_v41548192899494",0,0.20513291219164,0.20513291219164,0.172999658385087,0.302597658791138,0.319269770632136
"159",0,240,7,"camel","run_v51553105370875",1,0.461245994660337,0.119395932687341,0.461245994660337,0.292752693119007,0.126605379533316
"160",0,241,7,"camel","run_v51554920658699",1,0.366240263898845,0.296740822469973,0.366240263898845,0.184381863989163,0.152637049642019
"161",0,242,7,"camel","run_v51554411233731",0,0.295593958682805,0.170111035569316,0.295593958682805,0.364248773357491,0.170046232390388
"162",0,243,7,"camel","run_v51551381097422",1,0.403823762097534,0.216989495220437,0.403823762097534,0.218202713551286,0.160984029130742
"163",0,244,7,"camel","run_v51551561324997",1,0.452450115266048,0.263322349986802,0.452450115266048,0.0931823498971214,0.191045184850028
"164",0,245,7,"camel","run_v51553717746402",1,0.500187837353002,0.109435970178009,0.500187837353002,0.249223053882198,0.141153138586791
"165",0,246,7,"camel","run_v51553374525535",0,0.323580509548881,0.192506249922901,0.323580509548881,0.329974382617599,0.153938857910619
"166",0,247,7,"camel","run_v51554232502115",0,0.337653121921661,0.379519183889375,0.337653121921661,0.159552602977688,0.123275091211277
"167",0,248,7,"camel","run_v51560036993322",1,0.448260952647603,0.116518506198564,0.448260952647603,0.148501313501144,0.28671922765269
"168",0,249,7,"camel","run_v51556142211513",1,0.367310701714246,0.203287650634514,0.367310701714246,0.242397078816045,0.187004568835195
"169",0,25,4,"bear","run_v41541377708430",0,0.311245859652135,0.311245859652135,0.286116776031534,0.0687041774732061,0.333933186843125
"170",0,250,7,"camel","run_v51555442811700",0,0.276626696853025,0.416058349170991,0.276626696853025,0.197556115312964,0.10975883866302
"171",0,251,7,"camel","run_v51551562071311",0,0.358139701207877,0.185472586665337,0.358139701207877,0.0798498286944975,0.376537883432289
"172",0,252,7,"camel","run_v51554410715695",1,0.385692099568438,0.198657895134476,0.385692099568438,0.121345294213114,0.294304711083973
"173",0,253,7,"camel","run_v51559074038142",0,0.179781651399617,0.169862724815958,0.179781651399617,0.40517775722794,0.245177866556485
"174",0,254,7,"camel","run_v51558120102935",1,0.592408643808654,0.119818901467562,0.592408643808654,0.172389183289595,0.115383271434189
"175",0,255,7,"camel","run_v51556232860529",1,0.41772341482416,0.190443402365407,0.41772341482416,0.0828710443621922,0.308962138448241
"176",0,256,7,"camel","run_v51556493206239",1,0.469158172651219,0.11385455815283,0.469158172651219,0.213662025548727,0.203325243647224
"177",0,257,7,"camel","run_v51554236668184",0,0.234295057149655,0.276769461910492,0.234295057149655,0.358116356510202,0.130819124429652
"178",0,258,7,"camel","run_v51554228441546",1,0.401985931861241,0.27853448425068,0.401985931861241,0.217247776668284,0.102231807219794
"179",0,259,7,"camel","run_v51558814173007",1,0.387257412799381,0.184544246989147,0.387257412799381,0.299939785988536,0.128258554222936
"180",0,26,4,"bear","run_v41536436515000",0,0.247146880729248,0.247146880729248,0.180579271010504,0.292075783157512,0.280198065102736
"181",0,260,7,"camel","run_v51552766143250",1,0.45288151253813,0.201881626851188,0.45288151253813,0.110016312911862,0.23522054769882
"182",0,261,7,"camel","run_v51560288023642",0,0.213038171965332,0.153588464981757,0.213038171965332,0.384400766432165,0.248972596620746
"183",0,262,7,"camel","run_v51558305549049",1,0.523001416330109,0.221085143387717,0.523001416330109,0.0989557616156506,0.156957678666524
"184",0,263,7,"camel","run_v51555454938377",1,0.379670765650133,0.263108202631253,0.379670765650133,0.227039216964102,0.130181814754513
"185",0,264,7,"camel","run_v51560124695404",1,0.429238710761622,0.221532133758812,0.429238710761622,0.204883672478081,0.144345483001484
"186",0,265,7,"camel","run_v51558477461719",1,0.395741821290744,0.228481457068046,0.395741821290744,0.205451524035524,0.170325197605686
"187",0,266,7,"camel","run_v51558907969867",0,0.282405604884037,0.12324875723443,0.282405604884037,0.270102786521088,0.324242851360445
"188",0,267,7,"camel","run_v51559585037762",1,0.376254421002956,0.0614372227594301,0.376254421002956,0.300445184720564,0.26186317151705
"189",0,268,7,"camel","run_v51558296117239",1,0.479430712591564,0.189966720691871,0.479430712591564,0.161212821012837,0.169389745703729
"190",0,269,7,"camel","run_v51560118443536",1,0.344423584641632,0.291748363370333,0.344423584641632,0.166731264083319,0.197096787904716
"191",0,27,4,"bear","run_v41548030070755",1,0.374997538692259,0.374997538692259,0.204013074539544,0.186845060448493,0.234144326319704
"192",0,270,8,"camel","run_v51554063734121",0,0.205089697279409,0.164202166716372,0.205089697279409,0.392762107305472,0.237946028698746
"193",0,271,8,"camel","run_v51559330860169",1,0.460970236017818,0.121089272409647,0.460970236017818,0.161930463619024,0.256010027953511
"194",0,272,8,"camel","run_v51557003502778",1,0.519403774348291,0.124954161602208,0.519403774348291,0.196240477310817,0.159401586738684
"195",0,273,8,"camel","run_v51552686589193",1,0.484500298837349,0.180025393975647,0.484500298837349,0.207735182961794,0.12773912422521
"196",0,274,8,"camel","run_v51559331520095",0,0.278784229943931,0.152250661644633,0.278784229943931,0.273393001058142,0.295572107353294
"197",0,275,8,"camel","run_v51554669213832",1,0.412395444416824,0.149644338350012,0.412395444416824,0.230734202605159,0.207226014628005
"198",0,276,8,"camel","run_v51554317223964",0,0.161680637104116,0.256756793103967,0.161680637104116,0.260873600403881,0.320688969388036
"199",0,277,8,"camel","run_v51552688264721",0,0.379244535085548,0.403927145684549,0.379244535085548,0.0912191427101746,0.125609176519728
"200",0,278,8,"camel","run_v51555186632265",0,0.387153688789963,0.392059414853499,0.387153688789963,0.174924065075764,0.0458628312807744
"201",0,279,8,"camel","run_v51560538640461",1,0.445899385430453,0.114345964933028,0.445899385430453,0.312214478673327,0.127540170963191
"202",0,28,4,"bear","run_v41546042047480",1,0.405179222220817,0.405179222220817,0.26573613854823,0.201728309922598,0.127356329308355
"203",0,280,8,"camel","run_v51554670890273",1,0.484343450104663,0.087605060566299,0.484343450104663,0.164508252478116,0.263543236850922
"204",0,281,8,"camel","run_v51560034813454",1,0.345777306384614,0.195639307250022,0.345777306384614,0.219127322255968,0.239456064109396
"205",0,282,8,"camel","run_v51554842554303",0,0.19253975881526,0.402773785306891,0.19253975881526,0.101003773103885,0.303682682773965
"206",0,283,8,"camel","run_v51559501707942",0,0.252541564370981,0.152649599394036,0.252541564370981,0.211094320905699,0.383714515329283
"207",0,284,8,"camel","run_v51557699462594",0,0.242227011785833,0.20669487597307,0.242227011785833,0.278261240476412,0.272816871764685
"208",0,285,8,"camel","run_v51551909728765",0,0.0917541060478096,0.257917513531104,0.0917541060478096,0.341981945322163,0.308346435098924
"209",0,286,8,"camel","run_v51558037997656",0,0.243808113011168,0.243091388057357,0.243808113011168,0.314061232199462,0.199039266732013
"210",0,287,8,"camel","run_v51555537028415",1,0.351000948918463,0.108759783024884,0.351000948918463,0.319745173915321,0.220494094141331
"211",0,288,8,"camel","run_v51560360418558",1,0.374932469616518,0.132373220295598,0.374932469616518,0.34656955790694,0.146124752180944
"212",0,289,8,"camel","run_v51560113198854",1,0.468704427193918,0.104360505302429,0.468704427193918,0.175549643838948,0.251385423664704
"213",0,29,4,"bear","run_v41545951302905",1,0.376652304018325,0.376652304018325,0.1597689665865,0.277589286400215,0.18598944299496
"214",0,290,8,"camel","run_v51555443263070",0,0.301013019377817,0.180731927059348,0.301013019377817,0.358222297849473,0.160032755713363
"215",0,291,8,"camel","run_v51560274881372",1,0.407218690277918,0.155799047895965,0.407218690277918,0.162325441141761,0.274656820684356
"216",0,292,8,"camel","run_v51551652192769",0,0.246463388355041,0.263510116294457,0.246463388355041,0.224186236143711,0.26584025920679
"217",0,293,8,"camel","run_v51554331048921",1,0.377376468644521,0.129838972258252,0.377376468644521,0.235737111499455,0.257047447597772
"218",0,294,8,"camel","run_v51551383733410",1,0.432170343485955,0.160879305647008,0.432170343485955,0.201688227182094,0.205262123684943
"219",0,295,8,"camel","run_v51552157094166",1,0.414979380993869,0.155038084200496,0.414979380993869,0.190529258580992,0.239453276224643
"220",0,296,8,"camel","run_v51553893238574",0,0.193378951439152,0.173263397728609,0.193378951439152,0.335589608885447,0.297768041946791
"221",0,297,8,"camel","run_v51552686195165",1,0.40450889044231,0.204925874779344,0.40450889044231,0.245156335898802,0.145408898879543
"222",0,298,8,"camel","run_v51551647564292",1,0.410281597188121,0.159891888679928,0.410281597188121,0.147180185243282,0.282646328888669
"223",0,299,8,"camel","run_v51559930598927",1,0.421652659371767,0.193864537485535,0.421652659371767,0.145846093536866,0.238636709605831
"224",0,3,4,"bear","run_v41543188476453",1,0.410497846455232,0.410497846455232,0.261842269508842,0.223531372323022,0.104128511712904
"225",0,30,5,"bear","run_v41541276060535",0,0.27944040074418,0.27944040074418,0.178522464160449,0.243047655622627,0.298989479472745
"226",0,300,4,"sheep","run_v41543016339787",0,0.272360201303136,0.258058377922688,0.390719008733916,0.272360201303136,0.0788624120402603
"227",0,301,4,"sheep","run_v41537647376420",0,0.142579015609947,0.158358363252334,0.294912902616287,0.142579015609947,0.404149718521432
"228",0,302,4,"sheep","run_v41543185227262",0,0.203174950096307,0.133128965469605,0.51603809331496,0.203174950096307,0.147657991119128
"229",0,303,4,"sheep","run_v41541977879701",1,0.369015402768239,0.188004409081651,0.0948533090622653,0.369015402768239,0.348126879087845
"230",0,304,4,"sheep","run_v41547067970027",0,0.311968595128862,0.161150125368501,0.108877923932991,0.311968595128862,0.418003355569646
"231",0,305,4,"sheep","run_v41548542607165",1,0.420844712871845,0.203572642287608,0.138114683319068,0.420844712871845,0.237467961521479
"232",0,306,4,"sheep","run_v41549138049243",0,0.265152971453356,0.325879960838458,0.142686064537008,0.265152971453356,0.266281003171177
"233",0,307,4,"sheep","run_v41542839272189",0,0.18707906324063,0.510328060282194,0.143952528055046,0.18707906324063,0.158640348422131
"234",0,308,4,"sheep","run_v41545254541753",1,0.345513573258131,0.160620695948959,0.203840935479414,0.345513573258131,0.290024795313496
"235",0,309,4,"sheep","run_v41541283213888",0,0.177654749991891,0.0594136979356786,0.384947875731739,0.177654749991891,0.377983676340692
"236",0,31,5,"bear","run_v41546211795905",0,0.305524006556824,0.305524006556824,0.363288203573711,0.184017393895278,0.147170395974187
"237",0,310,4,"sheep","run_v41549748654815",0,0.192594343985443,0.254021732023573,0.298002365857125,0.192594343985443,0.255381558133859
"238",0,311,4,"sheep","run_v41550012026409",0,0.200242885926657,0.410647313071279,0.188737401176052,0.200242885926657,0.200372399826012
"239",0,312,4,"sheep","run_v41547675777108",0,0.142162537959624,0.237799773966688,0.32210923389386,0.142162537959624,0.297928454179828
"240",0,313,4,"sheep","run_v41550447994729",0,0.184755410122874,0.120147190763514,0.489288328114436,0.184755410122874,0.205809070999177
"241",0,314,4,"sheep","run_v41545950209450",0,0.20400982997209,0.263603822000159,0.240374383090604,0.20400982997209,0.292011964937147
"242",0,315,4,"sheep","run_v41542051051527",0,0.176503041326356,0.310478320274494,0.302848838540379,0.176503041326356,0.21016979985877
"243",0,316,4,"sheep","run_v41543435172271",1,0.318194464649273,0.298463183256527,0.271312938903286,0.318194464649273,0.112029413190914
"244",0,317,4,"sheep","run_v41550444891547",1,0.353240603631237,0.183268881153485,0.29487099315245,0.353240603631237,0.168619522062829
"245",0,318,4,"sheep","run_v41542065916564",0,0.246842183959621,0.362290812606222,0.150349275464636,0.246842183959621,0.240517727969521
"246",0,319,4,"sheep","run_v41545951302905",0,0.227687007129066,0.196382979743825,0.304492604385096,0.227687007129066,0.271437408742012
"247",0,32,5,"bear","run_v41548116740964",0,0.245239455895036,0.245239455895036,0.308784315501302,0.199786070078327,0.246190158525335
"248",0,320,4,"sheep","run_v41549235254760",0,0.209542359773262,0.302383995569498,0.327261955879954,0.209542359773262,0.160811688777286
"249",0,321,4,"sheep","run_v41548547223869",0,0.14582187429186,0.12291271748487,0.27157372671797,0.14582187429186,0.459691681505299
"250",0,322,4,"sheep","run_v41544997038366",1,0.434952174069696,0.133550887444804,0.2000931055772,0.434952174069696,0.2314038329083
"251",0,323,4,"sheep","run_v41549150064859",0,0.268785738671196,0.317178183435397,0.210949929292869,0.268785738671196,0.203086148600537
"252",0,324,4,"sheep","run_v41541980982886",1,0.431513811261155,0.172097585167564,0.161789367099373,0.431513811261155,0.234599236471907
"253",0,325,4,"sheep","run_v41539971036537",1,0.422933103110311,0.22754962360615,0.111551383452176,0.422933103110311,0.237965889831362
"254",0,326,4,"sheep","run_v41548026766813",0,0.319231725830142,0.130920614312862,0.410616312236583,0.319231725830142,0.139231347620413
"255",0,327,4,"sheep","run_v41547336987365",0,0.238199965776624,0.260103627369468,0.378261391379062,0.238199965776624,0.123435015474846
"256",0,328,4,"sheep","run_v41547584304790",1,0.367503656225866,0.32935190377499,0.178065513115414,0.367503656225866,0.12507892688373
"257",0,329,4,"sheep","run_v41538847806009",1,0.409909628387379,0.208567947102223,0.20426171906412,0.409909628387379,0.177260705446278
"258",0,33,5,"bear","run_v41541276548903",1,0.448515989451105,0.448515989451105,0.128775445720686,0.269323544945039,0.15338501988317
"259",0,330,5,"sheep","run_v41540333366516",0,0.23324740002184,0.258256622232924,0.278267746691849,0.23324740002184,0.230228231053387
"260",0,331,5,"sheep","run_v41541373348621",1,0.288044512142568,0.225956522598708,0.267623948221301,0.288044512142568,0.218375017037424
"261",0,332,5,"sheep","run_v41550866123343",1,0.370467625345782,0.215156511905034,0.158615773383678,0.370467625345782,0.255760089365506
"262",0,333,5,"sheep","run_v41542149208766",0,0.33151102204056,0.144056274501621,0.141074119675613,0.33151102204056,0.383358583782206
"263",0,334,5,"sheep","run_v41550098327187",1,0.320547237177283,0.231379891148815,0.209340059693953,0.320547237177283,0.238732811979948
"264",0,335,5,"sheep","run_v41546211795905",1,0.362421906419364,0.220030161988025,0.204001691486068,0.362421906419364,0.213546240106543
"265",0,336,5,"sheep","run_v41550084653083",1,0.386123182932853,0.231387925572315,0.185018802545008,0.386123182932853,0.197470088949824
"266",0,337,5,"sheep","run_v41545611667620",1,0.329631271355307,0.124607360718618,0.299839544126032,0.329631271355307,0.245921823800042
"267",0,338,5,"sheep","run_v41548019141710",1,0.378323431911841,0.172203350378091,0.169531984416417,0.378323431911841,0.27994123329365
"268",0,339,5,"sheep","run_v41550254501058",0,0.176754612613258,0.456631572985581,0.182261061311504,0.176754612613258,0.184352753089657
"269",0,34,5,"bear","run_v41545522147826",1,0.436719824413418,0.436719824413418,0.35870820727272,0.13982582442577,0.0647461438880921
"270",0,340,5,"sheep","run_v41540062288602",0,0.29100387322284,0.368694608933809,0.0999705927381325,0.29100387322284,0.240330925105218
"271",0,341,5,"sheep","run_v41549142152974",1,0.311406964418414,0.306418454296873,0.079722170490891,0.311406964418414,0.302452410793823
"272",0,342,5,"sheep","run_v41546120372131",1,0.425680600159102,0.177467384354898,0.181264774956703,0.425680600159102,0.215587240529297
"273",0,343,5,"sheep","run_v41542829085889",0,0.195721165929906,0.395113641948271,0.0968946522125039,0.195721165929906,0.312270539909319
"274",0,344,5,"sheep","run_v41547842993672",0,0.170939468247571,0.15920088663079,0.280128537968513,0.170939468247571,0.389731107153127
"275",0,345,5,"sheep","run_v41548013550268",1,0.370713196401454,0.250319329505702,0.245331109569183,0.370713196401454,0.133636364523661
"276",0,346,5,"sheep","run_v41550094527034",0,0.317722309368914,0.318411305914858,0.255099420919539,0.317722309368914,0.108766963796689
"277",0,347,5,"sheep","run_v41546122564423",0,0.2241799352163,0.256488870087859,0.240315840979501,0.2241799352163,0.27901535371634
"278",0,348,5,"sheep","run_v41543096210409",0,0.330408999221467,0.334094224201516,0.254338262017282,0.330408999221467,0.0811585145597351
"279",0,349,5,"sheep","run_v41541180944712",0,0.314226048103642,0.328093614273681,0.186536306634733,0.314226048103642,0.171144030987944
"280",0,35,5,"bear","run_v41541981358856",0,0.211718983635473,0.211718983635473,0.429151538281334,0.121421310757251,0.237708167325942
"281",0,350,5,"sheep","run_v41541371003607",1,0.368951226354981,0.244455533618309,0.333242785686372,0.368951226354981,0.0533504543403385
"282",0,351,5,"sheep","run_v41545508645169",1,0.369519806892974,0.166278005839149,0.267602572562863,0.369519806892974,0.196599614705014
"283",0,352,5,"sheep","run_v41546215960357",0,0.181782980315687,0.189135657680489,0.51163035454705,0.181782980315687,0.117451007456774
"284",0,353,5,"sheep","run_v41549239554584",0,0.220661550426319,0.213222156627098,0.327084732472266,0.220661550426319,0.239031560474317
"285",0,354,5,"sheep","run_v41537040494526",1,0.316910814296366,0.25379129453356,0.138301091241829,0.316910814296366,0.290996799928245
"286",0,355,5,"sheep","run_v41550618804008",0,0.221477671108491,0.427210930339482,0.199167188004286,0.221477671108491,0.152144210547741
"287",0,356,5,"sheep","run_v41547237764132",0,0.247459943207598,0.159771369528427,0.328721838252573,0.247459943207598,0.264046849011402
"288",0,357,5,"sheep","run_v41545523046166",0,0.25866602386324,0.29318801203819,0.133869314473878,0.25866602386324,0.314276649624692
"289",0,358,5,"sheep","run_v41544652187929",0,0.377045783781557,0.382183659409386,0.0848389428784653,0.377045783781557,0.155931613930591
"290",0,359,5,"sheep","run_v41550602674903",1,0.277580021910928,0.273840771110804,0.246070785305241,0.277580021910928,0.202508421673028
"291",0,36,5,"bear","run_v41542586736754",1,0.329961522581835,0.329961522581835,0.202903794880402,0.306411574988626,0.160723107549137
"292",0,360,6,"sheep","run_v41550686501571",1,0.371556735837706,0.108854157406791,0.240007836497605,0.371556735837706,0.279581270257897
"293",0,361,6,"sheep","run_v41546030962999",1,0.334508111035225,0.260921212201697,0.238908594489684,0.334508111035225,0.165662082273395
"294",0,362,6,"sheep","run_v41542484589999",1,0.452019946988563,0.175547314176009,0.149678475119946,0.452019946988563,0.222754263715482
"295",0,363,6,"sheep","run_v41541184498105",1,0.349455028946264,0.179331828793887,0.187612911133197,0.349455028946264,0.283600231126653
"296",0,364,6,"sheep","run_v41545685193122",1,0.291388014189335,0.230418441045434,0.280899679781454,0.291388014189335,0.197293864983777
"297",0,365,6,"sheep","run_v41542049900608",0,0.259786026737292,0.385375833228942,0.209102175759956,0.259786026737292,0.14573596427381
"298",0,366,6,"sheep","run_v41549743971713",0,0.257836627272075,0.164773466642289,0.359154617708303,0.257836627272075,0.218235288377333
"299",0,367,6,"sheep","run_v41549152218081",0,0.261856247336278,0.274469555663251,0.136887146079096,0.261856247336278,0.326787050921375
"300",0,368,6,"sheep","run_v41540070771431",0,0.304837036806131,0.171279971629296,0.173116643970061,0.304837036806131,0.350766347594513
"301",0,369,6,"sheep","run_v41544729587520",0,0.218271994219863,0.17954167077231,0.302208478843819,0.218271994219863,0.299977856164008
"302",0,37,5,"bear","run_v41542739201074",1,0.448622592214851,0.448622592214851,0.308498732060605,0.109186283624484,0.13369239210006
"303",0,370,6,"sheep","run_v41550964998592",0,0.270793065566528,0.192056783027137,0.247554821969051,0.270793065566528,0.289595329437285
"304",0,371,6,"sheep","run_v41550359284147",0,0.156171666476644,0.184268719837038,0.292197141230152,0.156171666476644,0.367362472456166
"305",0,372,6,"sheep","run_v41549395617069",1,0.354016990233371,0.261423363967985,0.223426520956547,0.354016990233371,0.161133124842096
"306",0,373,6,"sheep","run_v41543700997092",1,0.410545612569689,0.225485541377706,0.185244718133122,0.410545612569689,0.178724127919484
"307",0,374,6,"sheep","run_v41546043232200",0,0.262243077267258,0.233552132662681,0.342349971025514,0.262243077267258,0.161854819044546
"308",0,375,6,"sheep","run_v41548282659748",1,0.409039622473434,0.128601654172719,0.316858566104174,0.409039622473434,0.145500157249673
"309",0,376,6,"sheep","run_v41539378843891",1,0.425849481787522,0.179559571315163,0.201801121137396,0.425849481787522,0.192789825759918
"310",0,377,6,"sheep","run_v41541978410503",1,0.407541601771403,0.132703693005875,0.192380944428802,0.407541601771403,0.267373760793919
"311",0,378,6,"sheep","run_v41545167774934",1,0.376763339041134,0.14210117890008,0.231637229392845,0.376763339041134,0.249498252665942
"312",0,379,6,"sheep","run_v41542474001530",0,0.254021502454823,0.311399189527233,0.312168399738216,0.254021502454823,0.122410908279728
"313",0,38,5,"bear","run_v41539973702628",1,0.509449168362278,0.509449168362278,0.088704689460161,0.230350125412651,0.17149601676491
"314",0,380,6,"sheep","run_v41542399734004",0,0.245075138345543,0.317718549120905,0.168095294864264,0.245075138345543,0.269111017669289
"315",0,381,6,"sheep","run_v41548017905921",0,0.299507787103282,0.336051745785918,0.19664083243517,0.299507787103282,0.16779963467563
"316",0,382,6,"sheep","run_v41541184755361",1,0.304424449019918,0.245595885530183,0.145708276585044,0.304424449019918,0.304271388864855
"317",0,383,6,"sheep","run_v41550441188321",1,0.416337934376867,0.167352233080419,0.17537003887579,0.416337934376867,0.240939793666924
"318",0,384,6,"sheep","run_v41541369054544",0,0.327576190507447,0.113903450970649,0.134792327654928,0.327576190507447,0.423728030866976
"319",0,385,6,"sheep","run_v41546210798403",1,0.357012968480653,0.295332651013367,0.105027061071374,0.357012968480653,0.242627319434607
"320",0,386,6,"sheep","run_v41548027178555",1,0.380615505089321,0.114485390877408,0.184428674638057,0.380615505089321,0.320470429395214
"321",0,387,6,"sheep","run_v41549148970578",1,0.356906909991747,0.12141462827038,0.218998723561044,0.356906909991747,0.302679738176828
"322",0,388,6,"sheep","run_v41545507410887",1,0.354592352325585,0.137449669131319,0.346960623291147,0.354592352325585,0.160997355251949
"323",0,389,6,"sheep","run_v41543692435441",1,0.334535666458766,0.292541939335083,0.262401422773056,0.334535666458766,0.110520971433094
"324",0,39,5,"bear","run_v41550615659029",1,0.436221323363486,0.436221323363486,0.211164364367638,0.125917321606974,0.226696990661902
"325",0,390,7,"sheep","run_v41546035927188",0,0.343575912329283,0.377577603267197,0.0528017604689982,0.343575912329283,0.226044723934522
"326",0,391,7,"sheep","run_v41547418089393",1,0.395648643652093,0.291635060788956,0.138046968674459,0.395648643652093,0.174669326884492
"327",0,392,7,"sheep","run_v41541367390536",1,0.38087840664629,0.212971132700346,0.21439603783396,0.38087840664629,0.191754422819403
"328",0,393,7,"sheep","run_v41539886426659",1,0.35888979790957,0.228763695794451,0.214005386572112,0.35888979790957,0.198341119723866
"329",0,394,7,"sheep","run_v41545605310777",1,0.311903569175876,0.25579222801764,0.21849691144816,0.311903569175876,0.213807291358324
"330",0,395,7,"sheep","run_v41547843901361",0,0.180592639740433,0.370297289002407,0.295610354536832,0.180592639740433,0.153499716720328
"331",0,396,7,"sheep","run_v41537050227784",1,0.303273868725609,0.16932753393793,0.286836719273354,0.303273868725609,0.240561878063107
"332",0,397,7,"sheep","run_v41541705391929",0,0.231296495270128,0.351234836347935,0.265756909310443,0.231296495270128,0.151711759071495
"333",0,398,7,"sheep","run_v41542059690515",1,0.354564591482274,0.323541344867221,0.129476485692964,0.354564591482274,0.192417577957541
"334",0,399,7,"sheep","run_v41541971355611",1,0.467705227007861,0.220516415057484,0.130349414138069,0.467705227007861,0.181428943796587
"335",0,4,4,"bear","run_v41549051716598",1,0.401746243272017,0.401746243272017,0.19017473526781,0.120604020660955,0.287475000799219
"336",0,40,5,"bear","run_v41550616522548",1,0.432592324147278,0.432592324147278,0.111018521092763,0.10351765936803,0.352871495391928
"337",0,400,7,"sheep","run_v41549231375252",0,0.175493789453838,0.444101280718413,0.223328446813254,0.175493789453838,0.157076483014496
"338",0,401,7,"sheep","run_v41549748160669",0,0.286125226616695,0.258126665569164,0.157278090528977,0.286125226616695,0.298470017285165
"339",0,402,7,"sheep","run_v41545606180741",0,0.168404069427863,0.439314862182198,0.0984241849103636,0.168404069427863,0.293856883479575
"340",0,403,7,"sheep","run_v41549151000191",1,0.403053781974356,0.231755844667681,0.253857960197978,0.403053781974356,0.111332413159986
"341",0,404,7,"sheep","run_v41545004329617",0,0.20105703168101,0.171984026422719,0.323855730370397,0.20105703168101,0.303103211525874
"342",0,405,7,"sheep","run_v41543607015822",1,0.413417512508779,0.204873602419288,0.251571258255577,0.413417512508779,0.130137626816356
"343",0,406,7,"sheep","run_v41547408767380",1,0.395898732986395,0.272714207709181,0.0950204404383038,0.395898732986395,0.23636661886612
"344",0,407,7,"sheep","run_v41540407216378",0,0.201012538079428,0.257220903951552,0.237737478322033,0.201012538079428,0.304029079646987
"345",0,408,7,"sheep","run_v41550436394377",1,0.405722310773323,0.312072617957247,0.0503162809383606,0.405722310773323,0.231888790331069
"346",0,409,7,"sheep","run_v41545951634297",0,0.28142030498337,0.178540121829727,0.384782744829563,0.28142030498337,0.15525682835734
"347",0,41,5,"bear","run_v41540068440653",0,0.26954769149502,0.26954769149502,0.201839733864425,0.206486508413751,0.322126066226804
"348",0,410,7,"sheep","run_v41543703789422",1,0.39199551159749,0.283175210480712,0.161872875161486,0.39199551159749,0.162956402760311
"349",0,411,7,"sheep","run_v41541877471753",1,0.39620337352411,0.119630431105319,0.167004473323421,0.39620337352411,0.31716172204715
"350",0,412,7,"sheep","run_v41537140916863",1,0.326923237934418,0.149196284153014,0.205286010575829,0.326923237934418,0.318594467336739
"351",0,413,7,"sheep","run_v41545171802746",1,0.37231087348273,0.230466061448682,0.221870590027391,0.37231087348273,0.175352475041198
"352",0,414,7,"sheep","run_v41546036235859",0,0.238544562177432,0.277628326553233,0.288509967425295,0.238544562177432,0.19531714384404
"353",0,415,7,"sheep","run_v41547422538538",0,0.300035271414091,0.245801560988532,0.113350205502164,0.300035271414091,0.340812962095214
"354",0,416,7,"sheep","run_v41544394725821",1,0.376151022501726,0.171067999742373,0.186100598217172,0.376151022501726,0.266680379538728
"355",0,417,7,"sheep","run_v41549226498600",0,0.384614637984081,0.0919912079856068,0.132450757967358,0.384614637984081,0.390943396062954
"356",0,418,7,"sheep","run_v41547416209389",1,0.445401577402305,0.0426472298672876,0.435174644274331,0.445401577402305,0.0767765484560767
"357",0,419,7,"sheep","run_v41546042942709",0,0.187373052667399,0.468793617935566,0.195780019185942,0.187373052667399,0.148053310211094
"358",0,42,5,"bear","run_v41542576798517",0,0.243258035785025,0.243258035785025,0.374733028985935,0.120951156546983,0.261057778682057
"359",0,420,8,"sheep","run_v41542495609558",0,0.182660210793538,0.411229084575677,0.180387622013235,0.182660210793538,0.22572308261755
"360",0,421,8,"sheep","run_v41538867264244",1,0.417290561814078,0.163237826231729,0.306684170376809,0.417290561814078,0.112787441577384
"361",0,422,8,"sheep","run_v41546215766273",0,0.196217548928482,0.280286264210263,0.326929672451563,0.196217548928482,0.196566514409692
"362",0,423,8,"sheep","run_v41544996697682",1,0.399279085549699,0.19336406755558,0.170033375152361,0.399279085549699,0.237323471742359
"363",0,424,8,"sheep","run_v41550617378600",0,0.354605607104978,0.0704802477665288,0.367740323766109,0.354605607104978,0.207173821362384
"364",0,425,8,"sheep","run_v41542397913530",0,0.167993509229997,0.222176983169441,0.195925093538991,0.167993509229997,0.413904414061571
"365",0,426,8,"sheep","run_v41545941071728",0,0.249537942996543,0.287836470241246,0.393338326629028,0.249537942996543,0.0692872601331826
"366",0,427,8,"sheep","run_v41550358850664",0,0.237896908805199,0.123850970852471,0.382815457387548,0.237896908805199,0.255436662954782
"367",0,428,8,"sheep","run_v41543003771489",1,0.461727262557357,0.071801321930809,0.187310855292718,0.461727262557357,0.279160560219116
"368",0,429,8,"sheep","run_v41541792446475",1,0.420727781474943,0.228569662201092,0.127851358349684,0.420727781474943,0.22285119797428
"369",0,43,5,"bear","run_v41549834343840",1,0.405288116888399,0.405288116888399,0.182259132797853,0.204552518526458,0.20790023178729
"370",0,430,8,"sheep","run_v41543006110822",0,0.319431227883741,0.201569584552193,0.127024292294808,0.319431227883741,0.351974895269258
"371",0,431,8,"sheep","run_v41550691820082",1,0.34557819320232,0.191689668997379,0.309019073466855,0.34557819320232,0.153713064333446
"372",0,432,8,"sheep","run_v41542061290742",1,0.294043907567601,0.239656304866825,0.205607318711155,0.294043907567601,0.260692468854419
"373",0,433,8,"sheep","run_v41549151264560",1,0.438899074064602,0.225357121612822,0.253741133101743,0.438899074064602,0.0820026712208321
"374",0,434,8,"sheep","run_v41549133201243",0,0.304488337746351,0.125474715625067,0.450820777155526,0.304488337746351,0.119216169473057
"375",0,435,8,"sheep","run_v41540077082262",1,0.416840617323464,0.268318732078039,0.164607952529732,0.416840617323464,0.150232698068766
"376",0,436,8,"sheep","run_v41542580586113",0,0.299385233112431,0.208979933089465,0.158983311788172,0.299385233112431,0.332651522009932
"377",0,437,8,"sheep","run_v41547410693836",0,0.317361320588504,0.339769704933015,0.148955830887886,0.317361320588504,0.193913143590595
"378",0,438,8,"sheep","run_v41541375421781",1,0.483666681195728,0.158504133863812,0.200484119274234,0.483666681195728,0.157345065666225
"379",0,439,8,"sheep","run_v41542665872554",1,0.384854519796797,0.164459465720673,0.134377678717531,0.384854519796797,0.316308335764999
"380",0,44,5,"bear","run_v41550695674820",0,0.196474092766568,0.196474092766568,0.270579935902022,0.129224263438429,0.403721707892982
"381",0,440,8,"sheep","run_v41544734061711",1,0.359657385832273,0.0801600808312467,0.325312967384301,0.359657385832273,0.234869565952179
"382",0,441,8,"sheep","run_v41543006875053",0,0.261842421942936,0.16723616347287,0.199032924376143,0.261842421942936,0.371888490208051
"383",0,442,8,"sheep","run_v41541189202663",1,0.353339212961922,0.156938812002857,0.213818840579907,0.353339212961922,0.275903134455314
"384",0,443,8,"sheep","run_v41545869279273",1,0.403515637364715,0.231243866520491,0.141141518798331,0.403515637364715,0.224098977316463
"385",0,444,8,"sheep","run_v41541886932512",1,0.439308278358011,0.205267192039089,0.170874777612038,0.439308278358011,0.184549751990862
"386",0,445,8,"sheep","run_v41543106328096",1,0.37079788345852,0.348933604381383,0.154308869398858,0.37079788345852,0.125959642761239
"387",0,446,8,"sheep","run_v41541882339758",0,0.268295496282223,0.21398260504915,0.323412617698447,0.268295496282223,0.19430928097018
"388",0,447,8,"sheep","run_v41541367019106",1,0.393706116623831,0.330956849710279,0.103778551660965,0.393706116623831,0.171558482004926
"389",0,448,8,"sheep","run_v41541970057187",1,0.433359386553915,0.220350921819346,0.105072008035167,0.433359386553915,0.241217683591572
"390",0,449,8,"sheep","run_v41549148090405",0,0.21883387507799,0.22622147319953,0.315525352552159,0.21883387507799,0.239419299170321
"391",0,45,5,"bear","run_v41542145004464",0,0.359265788022452,0.359265788022452,0.107749866402098,0.368972403121577,0.164011942453873
"392",0,450,4,"tiger","run_v51560289969340",1,0.348299642487475,0.208921088033183,0.119410679839037,0.323368589640304,0.348299642487475
"393",0,451,4,"tiger","run_v51552675705913",0,0.210568767752314,0.274310492507771,0.237995642896116,0.277125096843799,0.210568767752314
"394",0,452,4,"tiger","run_v51555184149246",1,0.370545881125393,0.121176806414915,0.229417476022817,0.278859836436875,0.370545881125393
"395",0,453,4,"tiger","run_v51553985292374",0,0.241360995624126,0.127916244682817,0.277500319751822,0.353222439941235,0.241360995624126
"396",0,454,4,"tiger","run_v51557010277935",0,0.285634282993824,0.111031129900857,0.269788792660093,0.333545794445226,0.285634282993824
"397",0,455,4,"tiger","run_v51559514585072",1,0.487132111017372,0.0934126897296473,0.263891127220993,0.155564072031987,0.487132111017372
"398",0,456,4,"tiger","run_v51558812248139",0,0.318478440964594,0.217397669192838,0.333948153286937,0.130175736555631,0.318478440964594
"399",0,457,4,"tiger","run_v51554414374863",0,0.298985359432045,0.214766254173563,0.329741982362561,0.156506404031831,0.298985359432045
"400",0,458,4,"tiger","run_v51555698278732",0,0.348816617333748,0.0697746023689384,0.223376900327594,0.35803187996972,0.348816617333748
"401",0,459,4,"tiger","run_v51554500415011",0,0.22947127002635,0.208862561713386,0.152319414108828,0.409346754151435,0.22947127002635
"402",0,46,5,"bear","run_v41539377501561",1,0.3449792238342,0.3449792238342,0.276527558531788,0.197970064540176,0.180523153093836
"403",0,460,4,"tiger","run_v51558204026305",0,0.225094421933103,0.112235052785887,0.326839393578037,0.335831131702974,0.225094421933103
"404",0,461,4,"tiger","run_v51555611854739",1,0.348540816907556,0.255191420522965,0.337195840126543,0.0590719224429357,0.348540816907556
"405",0,462,4,"tiger","run_v51558997690411",1,0.398153294534672,0.157516504820882,0.148776063246139,0.295554137398307,0.398153294534672
"406",0,463,4,"tiger","run_v51556219648695",0,0.286239039184896,0.1634343493653,0.184173455459145,0.366153155990659,0.286239039184896
"407",0,464,4,"tiger","run_v51556307617323",0,0.230907775161209,0.252207460759855,0.199714208832652,0.317170555246284,0.230907775161209
"408",0,465,4,"tiger","run_v51559245680139",1,0.288793717155578,0.21290054924897,0.251761771921658,0.246543961673794,0.288793717155578
"409",0,466,4,"tiger","run_v51552078410785",1,0.366036367988468,0.261672986977023,0.229575512820242,0.142715132214268,0.366036367988468
"410",0,467,4,"tiger","run_v51554668075945",0,0.204312373858257,0.290762473545763,0.292940976033617,0.211984176562364,0.204312373858257
"411",0,468,4,"tiger","run_v51552675944737",1,0.254128012157496,0.249691043100963,0.242488727990902,0.253692216750639,0.254128012157496
"412",0,469,4,"tiger","run_v51556482918478",0,0.262084625939661,0.210300330521231,0.162614166460975,0.365000877078132,0.262084625939661
"413",0,47,5,"bear","run_v41550618804008",0,0.162711662046937,0.162711662046937,0.281037868910763,0.381134870799651,0.175115598242649
"414",0,470,4,"tiger","run_v51557684903258",0,0.273193595726665,0.375267181475554,0.126603604017027,0.224935618780754,0.273193595726665
"415",0,471,4,"tiger","run_v51559515347611",0,0.211302405107028,0.383684116353103,0.168755992411878,0.23625748612799,0.211302405107028
"416",0,472,4,"tiger","run_v51553712970475",0,0.142868433447617,0.228613937355335,0.346769941841524,0.281747687355524,0.142868433447617
"417",0,473,4,"tiger","run_v51557256393998",1,0.314847368225137,0.121969324370033,0.267291671529647,0.295891635875184,0.314847368225137
"418",0,474,4,"tiger","run_v51551987527909",1,0.355324680566652,0.210269945523551,0.350871618191289,0.0835337557185085,0.355324680566652
"419",0,475,4,"tiger","run_v51558461569095",0,0.107487968057275,0.312498042632626,0.30128623334256,0.278727755967539,0.107487968057275
"420",0,476,4,"tiger","run_v51560016874785",0,0.223496887120733,0.175313373177902,0.293083723868356,0.308106015833009,0.223496887120733
"421",0,477,4,"tiger","run_v51556492287573",0,0.175952035142267,0.394668624491684,0.199517335937322,0.229862004428726,0.175952035142267
"422",0,478,4,"tiger","run_v51554502885739",0,0.262610868064155,0.48378033645396,0.141499871590766,0.112108923891119,0.262610868064155
"423",0,479,4,"tiger","run_v51554493525362",1,0.390041246204583,0.309041088809672,0.162485510568601,0.138432154417144,0.390041246204583
"424",0,48,5,"bear","run_v41541980099871",1,0.417717832416897,0.417717832416897,0.227735758696266,0.230592926670487,0.123953482216349
"425",0,480,5,"tiger","run_v51555799536913",1,0.381529397005663,0.23171238604839,0.253043767739437,0.13371444920651,0.381529397005663
"426",0,481,5,"tiger","run_v51557252999576",1,0.322471499495079,0.303782423800933,0.319015256778816,0.0547308199251719,0.322471499495079
"427",0,482,5,"tiger","run_v51560198703858",0,0.270571686682029,0.136188164760438,0.414629141672484,0.178611006885049,0.270571686682029
"428",0,483,5,"tiger","run_v51558992984975",0,0.150326182605372,0.276717529443055,0.298957946628715,0.273998341322858,0.150326182605372
"429",0,484,5,"tiger","run_v51555439731643",1,0.311964767025113,0.199368737218133,0.309212747845148,0.179453747911606,0.311964767025113
"430",0,485,5,"tiger","run_v51555793550324",0,0.304236666062992,0.308462421627824,0.132482301635723,0.254818610673461,0.304236666062992
"431",0,486,5,"tiger","run_v51557352287653",0,0.155985844981866,0.437599264437228,0.198942736021224,0.207472154559683,0.155985844981866
"432",0,487,5,"tiger","run_v51558300363058",0,0.281449446589861,0.30161897914796,0.171026951161527,0.245904623100652,0.281449446589861
"433",0,488,5,"tiger","run_v51558219774217",0,0.192997199837707,0.370437694758927,0.0915446708771643,0.345020434526202,0.192997199837707
"434",0,489,5,"tiger","run_v51558221797714",1,0.281548309064821,0.237846071638349,0.268213664372837,0.212391954923994,0.281548309064821
"435",0,49,5,"bear","run_v41545611667620",0,0.265303639619474,0.265303639619474,0.166793095179835,0.225029078014278,0.342874187186413
"436",0,490,5,"tiger","run_v51554405023301",0,0.247284562000021,0.394328140526738,0.0754387494428378,0.282948548030403,0.247284562000021
"437",0,491,5,"tiger","run_v51554485871950",0,0.230610179322335,0.225222561138117,0.245120286797594,0.299046972741954,0.230610179322335
"438",0,492,5,"tiger","run_v51560114221539",0,0.119439772879323,0.461578789578188,0.153761680846506,0.265219756695983,0.119439772879323
"439",0,493,5,"tiger","run_v51555973710979",1,0.361472075661692,0.305905994975616,0.268437281508916,0.0641846478537757,0.361472075661692
"440",0,494,5,"tiger","run_v51553368586725",0,0.373527049777814,0.144729548580004,0.0734551546710999,0.408288246971082,0.373527049777814
"441",0,495,5,"tiger","run_v51552768215582",0,0.220931726457189,0.16154211635974,0.254673173508789,0.362852983674283,0.220931726457189
"442",0,496,5,"tiger","run_v51558910371906",0,0.113553533576854,0.280238865536063,0.300220171983228,0.305987428903854,0.113553533576854
"443",0,497,5,"tiger","run_v51558295601832",0,0.322510401850613,0.0761681408828202,0.399750389025852,0.201571068240715,0.322510401850613
"444",0,498,5,"tiger","run_v51553797134756",0,0.311795718042455,0.203072625039869,0.331015558069126,0.15411609884855,0.311795718042455
"445",0,499,5,"tiger","run_v51551483841983",1,0.328389068072213,0.22738964629567,0.140541875074172,0.303679410557945,0.328389068072213
"446",0,5,4,"bear","run_v41548111205402",0,0.313440097143236,0.313440097143236,0.359225548178909,0.124194446511956,0.203139908165899
"447",0,50,5,"bear","run_v41549151955779",0,0.299205413422844,0.299205413422844,0.337257015631284,0.0662026390906405,0.297334931855232
"448",0,500,5,"tiger","run_v51560364819660",1,0.341233966373682,0.245652202526708,0.162035164191423,0.251078666908187,0.341233966373682
"449",0,501,5,"tiger","run_v51559504745585",0,0.238911355661283,0.317562847845042,0.257008298863881,0.186517497629794,0.238911355661283
"450",0,502,5,"tiger","run_v51552594612798",1,0.37730489103294,0.319439338755977,0.149622829604918,0.153632940606165,0.37730489103294
"451",0,503,5,"tiger","run_v51555180297176",1,0.25698676777573,0.244583594303427,0.251287473038059,0.247142164882784,0.25698676777573
"452",0,504,5,"tiger","run_v51552512578712",1,0.367202970704761,0.250220935456636,0.130729161745232,0.251846932093371,0.367202970704761
"453",0,505,5,"tiger","run_v51555011830141",0,0.213356853116225,0.187781884381093,0.361984755561412,0.23687650694127,0.213356853116225
"454",0,506,5,"tiger","run_v51551556804099",1,0.301583795272058,0.16858402132714,0.294009192347571,0.235822991053231,0.301583795272058
"455",0,507,5,"tiger","run_v51552260590539",0,0.272877973284157,0.165136347456657,0.376596234938776,0.18538944432041,0.272877973284157
"456",0,508,5,"tiger","run_v51554586627381",1,0.342543085417621,0.281697989948002,0.265713713786215,0.110045210848161,0.342543085417621
"457",0,509,5,"tiger","run_v51556821146799",0,0.257088023717934,0.433714005962584,0.143844500496394,0.165353469823088,0.257088023717934
"458",0,51,5,"bear","run_v41549750668354",1,0.310679227237985,0.310679227237985,0.210026555718567,0.180000546939445,0.299293670104003
"459",0,510,6,"tiger","run_v51552759892951",1,0.309912647076364,0.216066375264605,0.168539122981344,0.305481854677686,0.309912647076364
"460",0,511,6,"tiger","run_v51560539054002",1,0.453001518871133,0.0897493942730741,0.0650023114906303,0.392246775365163,0.453001518871133
"461",0,512,6,"tiger","run_v51551985054639",1,0.479605142362695,0.223330911034256,0.18660549067949,0.110458455923559,0.479605142362695
"462",0,513,6,"tiger","run_v51554575992623",1,0.405140318961323,0.140016745773732,0.361541745577086,0.0933011896878591,0.405140318961323
"463",0,514,6,"tiger","run_v51554575624945",0,0.395190079504309,0.065394190508436,0.437263580200899,0.102152149786355,0.395190079504309
"464",0,515,6,"tiger","run_v51555965700111",1,0.296999798213585,0.238810874551202,0.179333592770454,0.284855734464758,0.296999798213585
"465",0,516,6,"tiger","run_v51557423827107",0,0.238332243156844,0.17991463300166,0.260559984248083,0.321193139593413,0.238332243156844
"466",0,517,6,"tiger","run_v51559585250795",0,0.250174953347416,0.285350047710538,0.171127590072783,0.293347408869263,0.250174953347416
"467",0,518,6,"tiger","run_v51559757067308",0,0.188393089981361,0.324718397177236,0.295500855161307,0.191387657680096,0.188393089981361
"468",0,519,6,"tiger","run_v51553378484034",0,0.313335943226186,0.124353470348254,0.23061065740066,0.331699929024899,0.313335943226186
"469",0,52,5,"bear","run_v41548013550268",1,0.30411394053121,0.30411394053121,0.228690974975623,0.283141180393004,0.184053904100162
"470",0,520,6,"tiger","run_v51555446459677",1,0.350049325438106,0.283479966187194,0.109151569286678,0.257319139088022,0.350049325438106
"471",0,521,6,"tiger","run_v51557009211724",1,0.489390839203443,0.223218678957607,0.188043740776571,0.0993467410623783,0.489390839203443
"472",0,522,6,"tiger","run_v51559516400217",1,0.395989106947908,0.222995051290586,0.210788542414327,0.170227299347178,0.395989106947908
"473",0,523,6,"tiger","run_v51553364435865",0,0.259724460984695,0.326921939530773,0.179065789172521,0.234287810312011,0.259724460984695
"474",0,524,6,"tiger","run_v51554678300519",0,0.249798757158594,0.516266148057571,0.0701237614604248,0.163811333323411,0.249798757158594
"475",0,525,6,"tiger","run_v51554399432613",1,0.346624309164123,0.246906816810775,0.222892232356428,0.183576641668674,0.346624309164123
"476",0,526,6,"tiger","run_v51553025646460",1,0.380755987493703,0.165688477074063,0.271329802781614,0.182225732650619,0.380755987493703
"477",0,527,6,"tiger","run_v51551650104505",0,0.265147725496058,0.289883955920864,0.159957004178973,0.285011314404105,0.265147725496058
"478",0,528,6,"tiger","run_v51558995710482",1,0.391378933627202,0.174935216866156,0.144657192841063,0.289028656665579,0.391378933627202
"479",0,529,6,"tiger","run_v51553109569161",1,0.30754564292071,0.285908662922954,0.127042881897376,0.27950281225896,0.30754564292071
"480",0,53,5,"bear","run_v41547334372547",1,0.458578976923964,0.458578976923964,0.163864235833748,0.222702716562131,0.154854070680156
"481",0,530,6,"tiger","run_v51558983902788",1,0.408696397425938,0.236655206979725,0.0607098135511573,0.29393858204318,0.408696397425938
"482",0,531,6,"tiger","run_v51554575017277",1,0.369516689089105,0.129989249001059,0.288006242511302,0.212487819398534,0.369516689089105
"483",0,532,6,"tiger","run_v51558817349546",0,0.234216053470626,0.259817432969279,0.320893431183383,0.185073082376713,0.234216053470626
"484",0,533,6,"tiger","run_v51552251847758",0,0.262788810633393,0.205573742775081,0.202937265933369,0.328700180658157,0.262788810633393
"485",0,534,6,"tiger","run_v51560122660492",0,0.280103125018573,0.301550352399299,0.124893436047992,0.293453086534137,0.280103125018573
"486",0,535,6,"tiger","run_v51557954248479",1,0.345996155405899,0.12237900055259,0.234290795142888,0.297334048898623,0.345996155405899
"487",0,536,6,"tiger","run_v51558822551427",0,0.224662387389856,0.137114051376422,0.452620318532118,0.185603242701604,0.224662387389856
"488",0,537,6,"tiger","run_v51553277873742",1,0.385461283536809,0.195518834493528,0.201062588691718,0.217957293277945,0.385461283536809
"489",0,538,6,"tiger","run_v51553117199061",0,0.114235711522604,0.448285205905578,0.330513963672157,0.106965118899661,0.114235711522604
"490",0,539,6,"tiger","run_v51551658232105",1,0.33239359137296,0.248342073224466,0.262567418446849,0.156696916955726,0.33239359137296
"491",0,54,5,"bear","run_v41550268221592",1,0.426288995400833,0.426288995400833,0.158384814176666,0.145845144320019,0.269481046102482
"492",0,540,7,"tiger","run_v51560362345699",1,0.382809106554663,0.145138932794509,0.163348766683927,0.308703193966902,0.382809106554663
"493",0,541,7,"tiger","run_v51553717089405",1,0.42439017973277,0.134593242045846,0.23418725133932,0.206829326882063,0.42439017973277
"494",0,542,7,"tiger","run_v51558814173007",0,0.289803777808166,0.430464591764387,0.107552526683798,0.17217910374365,0.289803777808166
"495",0,543,7,"tiger","run_v51559585037762",0,0.240444280640071,0.257147571792797,0.231620077602114,0.270788069965018,0.240444280640071
"496",0,544,7,"tiger","run_v51558302765357",0,0.201973013828473,0.350661509053933,0.181053883278176,0.266311593839418,0.201973013828473
"497",0,545,7,"tiger","run_v51553797691075",0,0.169703492942617,0.265373985184836,0.238136506964476,0.32678601490807,0.169703492942617
"498",0,546,7,"tiger","run_v51558120102935",0,0.238315644921401,0.165322576754135,0.318115786015366,0.278245992309099,0.238315644921401
"499",0,547,7,"tiger","run_v51553200345529",1,0.408645832132466,0.0562075094028293,0.263450308568063,0.271696349896642,0.408645832132466
"500",0,548,7,"tiger","run_v51555705347935",0,0.225286427362133,0.328674043751092,0.17630118419566,0.269738344691116,0.225286427362133
"501",0,549,7,"tiger","run_v51559680762610",0,0.23087661501547,0.324210149243208,0.121436845713299,0.323476390028023,0.23087661501547
"502",0,55,5,"bear","run_v41540064328979",1,0.441080744095412,0.441080744095412,0.283332029610667,0.19272504702198,0.0828621792719409
"503",0,550,7,"tiger","run_v51552766143250",1,0.480169973382264,0.269654103430056,0.134461575143672,0.115714348044009,0.480169973382264
"504",0,551,7,"tiger","run_v51558477461719",0,0.252002509053979,0.246301499985472,0.156982190970533,0.344713799990015,0.252002509053979
"505",0,552,7,"tiger","run_v51554675414862",1,0.420817262869049,0.177399664644811,0.164326676680509,0.23745639580563,0.420817262869049
"506",0,553,7,"tiger","run_v51557513310208",0,0.140061982547459,0.199464041553603,0.445845491058978,0.214628484839961,0.140061982547459
"507",0,554,7,"tiger","run_v51556314730084",0,0.233658650887141,0.275975037924685,0.110848383658492,0.379517927529682,0.233658650887141
"508",0,555,7,"tiger","run_v51553105370875",0,0.215078542108283,0.194858218358839,0.312308061333886,0.277755178198993,0.215078542108283
"509",0,556,7,"tiger","run_v51554228441546",0,0.24227460270352,0.385034002493852,0.186261050966964,0.186430343835664,0.24227460270352
"510",0,557,7,"tiger","run_v51555012437735",1,0.360345929937129,0.228970222219423,0.142803215417702,0.267880632425746,0.360345929937129
"511",0,558,7,"tiger","run_v51555009788317",1,0.382552690133168,0.230174692339851,0.156477566177884,0.230795051349098,0.382552690133168
"512",0,559,7,"tiger","run_v51552500059847",0,0.0807991820095238,0.396734798796641,0.326048257793789,0.196417761400046,0.0807991820095238
"513",0,56,5,"bear","run_v41547932346363",1,0.349805990058574,0.349805990058574,0.0964897398910625,0.306726762826784,0.24697750722358
"514",0,560,7,"tiger","run_v51553458697847",0,0.285496179922474,0.300896575449872,0.116478669575737,0.297128575051918,0.285496179922474
"515",0,561,7,"tiger","run_v51559247099556",1,0.366674534036255,0.255964120402819,0.0931140150873138,0.284247330473613,0.366674534036255
"516",0,562,7,"tiger","run_v51559512803852",1,0.317494769013777,0.277291552642611,0.132059132380796,0.273154545962817,0.317494769013777
"517",0,563,7,"tiger","run_v51555278897314",0,0.327539986704897,0.395800392051613,0.138933237980226,0.137726383263264,0.327539986704897
"518",0,564,7,"tiger","run_v51559941477636",0,0.191343842871904,0.49930925729668,0.115428543136557,0.193918356694858,0.191343842871904
"519",0,565,7,"tiger","run_v51551381372446",0,0.110893045717447,0.218568360444691,0.300628503810939,0.369910090026924,0.110893045717447
"520",0,566,7,"tiger","run_v51558901075125",0,0.132482130020078,0.355864873257718,0.344347238082608,0.167305758639595,0.132482130020078
"521",0,567,7,"tiger","run_v51552500403975",1,0.365313022223322,0.15870324254556,0.148069600215731,0.327914135015386,0.365313022223322
"522",0,568,7,"tiger","run_v51558296117239",0,0.21264191570465,0.206957878048843,0.449258614366238,0.131141591880269,0.21264191570465
"523",0,569,7,"tiger","run_v51554411233731",1,0.363455572610155,0.21256769178511,0.0923683258691985,0.331608409735536,0.363455572610155
"524",0,57,5,"bear","run_v41537053860221",0,0.196517805770537,0.196517805770537,0.27627120932124,0.36012941498176,0.167081569926462
"525",0,570,8,"tiger","run_v51551647564292",1,0.336211035221367,0.298913318088288,0.0664387883628866,0.298436858327458,0.336211035221367
"526",0,571,8,"tiger","run_v51552080524544",1,0.347570960037563,0.153241752678106,0.198847844340927,0.300339442943404,0.347570960037563
"527",0,572,8,"tiger","run_v51552685236973",1,0.412917538561135,0.269140643781948,0.184198993904297,0.133742823752619,0.412917538561135
"528",0,573,8,"tiger","run_v51552686195165",1,0.345028152145818,0.202719715567904,0.333021203148383,0.119230929137895,0.345028152145818
"529",0,574,8,"tiger","run_v51552686589193",0,0.209732493111098,0.314539239848767,0.230183700736264,0.245544566303871,0.209732493111098
"530",0,575,8,"tiger","run_v51552852666242",0,0.173831330955444,0.091822529115939,0.383782116150979,0.350564023777638,0.173831330955444
"531",0,576,8,"tiger","run_v51553026756650",0,0.159368015862925,0.331355404380794,0.284147627181157,0.225128952575124,0.159368015862925
"532",0,577,8,"tiger","run_v51553032868420",0,0.236380494629473,0.321648004252508,0.131178225720386,0.310793275397633,0.236380494629473
"533",0,578,8,"tiger","run_v51553885548026",0,0.267611671225631,0.366622245572314,0.109476223540513,0.256289859661542,0.267611671225631
"534",0,579,8,"tiger","run_v51554063734121",0,0.327339893404477,0.121595308925923,0.363063870935868,0.188000926733731,0.327339893404477
"535",0,58,5,"bear","run_v41550871677397",1,0.422894686899755,0.422894686899755,0.092114518485859,0.354455120922331,0.130535673692056
"536",0,580,8,"tiger","run_v51554244662859",1,0.412776455706172,0.23443731213295,0.202868752167584,0.149917479993294,0.412776455706172
"537",0,581,8,"tiger","run_v51554317223964",1,0.39052201747103,0.0988355055332508,0.171542709064335,0.339099767931385,0.39052201747103
"538",0,582,8,"tiger","run_v51554331048921",1,0.410927134832259,0.11835339064207,0.26725137194861,0.203468102577061,0.410927134832259
"539",0,583,8,"tiger","run_v51554670890273",0,0.243500513100876,0.293364800437474,0.340920607815875,0.122214078645775,0.243500513100876
"540",0,584,8,"tiger","run_v51554842554303",0,0.160909716626636,0.279234063747126,0.16060916785853,0.399247051767709,0.160909716626636
"541",0,585,8,"tiger","run_v51555007996195",1,0.363102091884449,0.175738649932389,0.278903059400686,0.182256198782476,0.363102091884449
"542",0,586,8,"tiger","run_v51555008674265",0,0.294426861006832,0.230216218466969,0.327416606101327,0.147940314424873,0.294426861006832
"543",0,587,8,"tiger","run_v51555186632265",1,0.406660836839921,0.0825192472902387,0.253142151302969,0.257677764566871,0.406660836839921
"544",0,588,8,"tiger","run_v51556301427958",1,0.515861261591673,0.0866633764930927,0.263598714632871,0.133876647282363,0.515861261591673
"545",0,589,8,"tiger","run_v51557699462594",1,0.360876406682001,0.159397544216327,0.212600298935383,0.267125750166289,0.360876406682001
"546",0,59,5,"bear","run_v41546120372131",0,0.224764787612442,0.224764787612442,0.345807713137123,0.317329534689237,0.112097964561198
"547",0,590,8,"tiger","run_v51557948746794",1,0.404804347693701,0.197790006948506,0.223678467063825,0.173727178293968,0.404804347693701
"548",0,591,8,"tiger","run_v51559330598410",0,0.270232524966262,0.277815311749482,0.191240992894111,0.260711170390145,0.270232524966262
"549",0,592,8,"tiger","run_v51559330860169",0,0.270685322617281,0.278463218839515,0.214077076558692,0.236774381984511,0.270685322617281
"550",0,593,8,"tiger","run_v51559331520095",0,0.259086470019466,0.26683501350813,0.229080938962331,0.244997577510073,0.259086470019466
"551",0,594,8,"tiger","run_v51559501707942",0,0.348432083706066,0.354981101072537,0.153241089023148,0.143345726198249,0.348432083706066
"552",0,595,8,"tiger","run_v51560034813454",0,0.32289439812586,0.0547902837378838,0.412862791931543,0.209452526204712,0.32289439812586
"553",0,596,8,"tiger","run_v51560113198854",1,0.305093077138453,0.238190702713296,0.167506828252856,0.289209391895395,0.305093077138453
"554",0,597,8,"tiger","run_v51560284416411",1,0.44118690069799,0.09190541523334,0.296295785041404,0.170611899027266,0.44118690069799
"555",0,598,8,"tiger","run_v51560360418558",0,0.165111217629614,0.236539902914719,0.210128468109468,0.388220411346198,0.165111217629614
"556",0,599,8,"tiger","run_v51560538640461",0,0.21528037655644,0.263344400972768,0.260633517015462,0.26074170545533,0.21528037655644
"557",0,6,4,"bear","run_v41549740883837",0,0.330395919217413,0.330395919217413,0.104739561481628,0.196740433939904,0.368124085361055
"558",0,60,6,"bear","run_v41548278221126",1,0.439841941777897,0.439841941777897,0.104394361752117,0.0683928286504273,0.387370867819558
"559",0,61,6,"bear","run_v41549747422670",0,0.258608580056851,0.258608580056851,0.260427637515655,0.317139862790374,0.163823919637119
"560",0,62,6,"bear","run_v41546211992330",0,0.234923767494983,0.234923767494983,0.194122642655402,0.300965153627328,0.269988436222288
"561",0,63,6,"bear","run_v41549135807111",0,0.252149007839776,0.252149007839776,0.221112041510077,0.420707187140946,0.106031763509201
"562",0,64,6,"bear","run_v41544916806336",1,0.407923598680168,0.407923598680168,0.255409175916245,0.0853990511596066,0.251268174243981
"563",0,65,6,"bear","run_v41543697737568",1,0.488740514241366,0.488740514241366,0.127732994090916,0.181263858260497,0.20226263340722
"564",0,66,6,"bear","run_v41546127136442",0,0.361653984991854,0.361653984991854,0.110254507126763,0.38079833312981,0.147293174751573
"565",0,67,6,"bear","run_v41548105227115",1,0.354301553716042,0.354301553716042,0.181408742590518,0.229786774453732,0.234502929239707
"566",0,68,6,"bear","run_v41550706357756",1,0.503812740601397,0.503812740601397,0.149663427053579,0.142191084891209,0.204332747453815
"567",0,69,6,"bear","run_v41545951002707",1,0.374218633295246,0.374218633295246,0.316239879747175,0.201805154138291,0.107736332819288
"568",0,7,4,"bear","run_v41543435172271",0,0.133105149684974,0.133105149684974,0.283760841522734,0.320133167019092,0.2630008417732
"569",0,70,6,"bear","run_v41536522290128",1,0.384755728957076,0.384755728957076,0.234358411591411,0.156862669338722,0.224023190112791
"570",0,71,6,"bear","run_v41544729587520",0,0.154908113502928,0.154908113502928,0.339550145443284,0.286360174960247,0.219181566093542
"571",0,72,6,"bear","run_v41541266184035",1,0.489233551432351,0.489233551432351,0.129523420368192,0.169409312002758,0.211833716196699
"572",0,73,6,"bear","run_v41543692435441",1,0.377708528456284,0.377708528456284,0.248100513235045,0.215703871056933,0.158487087251738
"573",0,74,6,"bear","run_v41546043232200",1,0.526208802263999,0.526208802263999,0.116503187317913,0.133750274627421,0.223537735790667
"574",0,75,6,"bear","run_v41550441188321",1,0.457690830655069,0.457690830655069,0.298338233327132,0.129159547284273,0.114811388733527
"575",0,76,6,"bear","run_v41541377302643",0,0.315340787272753,0.315340787272753,0.318814244023578,0.15699385444516,0.208851114258509
"576",0,77,6,"bear","run_v41547760580000",0,0.157654307167141,0.157654307167141,0.0784808648693115,0.4057931120478,0.358071715915747
"577",0,78,6,"bear","run_v41542049235926",1,0.453393106598905,0.453393106598905,0.1116024114203,0.232145937546121,0.202858544434674
"578",0,79,6,"bear","run_v41549152218081",1,0.509299149519581,0.509299149519581,0.0784674631102469,0.151201672779979,0.261031714590193
"579",0,8,4,"bear","run_v41546204857329",0,0.220539614621877,0.220539614621877,0.140372292374368,0.284837714199468,0.354250378804287
"580",0,80,6,"bear","run_v41540163517102",1,0.437721503825973,0.437721503825973,0.0373881587765186,0.263054486984953,0.261835850412555
"581",0,81,6,"bear","run_v41542748126931",0,0.213973608507631,0.213973608507631,0.136244616663739,0.383068932041716,0.266712842786913
"582",0,82,6,"bear","run_v41542484970534",0,0.254045277952834,0.254045277952834,0.27289709621462,0.232010019829094,0.241047606003452
"583",0,83,6,"bear","run_v41541889000022",0,0.182413343058962,0.182413343058962,0.261162723180635,0.318452383661911,0.237971550098492
"584",0,84,6,"bear","run_v41544995863758",0,0.346384561970324,0.346384561970324,0.356107225565772,0.0968124872171314,0.200695725246772
"585",0,85,6,"bear","run_v41546034714978",1,0.46683249539406,0.46683249539406,0.275924178041502,0.133950185494308,0.12329314107013
"586",0,86,6,"bear","run_v41546201325204",1,0.389847609112265,0.389847609112265,0.228672610042832,0.259367984368292,0.122111796476611
"587",0,87,6,"bear","run_v41542058738344",1,0.438666438662604,0.438666438662604,0.0491223968884041,0.234090828371201,0.278120336077791
"588",0,88,6,"bear","run_v41542048599263",0,0.239624745181421,0.239624745181421,0.346844277273952,0.0455623750118506,0.367968602532776
"589",0,89,6,"bear","run_v41541967175933",1,0.459238832537748,0.459238832537748,0.214124298987105,0.0845530805433734,0.242083787931773
"590",0,9,4,"bear","run_v41548030465618",0,0.194652067145391,0.194652067145391,0.0971403807452641,0.402485997315742,0.305721554793603
"591",0,90,7,"bear","run_v41548356134555",1,0.363565474978769,0.363565474978769,0.243832149762123,0.243104868236372,0.149497507022735
"592",0,91,7,"bear","run_v41541887274625",1,0.323331564233858,0.323331564233858,0.155562147689175,0.199784391374381,0.321321896702586
"593",0,92,7,"bear","run_v41543707697771",1,0.483658277045781,0.483658277045781,0.243410647027987,0.125444817219144,0.147486258707088
"594",0,93,7,"bear","run_v41547844685231",1,0.453601350341717,0.453601350341717,0.166191561134877,0.127492555214925,0.252714533308481
"595",0,94,7,"bear","run_v41547316901880",1,0.439605486925332,0.439605486925332,0.229969767082863,0.15262604354315,0.177798702448656
"596",0,95,7,"bear","run_v41542584586572",1,0.33178124844217,0.33178124844217,0.199207555307135,0.208743316991335,0.26026787925936
"597",0,96,7,"bear","run_v41548282392257",0,0.388904695181772,0.388904695181772,0.0769078910268527,0.396027761377824,0.138159652413552
"598",0,97,7,"bear","run_v41539885875694",0,0.234809544269991,0.234809544269991,0.188896819331584,0.308959211962141,0.267334424436284
"599",0,98,7,"bear","run_v41547332640315",0,0.183433536474675,0.183433536474675,0.349240606743138,0.197260320549887,0.270065536232299
"600",0,99,7,"bear","run_v41545008360752",1,0.324228520618305,0.324228520618305,0.165895353447853,0.313516287700895,0.196359838232946
