"","X","index","age","target_label","session_id","correct_or_not","target_label_prob","airplane_prob","boat_prob","car_prob","train_prob"
"1",0,0,4,"airplane","run_v31528843580055",1,0.358187873151055,0.358187873151055,0.117673249731463,0.200114045799966,0.324024831317516
"2",0,1,4,"airplane","run_v31528316999098",1,0.386887646766028,0.386887646766028,0.174401492109919,0.0547580598405447,0.383952801283509
"3",0,10,4,"airplane","run_v31528135799225",1,0.507810193736109,0.507810193736109,0.301045149497907,0.0890821982910711,0.102062458474913
"4",0,100,8,"airplane","run_v31529176355431",1,0.391713516723459,0.391713516723459,0.379821563399048,0.0718496095589993,0.156615310318494
"5",0,101,8,"airplane","run_v31529262599391",0,0.178468006688325,0.178468006688325,0.361565959149064,0.290268824124022,0.169697210038588
"6",0,102,8,"airplane","run_v31531425150399",1,0.448580027628347,0.448580027628347,0.225443041809928,0.265645255731095,0.0603316748306304
"7",0,103,8,"airplane","run_v31532043793468",0,0.298429716230264,0.298429716230264,0.114744634460316,0.354750380996289,0.232075268313131
"8",0,104,8,"airplane","run_v31529359799192",1,0.317952318233616,0.317952318233616,0.192463193499789,0.293688828685793,0.195895659580801
"9",0,105,8,"airplane","run_v31528406399205",0,0.239710677346234,0.239710677346234,0.127147442890449,0.400851594275502,0.232290285487816
"10",0,106,8,"airplane","run_v31528395207991",1,0.453757030253336,0.453757030253336,0.233115574781326,0.0790429278927437,0.234084467072594
"11",0,107,8,"airplane","run_v31528324269381",0,0.303813053864802,0.303813053864802,0.26445240720405,0.361629145926619,0.0701053930045289
"12",0,108,8,"airplane","run_v31530650564568",1,0.403562083038867,0.403562083038867,0.234438269533421,0.192033955307912,0.1699656921198
"13",0,109,8,"airplane","run_v31532111494633",1,0.437008669698302,0.437008669698302,0.162531055952441,0.195131977704462,0.205328296644795
"14",0,11,4,"airplane","run_v31529263799251",1,0.421089263859607,0.421089263859607,0.229004669783722,0.117005980097646,0.232900086259025
"15",0,110,8,"airplane","run_v31528065690229",1,0.411171986340642,0.411171986340642,0.157816964334754,0.343890576491171,0.0871204728334331
"16",0,111,8,"airplane","run_v31528395460868",0,0.388830162916245,0.388830162916245,0.39350079025029,0.0655712703905173,0.152097776442948
"17",0,112,8,"airplane","run_v31528658399219",0,0.23582287852172,0.23582287852172,0.275094523852971,0.265122863402326,0.223959734222982
"18",0,113,8,"airplane","run_v31528492338463",1,0.432581497353888,0.432581497353888,0.360638898336032,0.100549573968337,0.106230030341743
"19",0,114,8,"airplane","run_v31530643882583",1,0.445701240625423,0.445701240625423,0.12115942277487,0.171629204581099,0.261510132018608
"20",0,115,4,"boat","run_v31533676898644",1,0.337084356980908,0.234766408016319,0.337084356980908,0.149862028521917,0.278287206480856
"21",0,116,4,"boat","run_v31533665646277",0,0.339390469333182,0.345628726069109,0.339390469333182,0.201204964171064,0.113775840426645
"22",0,117,4,"boat","run_v31532893623593",0,0.115410660838568,0.283803685084837,0.115410660838568,0.34472426923531,0.256061384841286
"23",0,118,4,"boat","run_v31533929438685",1,0.482398511577984,0.291910991227586,0.482398511577984,0.0869294074029943,0.138761089791436
"24",0,119,4,"boat","run_v31532715129943",1,0.371548140165643,0.274184257452974,0.371548140165643,0.0696360958575719,0.284631506523811
"25",0,12,4,"airplane","run_v31530401539082",1,0.460313155797172,0.460313155797172,0.253233552174271,0.0859610045904588,0.200492287438098
"26",0,120,4,"boat","run_v31533509680357",0,0.22111469832002,0.156559916848431,0.22111469832002,0.450197108876786,0.172128275954764
"27",0,121,4,"boat","run_v31526065527149",1,0.495248097580565,0.130570486124661,0.495248097580565,0.200647516784887,0.173533899509886
"28",0,122,4,"boat","run_v31534279499637",0,0.0897280971189171,0.44122805199222,0.0897280971189171,0.0967555489127554,0.372288301976108
"29",0,123,4,"boat","run_v31535393785775",1,0.38849362586476,0.350113580534946,0.38849362586476,0.0153195704689927,0.246073223131301
"30",0,124,4,"boat","run_v31533153135562",1,0.332351665491917,0.311306833113888,0.332351665491917,0.119779762086937,0.236561739307258
"31",0,125,4,"boat","run_v31532806070697",1,0.425295835526124,0.270667714346786,0.425295835526124,0.151384750039275,0.152651700087815
"32",0,126,4,"boat","run_v31534198612126",1,0.342371133819913,0.225910468068528,0.342371133819913,0.271057552029631,0.160660846081927
"33",0,127,4,"boat","run_v31532714767665",0,0.337280633206866,0.369032629311376,0.337280633206866,0.189082089341072,0.104604648140686
"34",0,128,4,"boat","run_v31526167651102",1,0.283723401830876,0.259219609203534,0.283723401830876,0.241938812680254,0.215118176285336
"35",0,129,4,"boat","run_v31533501243808",1,0.472869410731577,0.156563336220395,0.472869410731577,0.0963071483059974,0.274260104742031
"36",0,13,4,"airplane","run_v31528921199246",1,0.431149728502036,0.431149728502036,0.121243551578731,0.345555050093616,0.102051669825617
"37",0,130,4,"boat","run_v31533334630848",1,0.46468167301894,0.190697070920384,0.46468167301894,0.142010050988454,0.202611205072222
"38",0,131,4,"boat","run_v31534628023931",0,0.195017684637774,0.242252007248675,0.195017684637774,0.469101073974934,0.0936292341386165
"39",0,132,4,"boat","run_v31534712557845",1,0.420991651222597,0.331887653309132,0.420991651222597,0.201096705951259,0.046023989517012
"40",0,133,4,"boat","run_v31533756481420",0,0.265596819641841,0.0764917456616331,0.265596819641841,0.247357608500367,0.41055382619616
"41",0,134,4,"boat","run_v31534457003877",1,0.480787029060836,0.339759721430677,0.480787029060836,0.073669509786278,0.10578373972221
"42",0,135,4,"boat","run_v31534801537754",0,0.254653119553799,0.378487844376539,0.254653119553799,0.137403784482674,0.229455251586988
"43",0,136,4,"boat","run_v31532643410894",1,0.320091154589252,0.277275965378843,0.320091154589252,0.277872495992372,0.124760384039533
"44",0,137,4,"boat","run_v31535740489930",0,0.246610333644881,0.277751061163238,0.246610333644881,0.22119783293385,0.254440772258031
"45",0,138,5,"boat","run_v31533063333125",1,0.401376552488089,0.212144722005846,0.401376552488089,0.0392555485815025,0.347223176924562
"46",0,139,5,"boat","run_v31534534946282",1,0.399773796058644,0.357149250286225,0.399773796058644,0.0840577160685241,0.159019237586607
"47",0,14,4,"airplane","run_v31528845599021",1,0.440005204238891,0.440005204238891,0.148244626827418,0.0693667501780021,0.34238341875569
"48",0,140,5,"boat","run_v31526254092272",1,0.445358094103271,0.251819035950455,0.445358094103271,0.0515211414732705,0.251301728473004
"49",0,141,5,"boat","run_v31532637678672",1,0.420338818974307,0.33099965948579,0.420338818974307,0.176247277223468,0.072414244316434
"50",0,142,5,"boat","run_v31526157427450",1,0.461040525597463,0.118506195846902,0.461040525597463,0.142829418340331,0.277623860215304
"51",0,143,5,"boat","run_v31532553043342",0,0.185554501470999,0.229364486771494,0.185554501470999,0.439951338944924,0.145129672812583
"52",0,144,5,"boat","run_v31533942727083",1,0.322931094443593,0.272473792457454,0.322931094443593,0.164612481842623,0.23998263125633
"53",0,145,5,"boat","run_v31534448210635",0,0.192432279034432,0.440743693215811,0.192432279034432,0.106250524667512,0.260573503082245
"54",0,146,5,"boat","run_v31532472921086",0,0.33269885937437,0.365028859742623,0.33269885937437,0.0651114609897553,0.237160819893252
"55",0,147,5,"boat","run_v31534115055932",1,0.478500007657732,0.151685319616776,0.478500007657732,0.145464245021349,0.224350427704143
"56",0,148,5,"boat","run_v31536015899873",1,0.251529126860749,0.248426386306203,0.251529126860749,0.250624629831361,0.249419857001687
"57",0,149,5,"boat","run_v31534023554835",1,0.400198693047017,0.248353301563024,0.400198693047017,0.110990744091075,0.240457261298884
"58",0,15,4,"airplane","run_v31530744309602",0,0.318511947967662,0.318511947967662,0.145251358903742,0.156750108504585,0.379486584624011
"59",0,150,5,"boat","run_v31534268537168",1,0.350745283130714,0.216884734137951,0.350745283130714,0.188577718897462,0.243792263833873
"60",0,151,5,"boat","run_v31534618697014",1,0.383771792989216,0.0896815608816219,0.383771792989216,0.156161968953427,0.370384677175734
"61",0,152,5,"boat","run_v31534282133145",0,0.229704567457696,0.281960424564146,0.229704567457696,0.159058153671159,0.329276854306999
"62",0,153,5,"boat","run_v31535927005519",1,0.526792529617865,0.314999471759017,0.526792529617865,0.0781578146807881,0.080050183942329
"63",0,154,5,"boat","run_v31534445290775",1,0.346995079931998,0.297814691460167,0.346995079931998,0.199950907842817,0.155239320765019
"64",0,155,5,"boat","run_v31534878767073",0,0.263712051036168,0.157287933897858,0.263712051036168,0.270770221753291,0.308229793312684
"65",0,156,5,"boat","run_v31534109653532",1,0.311678677466875,0.18268835924213,0.311678677466875,0.214303522475702,0.291329440815294
"66",0,157,5,"boat","run_v31534621366270",0,0.195178736868462,0.331965440180126,0.195178736868462,0.154614808680924,0.318241014270489
"67",0,158,5,"boat","run_v31526766453659",1,0.451246710685302,0.255808389085773,0.451246710685302,0.097190307912138,0.195754592316787
"68",0,159,5,"boat","run_v31526766142852",1,0.42393274376103,0.398944212789351,0.42393274376103,0.099317852626198,0.0778051908234206
"69",0,16,4,"airplane","run_v31528580999095",1,0.34054366471594,0.34054366471594,0.127163389020917,0.312638159777236,0.219654786485906
"70",0,160,5,"boat","run_v31534202459269",1,0.434539126565783,0.290053509896912,0.434539126565783,0.101330661985767,0.174076701551538
"71",0,161,6,"boat","run_v31526061437727",1,0.335368887224792,0.283703164624262,0.335368887224792,0.302053410528812,0.0788745376221344
"72",0,162,6,"boat","run_v31534462278048",1,0.365355295836227,0.195979112632165,0.365355295836227,0.143451344828807,0.295214246702801
"73",0,163,6,"boat","run_v31534362900563",0,0.179174155830641,0.222162106790795,0.179174155830641,0.455858159925927,0.142805577452637
"74",0,164,6,"boat","run_v31526168752022",0,0.250679033422151,0.0872120981224496,0.250679033422151,0.340261354213595,0.321847514241805
"75",0,165,6,"boat","run_v31532992438456",0,0.309286711881983,0.310653334028484,0.309286711881983,0.122668738023864,0.257391216065669
"76",0,166,6,"boat","run_v31534365370913",1,0.417076031764806,0.341519635399842,0.417076031764806,0.164575493110235,0.0768288397251167
"77",0,167,6,"boat","run_v31534022233782",1,0.516244820853202,0.159962031834799,0.516244820853202,0.244112165570341,0.0796809817416585
"78",0,168,6,"boat","run_v31532646358353",1,0.487990372299204,0.429388422418222,0.487990372299204,0.0479319110391916,0.0346892942433823
"79",0,169,6,"boat","run_v31526665751276",0,0.259194723985621,0.236027763183847,0.259194723985621,0.236878704243241,0.267898808587291
"80",0,17,4,"airplane","run_v31529092199275",0,0.332489322075067,0.332489322075067,0.196155136265625,0.357337874661088,0.11401766699822
"81",0,170,6,"boat","run_v31532546378789",1,0.362970010102058,0.356678537486086,0.362970010102058,0.0675673428646399,0.212784109547216
"82",0,171,6,"boat","run_v31532989462454",1,0.484280985412228,0.146102773664824,0.484280985412228,0.0692322484083017,0.300383992514646
"83",0,172,6,"boat","run_v31533325141650",1,0.457451282253337,0.190975864507448,0.457451282253337,0.164754082453236,0.186818770785979
"84",0,173,6,"boat","run_v31534461222995",1,0.506152924333769,0.203113744810577,0.506152924333769,0.11760095414893,0.173132376706723
"85",0,174,6,"boat","run_v31526665223948",1,0.445317932744455,0.268146388237082,0.445317932744455,0.102483149361324,0.184052529657139
"86",0,175,6,"boat","run_v31525891444648",1,0.277611010376746,0.271144152652684,0.277611010376746,0.238233467087366,0.213011369883203
"87",0,176,6,"boat","run_v31532982235550",1,0.393919246917169,0.154517306156054,0.393919246917169,0.107111885905336,0.34445156102144
"88",0,177,6,"boat","run_v31525976032935",1,0.418518122749672,0.195448619240207,0.418518122749672,0.0924450909495907,0.29358816706053
"89",0,178,6,"boat","run_v31534367635067",1,0.282020769593585,0.236089282595396,0.282020769593585,0.212756947791321,0.269133000019697
"90",0,179,6,"boat","run_v31533760726982",0,0.349460901571193,0.353613815404036,0.349460901571193,0.244598538482831,0.0523267445419404
"91",0,18,4,"airplane","run_v31528912799246",1,0.421360356385998,0.421360356385998,0.362680843313366,0.157596644851898,0.0583621554487382
"92",0,180,6,"boat","run_v31534274873024",1,0.322297478275956,0.243905018486806,0.322297478275956,0.277161205570004,0.156636297667234
"93",0,181,6,"boat","run_v31533161769443",0,0.212525220024097,0.281903486545555,0.212525220024097,0.384863506460582,0.120707786969765
"94",0,182,6,"boat","run_v31535839162986",1,0.368844261476524,0.217156933054746,0.368844261476524,0.298853012228325,0.115145793240406
"95",0,183,6,"boat","run_v31533669370613",1,0.390805122457009,0.187537471162351,0.390805122457009,0.115270399575603,0.306387006805036
"96",0,184,7,"boat","run_v31534362509433",1,0.41685927047909,0.213015264127846,0.41685927047909,0.110733861805931,0.259391603587132
"97",0,185,7,"boat","run_v31534627755874",1,0.31282169415973,0.303121256072012,0.31282169415973,0.133707392671747,0.250349657096511
"98",0,186,7,"boat","run_v31532469838867",1,0.345071353349182,0.306531883163703,0.345071353349182,0.102913904695273,0.245482858791842
"99",0,187,7,"boat","run_v31536076800189",0,0.13598551374011,0.447222389585107,0.13598551374011,0.0459997570983358,0.370792339576448
"100",0,188,7,"boat","run_v31533426055063",1,0.419984819035184,0.20944096525325,0.419984819035184,0.14177706633449,0.228797149377075
"101",0,189,7,"boat","run_v31526598717979",1,0.352328643489443,0.188573756653137,0.352328643489443,0.238796030123351,0.220301569734069
"102",0,19,4,"airplane","run_v31531506470981",0,0.147459066225637,0.147459066225637,0.545009481657152,0.0999235843434849,0.207607867773726
"103",0,190,7,"boat","run_v31533766098847",0,0.204968545815772,0.340889379812857,0.204968545815772,0.271240613073224,0.182901461298147
"104",0,191,7,"boat","run_v31533409644153",1,0.39216938971542,0.279862727429619,0.39216938971542,0.199959347871965,0.128008534982996
"105",0,192,7,"boat","run_v31532816089383",1,0.425611018050868,0.165291017579765,0.425611018050868,0.258693146569411,0.150404817799956
"106",0,193,7,"boat","run_v31535144819845",1,0.340794941627184,0.226802793507633,0.340794941627184,0.168345613828761,0.264056651036422
"107",0,194,7,"boat","run_v31533937924711",1,0.489878931503128,0.207290339360033,0.489878931503128,0.0382798173542453,0.264550911782594
"108",0,195,7,"boat","run_v31534884454991",1,0.299807471402757,0.129477190939861,0.299807471402757,0.288088139712621,0.28262719794476
"109",0,196,7,"boat","run_v31534196024538",0,0.208811233261302,0.215712151365408,0.208811233261302,0.251507007277053,0.323969608096237
"110",0,197,7,"boat","run_v31533678925659",0,0.259904088430489,0.323781969310532,0.259904088430489,0.106140688198566,0.310173254060413
"111",0,198,7,"boat","run_v31534113078748",0,0.153595175272071,0.336809011426158,0.153595175272071,0.350898794163072,0.158697019138699
"112",0,199,7,"boat","run_v31527789844695",0,0.210218210900183,0.415900290382622,0.210218210900183,0.186053351506661,0.187828147210533
"113",0,2,4,"airplane","run_v31531340810170",1,0.386867300767153,0.386867300767153,0.146705831751257,0.183324821165406,0.283102046316185
"114",0,20,4,"airplane","run_v31528324990435",0,0.196685359711577,0.196685359711577,0.262010145953088,0.271101554784988,0.270202939550347
"115",0,200,7,"boat","run_v31532457811213",1,0.579640240064631,0.28631358798842,0.579640240064631,0.0459369581049481,0.0881092138420003
"116",0,201,7,"boat","run_v31533765027411",1,0.470118826923495,0.258309368258539,0.470118826923495,0.0206752368388207,0.250896567979146
"117",0,202,7,"boat","run_v31526768532130",1,0.344629189331603,0.166409073917751,0.344629189331603,0.297242817832883,0.191718918917764
"118",0,203,7,"boat","run_v31535920421756",1,0.453479938552321,0.277595620808584,0.453479938552321,0.0676043403300992,0.201320100308996
"119",0,204,7,"boat","run_v31532978289131",1,0.5562184592902,0.0960124076487563,0.5562184592902,0.0911568384384213,0.256612294622623
"120",0,205,7,"boat","run_v31533762023918",1,0.327211314782505,0.255666394621871,0.327211314782505,0.209394178074047,0.207728112521577
"121",0,206,7,"boat","run_v31534024394133",0,0.296873945852909,0.0618564656664251,0.296873945852909,0.346211792866411,0.295057795614255
"122",0,207,8,"boat","run_v31532469229565",1,0.430477555389473,0.211851501362856,0.430477555389473,0.268458359127682,0.0892125841199888
"123",0,208,8,"boat","run_v31533851188116",1,0.386067934999926,0.211743928329206,0.386067934999926,0.265718508788841,0.136469627882026
"124",0,209,8,"boat","run_v31535825120823",1,0.352874458632589,0.239275938131995,0.352874458632589,0.0785615440025986,0.329288059232818
"125",0,21,4,"airplane","run_v31528052168660",1,0.418988660358142,0.418988660358142,0.250076273140745,0.158825821508503,0.17210924499261
"126",0,210,8,"boat","run_v31533241608392",0,0.424139091335129,0.442713790065766,0.424139091335129,0.0549272248033446,0.0782198937957599
"127",0,211,8,"boat","run_v31535234078296",0,0.231372030909114,0.258571184760631,0.231372030909114,0.174753720481365,0.33530306384889
"128",0,212,8,"boat","run_v31532475011111",1,0.495291730657364,0.226266976034285,0.495291730657364,0.129919573158139,0.148521720150213
"129",0,213,8,"boat","run_v31535998725313",1,0.394131259109028,0.285594270167618,0.394131259109028,0.25672899486066,0.063545475862694
"130",0,214,8,"boat","run_v31532980106776",1,0.457565087181621,0.0579696567007737,0.457565087181621,0.283408125247682,0.201057130869922
"131",0,215,8,"boat","run_v31534883750225",1,0.312256359623163,0.272951509097169,0.312256359623163,0.212690690478289,0.20210144080138
"132",0,216,8,"boat","run_v31535314151786",1,0.403440764450335,0.278282867604086,0.403440764450335,0.0788104011791165,0.239465966766462
"133",0,217,8,"boat","run_v31534873501166",0,0.340613753035648,0.375821856260675,0.340613753035648,0.150422871021653,0.133141519682023
"134",0,218,8,"boat","run_v31534025393566",0,0.182937587828108,0.270914779977024,0.182937587828108,0.354495423949521,0.191652208245348
"135",0,219,8,"boat","run_v31534104042262",1,0.497110562360194,0.123907079425513,0.497110562360194,0.202621441039198,0.176360917175095
"136",0,22,4,"airplane","run_v31531506812090",0,0.260726672711969,0.260726672711969,0.238510318164683,0.120731453834871,0.380031555288477
"137",0,220,8,"boat","run_v31533506982918",0,0.299530759101262,0.197331191098484,0.299530759101262,0.147738755246278,0.355399294553976
"138",0,221,8,"boat","run_v31533418598751",0,0.260783369905454,0.122737650943838,0.260783369905454,0.353344335693295,0.263134643457412
"139",0,222,8,"boat","run_v31534794949914",1,0.427179479909579,0.18292603393624,0.427179479909579,0.264507302624501,0.12538718352968
"140",0,223,8,"boat","run_v31532811548992",1,0.408204305504287,0.212510894419581,0.408204305504287,0.208962329942114,0.170322470134018
"141",0,224,8,"boat","run_v31534118008687",0,0.148114879835518,0.337476145550518,0.148114879835518,0.202112714015672,0.312296260598292
"142",0,225,8,"boat","run_v31532555117955",1,0.530673852972409,0.235236680814051,0.530673852972409,0.0664205209170949,0.167668945296445
"143",0,226,8,"boat","run_v31533425000562",1,0.485726778229311,0.32296321901716,0.485726778229311,0.0845907586220456,0.106719244131483
"144",0,227,8,"boat","run_v31534450636247",0,0.231946620299831,0.361042699141591,0.231946620299831,0.217682958781079,0.189327721777499
"145",0,228,8,"boat","run_v31533080542007",1,0.371002960419371,0.302996502201785,0.371002960419371,0.0708913702721744,0.25510916710667
"146",0,229,8,"boat","run_v31534018489312",1,0.404794285405532,0.185264402748516,0.404794285405532,0.0990189189105287,0.310922392935423
"147",0,23,5,"airplane","run_v31530732171052",0,0.248578049558497,0.248578049558497,0.373976629219505,0.153458612683259,0.223986708538739
"148",0,230,4,"car","run_v31535480569999",1,0.421445515567771,0.124016242806042,0.303373152529547,0.421445515567771,0.15116508909664
"149",0,231,4,"car","run_v31526673903441",1,0.450746157513937,0.155042316308449,0.15169056003562,0.450746157513937,0.242520966141994
"150",0,232,4,"car","run_v31535836657888",0,0.14928558185831,0.211738894496176,0.35164923611749,0.14928558185831,0.287326287528025
"151",0,233,4,"car","run_v31533501243808",0,0.346314454850391,0.155691924041149,0.0944665510363026,0.346314454850391,0.403527070072158
"152",0,234,4,"car","run_v31534622195685",1,0.408012913502465,0.200846411763325,0.12898275097929,0.408012913502465,0.26215792375492
"153",0,235,4,"car","run_v31533244161520",1,0.383427585187541,0.199206887792868,0.164083295081223,0.383427585187541,0.253282231938368
"154",0,236,4,"car","run_v31533665646277",0,0.0812272699767481,0.443886493151288,0.262583617008,0.0812272699767481,0.212302619863964
"155",0,237,4,"car","run_v31532715129943",0,0.243916998150759,0.260012660811047,0.261025401838971,0.243916998150759,0.235044939199223
"156",0,238,4,"car","run_v31533424380615",0,0.271018835479533,0.0838677937167619,0.312667832563398,0.271018835479533,0.332445538240308
"157",0,239,4,"car","run_v31533244430816",1,0.326696254043171,0.207999767171955,0.251519843705531,0.326696254043171,0.213784135079343
"158",0,24,5,"airplane","run_v31530647850978",1,0.396007146412234,0.396007146412234,0.390704229022742,0.117285247964431,0.0960033766005918
"159",0,240,4,"car","run_v31533916799721",1,0.548419868874971,0.285810247416732,0.0934291126282516,0.548419868874971,0.0723407710800457
"160",0,241,4,"car","run_v31534628023931",1,0.413421178988124,0.279253148960357,0.243478312971943,0.413421178988124,0.0638473590795759
"161",0,242,4,"car","run_v31533323370032",0,0.208856218391284,0.180939832578804,0.222411263845819,0.208856218391284,0.387792685184093
"162",0,243,4,"car","run_v31526162026170",1,0.389636431180066,0.24800701043433,0.183644014039687,0.389636431180066,0.178712544345917
"163",0,244,4,"car","run_v31526763707135",1,0.43290972012519,0.174242512686069,0.111981201614384,0.43290972012519,0.280866565574358
"164",0,245,4,"car","run_v31533507748485",1,0.372020159730558,0.286864201441308,0.1753184562698,0.372020159730558,0.165797182558334
"165",0,246,4,"car","run_v31533075663881",1,0.344394095206684,0.292263376145486,0.143204350837229,0.344394095206684,0.220138177810601
"166",0,247,4,"car","run_v31532643410894",0,0.162734868387638,0.227495324957097,0.271983588224008,0.162734868387638,0.337786218431257
"167",0,248,4,"car","run_v31535138252650",1,0.306116758985109,0.161042853365264,0.254757279997485,0.306116758985109,0.278083107652143
"168",0,249,4,"car","run_v31534791081013",1,0.37226317742306,0.236953058904374,0.0999751121575985,0.37226317742306,0.290808651514968
"169",0,25,5,"airplane","run_v31529011985004",1,0.424186680821559,0.424186680821559,0.320290490235253,0.103176816249904,0.152346012693284
"170",0,250,4,"car","run_v31526250064091",0,0.262227466386046,0.228451586083813,0.183642378008924,0.262227466386046,0.325678569521217
"171",0,251,4,"car","run_v31533404883967",1,0.384559913094572,0.321121684221799,0.177137399783179,0.384559913094572,0.11718100290045
"172",0,252,4,"car","run_v31526239192649",0,0.283229998550281,0.374057373168433,0.124933326125783,0.283229998550281,0.217779302155503
"173",0,253,5,"car","run_v31526157427450",0,0.315132409400596,0.170145454652338,0.107769525581505,0.315132409400596,0.406952610365561
"174",0,254,5,"car","run_v31534268537168",0,0.218413745557464,0.276723516151688,0.26703013945358,0.218413745557464,0.237832598837269
"175",0,255,5,"car","run_v31534114853923",1,0.497825599366613,0.220235259266594,0.187222280230656,0.497825599366613,0.0947168611361366
"176",0,256,5,"car","run_v31532982445797",1,0.360223235378166,0.134784523006494,0.258077888927582,0.360223235378166,0.246914352687758
"177",0,257,5,"car","run_v31534454579169",1,0.43208584459636,0.145422552201815,0.332920613297445,0.43208584459636,0.089570989904381
"178",0,258,5,"car","run_v31534361101159",1,0.329004455130292,0.185994260875208,0.194231042527324,0.329004455130292,0.290770241467176
"179",0,259,5,"car","run_v31534109653532",1,0.40365420998023,0.174894166031215,0.0876715361106658,0.40365420998023,0.333780087877889
"180",0,26,5,"airplane","run_v31528224184593",1,0.439602358366603,0.439602358366603,0.177486747926111,0.281366855549724,0.101544038157562
"181",0,260,5,"car","run_v31536015899873",0,0.311668536580718,0.374866278471462,0.133720818550449,0.311668536580718,0.179744366397371
"182",0,261,5,"car","run_v31534023554835",1,0.4869755866302,0.283412200875946,0.0960437257649086,0.4869755866302,0.133568486728946
"183",0,262,5,"car","run_v31534026736404",1,0.519019728903705,0.23906521575391,0.0893614897291099,0.519019728903705,0.152553565613276
"184",0,263,5,"car","run_v31532549292414",1,0.480901752668782,0.153591903690602,0.0853292061879571,0.480901752668782,0.280177137452659
"185",0,264,5,"car","run_v31534269898831",1,0.402895002887681,0.108252417427741,0.192146593474731,0.402895002887681,0.296705986209847
"186",0,265,5,"car","run_v31535047381610",1,0.412919522130507,0.350498448954301,0.143047170689914,0.412919522130507,0.0935348582252782
"187",0,266,5,"car","run_v31534115334473",0,0.211291501616472,0.278318060232471,0.165619895343374,0.211291501616472,0.344770542807683
"188",0,267,5,"car","run_v31535744931551",1,0.402450052883715,0.213195986283603,0.121188747008552,0.402450052883715,0.263165213824131
"189",0,268,5,"car","run_v31526499554039",0,0.33677912322819,0.237707317975914,0.0811582668809552,0.33677912322819,0.344355291914941
"190",0,269,5,"car","run_v31526498877100",1,0.425863683057039,0.144343803093878,0.0258048081980242,0.425863683057039,0.403987705651059
"191",0,27,5,"airplane","run_v31531774669708",0,0.277554132773791,0.277554132773791,0.228890216820508,0.340480476251436,0.153075174154265
"192",0,270,5,"car","run_v31534615862265",0,0.14304320344806,0.35407269304341,0.269499821415104,0.14304320344806,0.233384282093426
"193",0,271,5,"car","run_v31533337322045",0,0.34382887294167,0.139719345953699,0.105345823405471,0.34382887294167,0.41110595769916
"194",0,272,5,"car","run_v31527794044672",1,0.288079840565346,0.176112949720948,0.279276621743689,0.288079840565346,0.256530587970017
"195",0,273,5,"car","run_v31534283389631",0,0.170396706202566,0.197112174121604,0.383095662625818,0.170396706202566,0.249395457050012
"196",0,274,5,"car","run_v31532468496401",1,0.416009463406492,0.289531353846975,0.14666178398769,0.416009463406492,0.147797398758844
"197",0,275,5,"car","run_v31534714393295",1,0.345079026606972,0.215056968676505,0.18006672480686,0.345079026606972,0.259797279909662
"198",0,276,6,"car","run_v31533592571677",1,0.55430540170918,0.145174755822531,0.062918137885673,0.55430540170918,0.237601704582616
"199",0,277,6,"car","run_v31532548328580",1,0.397556148240736,0.183579615575527,0.24766592484017,0.397556148240736,0.171198311343567
"200",0,278,6,"car","run_v31535325173638",1,0.542746614575554,0.193536035048798,0.129751562834393,0.542746614575554,0.133965787541256
"201",0,279,6,"car","run_v31534365718385",1,0.39049490927577,0.160064950048885,0.195440035283204,0.39049490927577,0.254000105392141
"202",0,28,5,"airplane","run_v31530389142347",0,0.138690841948784,0.138690841948784,0.227542296418731,0.398477049562752,0.235289812069733
"203",0,280,6,"car","run_v31532805314914",1,0.488839063648968,0.13274185879206,0.193815056804286,0.488839063648968,0.184604020754685
"204",0,281,6,"car","run_v31534022233782",1,0.577170329283354,0.23146257598629,0.0439210118575016,0.577170329283354,0.147446082872854
"205",0,282,6,"car","run_v31533065061260",1,0.40002123590055,0.204229751457462,0.295649999070753,0.40002123590055,0.100099013571235
"206",0,283,6,"car","run_v31535837101386",1,0.548442019126964,0.194999144806625,0.0813770123814254,0.548442019126964,0.175181823684985
"207",0,284,6,"car","run_v31535225488118",0,0.341730745092685,0.197284506193218,0.091300836025292,0.341730745092685,0.369683912688805
"208",0,285,6,"car","run_v31526251554792",1,0.448360910508361,0.287985740543658,0.0656872786471803,0.448360910508361,0.197966070300801
"209",0,286,6,"car","run_v31534110873366",1,0.42637285609266,0.16569339391398,0.0689026635719453,0.42637285609266,0.339031086421414
"210",0,287,6,"car","run_v31525895728803",1,0.48545830577918,0.262600505067383,0.139678727758803,0.48545830577918,0.112262461394634
"211",0,288,6,"car","run_v31526665223948",1,0.590907484795838,0.123567695713358,0.122927791976479,0.590907484795838,0.162597027514326
"212",0,289,6,"car","run_v31534373946851",1,0.44065586743176,0.247220853832606,0.153707192847887,0.44065586743176,0.158416085887748
"213",0,29,5,"airplane","run_v31531951940895",1,0.391668921162325,0.391668921162325,0.236405490240804,0.15435454048078,0.217571048116091
"214",0,290,6,"car","run_v31535318693682",0,0.296547677856817,0.155456573710636,0.153643607898761,0.296547677856817,0.394352140533786
"215",0,291,6,"car","run_v31532810871513",1,0.335604954792705,0.125007566964789,0.232613852727326,0.335604954792705,0.30677362551518
"216",0,292,6,"car","run_v31534274873024",0,0.152536548154636,0.262301173570831,0.288364678171698,0.152536548154636,0.296797600102834
"217",0,293,6,"car","run_v31533425697511",0,0.152934553898486,0.299677297654237,0.290057525147649,0.152934553898486,0.257330623299629
"218",0,294,6,"car","run_v31534462278048",0,0.247508147334995,0.21537432015691,0.182967316841079,0.247508147334995,0.354150215667015
"219",0,295,6,"car","run_v31534545375072",0,0.337876698550035,0.202794677569596,0.11771387389789,0.337876698550035,0.34161474998248
"220",0,296,6,"car","run_v31533657599749",1,0.398373255431034,0.341978087717512,0.112046547471066,0.398373255431034,0.147602109380388
"221",0,297,6,"car","run_v31534544826607",1,0.424828146649622,0.214663011269315,0.0885944446589796,0.424828146649622,0.271914397422083
"222",0,298,6,"car","run_v31533063763887",1,0.409696684502803,0.159795970888326,0.208159323404664,0.409696684502803,0.222348021204206
"223",0,299,7,"car","run_v31534966969603",1,0.47512107693254,0.144415433753528,0.0690503855156235,0.47512107693254,0.311413103798309
"224",0,3,4,"airplane","run_v31530480400108",1,0.310733957379565,0.310733957379565,0.235955648893721,0.292028301035078,0.161282092691636
"225",0,30,5,"airplane","run_v31528916699725",1,0.352325214370221,0.352325214370221,0.302823503541726,0.114493519756085,0.230357762331968
"226",0,300,7,"car","run_v31535929178925",0,0.323154532916169,0.0491055204527165,0.291597456005595,0.323154532916169,0.336142490625519
"227",0,301,7,"car","run_v31533762023918",1,0.452086121918778,0.146252881091764,0.0842336872299216,0.452086121918778,0.317427309759537
"228",0,302,7,"car","run_v31533165861944",0,0.263572723877061,0.176438344392796,0.224066143077438,0.263572723877061,0.335922788652705
"229",0,303,7,"car","run_v31527789844695",0,0.211931487717996,0.360242169936082,0.230049350322373,0.211931487717996,0.197776992023549
"230",0,304,7,"car","run_v31532813483298",1,0.3207833106952,0.287019163690179,0.226466103053917,0.3207833106952,0.165731422560704
"231",0,305,7,"car","run_v31532469838867",1,0.372649564982661,0.2726988914544,0.0965568542114574,0.372649564982661,0.258094689351481
"232",0,306,7,"car","run_v31526244386384",1,0.443392887458343,0.345429155021704,0.0690635173646437,0.443392887458343,0.14211444015531
"233",0,307,7,"car","run_v31533426055063",1,0.595854172732449,0.227515139300843,0.0908150428527878,0.595854172732449,0.0858156451139208
"234",0,308,7,"car","run_v31533245866603",0,0.167041832696471,0.212213903046746,0.274420431613692,0.167041832696471,0.346323832643091
"235",0,309,7,"car","run_v31534362509433",1,0.501440681664473,0.158028997357799,0.0606791974525042,0.501440681664473,0.279851123525224
"236",0,31,5,"airplane","run_v31532126921035",0,0.340953344182447,0.340953344182447,0.137544789911276,0.166678201603395,0.354823664302882
"237",0,310,7,"car","run_v31533765027411",1,0.430305720832845,0.220296407357727,0.123382330500704,0.430305720832845,0.226015541308724
"238",0,311,7,"car","run_v31526768532130",1,0.419937576526337,0.13383208280666,0.213087294178876,0.419937576526337,0.233143046488127
"239",0,312,7,"car","run_v31533937924711",1,0.549980573907773,0.279045240085483,0.0676788155833687,0.549980573907773,0.103295370423375
"240",0,313,7,"car","run_v31526064586872",0,0.152810612841817,0.24198462395249,0.312198612155165,0.152810612841817,0.293006151050528
"241",0,314,7,"car","run_v31533077875433",1,0.612610919851399,0.130722013000157,0.111716521391363,0.612610919851399,0.14495054575708
"242",0,315,7,"car","run_v31533409644153",1,0.384497929167896,0.292295766635741,0.25313565083916,0.384497929167896,0.0700706533572031
"243",0,316,7,"car","run_v31532726852504",1,0.385328088296937,0.171715954333409,0.084816088440766,0.385328088296937,0.358139868928888
"244",0,317,7,"car","run_v31535146271976",0,0.350009525530981,0.386446465875238,0.0839132864169627,0.350009525530981,0.179630722176819
"245",0,318,7,"car","run_v31535229309764",1,0.320440324343996,0.148177889458886,0.230595137781073,0.320440324343996,0.300786648416045
"246",0,319,7,"car","run_v31526061922561",1,0.521170294333846,0.234168459322632,0.112764258042152,0.521170294333846,0.13189698830137
"247",0,32,5,"airplane","run_v31529447248959",0,0.223972433010173,0.223972433010173,0.0585151867848062,0.33067647122746,0.38683590897756
"248",0,320,7,"car","run_v31533414542620",1,0.551484814848664,0.182336193856563,0.0875717144457152,0.551484814848664,0.178607276849058
"249",0,321,7,"car","run_v31532730363351",1,0.393431796673401,0.204452810193414,0.0918336124955376,0.393431796673401,0.310281780637648
"250",0,322,8,"car","run_v31533506982918",1,0.428182369771922,0.241986299430582,0.100290765548074,0.428182369771922,0.229540565249423
"251",0,323,8,"car","run_v31534104042262",0,0.287263532798156,0.0872421027518724,0.147287204369482,0.287263532798156,0.47820716008049
"252",0,324,8,"car","run_v31532980106776",0,0.226769479823028,0.292071126019228,0.115074319816287,0.226769479823028,0.366085074341456
"253",0,325,8,"car","run_v31526152868212",1,0.38201935607181,0.101646634349699,0.159393445191111,0.38201935607181,0.35694056438738
"254",0,326,8,"car","run_v31534018489312",1,0.358671322222068,0.222394011468163,0.178634248136729,0.358671322222068,0.24030041817304
"255",0,327,8,"car","run_v31532475011111",1,0.37527170265722,0.228822441581048,0.194523215172804,0.37527170265722,0.201382640588927
"256",0,328,8,"car","run_v31534268250115",1,0.434522015785132,0.287761065878841,0.116570800838522,0.434522015785132,0.161146117497505
"257",0,329,8,"car","run_v31535827960818",1,0.276673370954285,0.251927381649902,0.209119243400537,0.276673370954285,0.262280003995275
"258",0,33,5,"airplane","run_v31530719999633",1,0.433018343336019,0.433018343336019,0.259390923400262,0.132634613390258,0.174956119873461
"259",0,330,8,"car","run_v31526148748919",1,0.369902074787749,0.202518277156213,0.33642379737656,0.369902074787749,0.0911558506794786
"260",0,331,8,"car","run_v31533325007534",1,0.463379599641952,0.327875767580399,0.0789453378567718,0.463379599641952,0.129799294920878
"261",0,332,8,"car","run_v31533076608623",1,0.459803054399766,0.0968941265273803,0.287703371717788,0.459803054399766,0.155599447355065
"262",0,333,8,"car","run_v31534794677306",1,0.402018881370941,0.220782977688281,0.132517031549254,0.402018881370941,0.244681109391524
"263",0,334,8,"car","run_v31526253016255",0,0.269607616183606,0.337732976054066,0.160358649989828,0.269607616183606,0.2323007577725
"264",0,335,8,"car","run_v31533150870177",0,0.385647113809992,0.118488848146703,0.0938026980087091,0.385647113809992,0.402061340034596
"265",0,336,8,"car","run_v31534883750225",1,0.404750022380122,0.129981730842008,0.103625987187953,0.404750022380122,0.361642259589918
"266",0,337,8,"car","run_v31533848585176",1,0.471859607885225,0.199772137531578,0.095650222715864,0.471859607885225,0.232718031867333
"267",0,338,8,"car","run_v31533590307084",1,0.434256486372716,0.281496357084717,0.142749770349697,0.434256486372716,0.14149738619287
"268",0,339,8,"car","run_v31534450636247",0,0.251674861000268,0.1489206412682,0.169970225120067,0.251674861000268,0.429434272611465
"269",0,34,5,"airplane","run_v31527981599050",1,0.345756923639264,0.345756923639264,0.200112590428892,0.33831928555739,0.115811200374454
"270",0,340,8,"car","run_v31526074471797",1,0.458935298894746,0.205810941057295,0.190743066049107,0.458935298894746,0.144510693998853
"271",0,341,8,"car","run_v31532469229565",1,0.559495874041681,0.215355034610191,0.168015561934772,0.559495874041681,0.0571335294133558
"272",0,342,8,"car","run_v31533425000562",1,0.487052440576354,0.251205365739326,0.0607291156906382,0.487052440576354,0.201013077993682
"273",0,343,8,"car","run_v31532641491167",1,0.333858660325823,0.171946096046122,0.305859969888116,0.333858660325823,0.188335273739939
"274",0,344,8,"car","run_v31532555117955",1,0.446597552949238,0.0973670125829835,0.245501744848741,0.446597552949238,0.210533689619037
"275",0,345,4,"train","run_v41536178424927",1,0.458497221253447,0.217074355015862,0.108352323549593,0.216076100181098,0.458497221253447
"276",0,346,4,"train","run_v41536683678556",1,0.346268294639788,0.0707449500521155,0.239373116113627,0.34361363919447,0.346268294639788
"277",0,347,4,"train","run_v41537656198436",0,0.330562995044535,0.388219743734054,0.0645249968750908,0.216692264346321,0.330562995044535
"278",0,348,4,"train","run_v41538861393569",0,0.162051774111292,0.259324055018983,0.383927177608965,0.19469699326076,0.162051774111292
"279",0,349,4,"train","run_v41538954679143",0,0.319138301504063,0.360028717917537,0.0887791237667237,0.232053856811676,0.319138301504063
"280",0,35,5,"airplane","run_v31532128649317",1,0.419646130966065,0.419646130966065,0.131092948189422,0.298479359853438,0.150781560991075
"281",0,350,4,"train","run_v41539465783391",1,0.334074807694264,0.280659419537273,0.232833292360718,0.152432480407744,0.334074807694264
"282",0,351,4,"train","run_v41539971036537",1,0.424407271689862,0.0454868862379029,0.230716770348286,0.299389071723949,0.424407271689862
"283",0,352,4,"train","run_v41539985570761",0,0.379883483825927,0.118350891668118,0.063517099906743,0.438248524599212,0.379883483825927
"284",0,353,4,"train","run_v41540147652298",0,0.204441719475379,0.0960689540608148,0.358821635687818,0.340667690775988,0.204441719475379
"285",0,354,4,"train","run_v41540320464830",1,0.406064123119382,0.20074966548499,0.278952852800754,0.114233358594874,0.406064123119382
"286",0,355,4,"train","run_v41541174399584",1,0.408658208599463,0.089885480987649,0.159961955034256,0.341494355378632,0.408658208599463
"287",0,356,4,"train","run_v41541182991485",0,0.311273348238693,0.158899194804462,0.386472372920693,0.143355084036152,0.311273348238693
"288",0,357,4,"train","run_v41541193373691",0,0.28715318568132,0.307217018158034,0.249274656582786,0.156355139577859,0.28715318568132
"289",0,358,4,"train","run_v41541195291014",1,0.416610219714291,0.094258782127111,0.237405507397262,0.251725490761336,0.416610219714291
"290",0,359,4,"train","run_v41541364480451",1,0.320377893328657,0.311809925543917,0.146748089955956,0.221064091171469,0.320377893328657
"291",0,36,5,"airplane","run_v31528136881460",0,0.298361187120528,0.298361187120528,0.309271112975561,0.265410500568399,0.126957199335513
"292",0,360,4,"train","run_v41541376096056",0,0.24686901952322,0.219942774235584,0.163417596113793,0.369770610127403,0.24686901952322
"293",0,361,4,"train","run_v41541802235045",0,0.151487442080714,0.323776911866483,0.193595587604333,0.331140058448471,0.151487442080714
"294",0,362,4,"train","run_v41541882997726",0,0.223407409123513,0.183264306625448,0.326243351103522,0.267084933147518,0.223407409123513
"295",0,363,4,"train","run_v41541977171207",1,0.502714881216287,0.166375555251802,0.173341842232285,0.157567721299625,0.502714881216287
"296",0,364,4,"train","run_v41541980591412",0,0.327000994332951,0.146579433797184,0.120760959861942,0.405658612007923,0.327000994332951
"297",0,365,4,"train","run_v41541980982886",0,0.259188419801944,0.173995467630252,0.24050916159223,0.326306950975574,0.259188419801944
"298",0,366,4,"train","run_v41542047958148",1,0.298833598682788,0.1762720439098,0.249491803923136,0.275402553484277,0.298833598682788
"299",0,367,4,"train","run_v41542062654769",0,0.224823798279676,0.261919600026095,0.315237512795387,0.198019088898841,0.224823798279676
"300",0,368,5,"train","run_v41539377501561",0,0.319289963456078,0.224381980126611,0.368817513226674,0.087510543190637,0.319289963456078
"301",0,369,5,"train","run_v41536532125370",1,0.472239367167855,0.308464640522655,0.140127960371064,0.0791680319384264,0.472239367167855
"302",0,37,5,"airplane","run_v31527982528073",0,0.245011125943387,0.245011125943387,0.146724755023475,0.453723832145274,0.154540286887865
"303",0,370,5,"train","run_v41536534491463",1,0.366322242522135,0.0845851435372496,0.209097005978813,0.339995607961802,0.366322242522135
"304",0,371,5,"train","run_v41541182317324",1,0.434404318955492,0.227955227229247,0.0873092181257659,0.250331235689495,0.434404318955492
"305",0,372,5,"train","run_v41538939679021",0,0.240170480907273,0.237379199716545,0.261654868649691,0.260795450726491,0.240170480907273
"306",0,373,5,"train","run_v41537650464349",0,0.125711808672121,0.258734773744785,0.405458912846561,0.210094504736533,0.125711808672121
"307",0,374,5,"train","run_v41541970856667",1,0.433778826385302,0.103728058016086,0.145878423178998,0.316614692419614,0.433778826385302
"308",0,375,5,"train","run_v41539114877832",1,0.389765072824889,0.235224443518673,0.152665836732076,0.222344646924362,0.389765072824889
"309",0,376,5,"train","run_v41542058373023",0,0.127487981577723,0.359068292562394,0.226433647681466,0.287010078178417,0.127487981577723
"310",0,377,5,"train","run_v41542145004464",0,0.289861843932216,0.139286145893655,0.190567968123193,0.380284042050936,0.289861843932216
"311",0,378,5,"train","run_v41540073378779",1,0.488200306574147,0.0825287149870905,0.311809340938064,0.117461637500699,0.488200306574147
"312",0,379,5,"train","run_v41536533918710",0,0.310089761087299,0.315192082869843,0.22609053972874,0.148627616314118,0.310089761087299
"313",0,38,5,"airplane","run_v31527979799077",0,0.36369288514838,0.36369288514838,0.0491556825460943,0.433310857036657,0.153840575268869
"314",0,380,5,"train","run_v41541616048489",1,0.350227230870853,0.147041513759257,0.340507892446209,0.162223362923681,0.350227230870853
"315",0,381,5,"train","run_v41536447334042",1,0.336858668150628,0.137415638060181,0.228694771867736,0.297030921921454,0.336858668150628
"316",0,382,5,"train","run_v41541980099871",1,0.372514895363875,0.0854418836757569,0.191877071145664,0.350166149814704,0.372514895363875
"317",0,383,5,"train","run_v41541181301543",1,0.310307570061075,0.298779229460811,0.139105288237652,0.251807912240463,0.310307570061075
"318",0,384,5,"train","run_v41541276548903",0,0.0525184945297293,0.321245511133957,0.421460892192387,0.204775102143928,0.0525184945297293
"319",0,385,5,"train","run_v41540064769867",0,0.307766384092079,0.213547767947059,0.102573643006865,0.376112204953998,0.307766384092079
"320",0,386,5,"train","run_v41538851068620",1,0.431775060794772,0.0868473611903423,0.102410855647589,0.378966722367297,0.431775060794772
"321",0,387,5,"train","run_v41536523040650",0,0.252040435769679,0.196974480879802,0.134923045256418,0.416062038094101,0.252040435769679
"322",0,388,5,"train","run_v41541180944712",0,0.171049627113498,0.143515268267012,0.392253817234667,0.293181287384823,0.171049627113498
"323",0,389,5,"train","run_v41541883758397",1,0.453195961367746,0.155554514923432,0.0952737611956653,0.295975762513157,0.453195961367746
"324",0,39,5,"airplane","run_v31531608572760",1,0.352165691285431,0.352165691285431,0.235229875426693,0.101072879853155,0.311531553434722
"325",0,390,5,"train","run_v41540072238708",1,0.308081197428452,0.206521531273865,0.18764481944378,0.297752451853903,0.308081197428452
"326",0,391,6,"train","run_v41536447093595",1,0.381972135426309,0.181963208203609,0.0838946713183281,0.352169985051754,0.381972135426309
"327",0,392,6,"train","run_v41541277360074",0,0.267401524569017,0.304607717898211,0.213981036186446,0.214009721346326,0.267401524569017
"328",0,393,6,"train","run_v41542049900608",1,0.39829626897989,0.200667580050407,0.303433562882531,0.0976025880871724,0.39829626897989
"329",0,394,6,"train","run_v41539976314348",1,0.330250331485319,0.0894151844790763,0.28751285556845,0.292821628467154,0.330250331485319
"330",0,395,6,"train","run_v41540505096376",0,0.180138086709242,0.297174560041266,0.366560915634915,0.156126437614576,0.180138086709242
"331",0,396,6,"train","run_v41541107676891",1,0.416876530138413,0.23689114244314,0.0688559350722335,0.277376392346214,0.416876530138413
"332",0,397,6,"train","run_v41542048599263",0,0.22531323305423,0.318183451586664,0.297731936423558,0.158771378935548,0.22531323305423
"333",0,398,6,"train","run_v41541184025760",1,0.398318997877917,0.17182615219964,0.0768944738335033,0.352960376088939,0.398318997877917
"334",0,399,6,"train","run_v41536449916714",1,0.43076342429908,0.205902587503073,0.135272121475962,0.228061866721885,0.43076342429908
"335",0,4,4,"airplane","run_v31530309361085",0,0.248754068098574,0.248754068098574,0.231931358124453,0.171476659282813,0.34783791449416
"336",0,40,5,"airplane","run_v31531341840525",1,0.31054158670758,0.31054158670758,0.157464498264667,0.26606105768278,0.265932857344972
"337",0,400,6,"train","run_v41541095337087",1,0.356517116550086,0.338040702375775,0.157578844458537,0.147863336615602,0.356517116550086
"338",0,401,6,"train","run_v41539555902251",1,0.466155646331694,0.181786158184042,0.104893556196609,0.247164639287655,0.466155646331694
"339",0,402,6,"train","run_v41542057378964",1,0.44266622747396,0.333997111860783,0.0383106562272541,0.185026004438003,0.44266622747396
"340",0,403,6,"train","run_v41541966066093",1,0.274608861344246,0.234517818674606,0.251318203171586,0.239555116809561,0.274608861344246
"341",0,404,6,"train","run_v41541195738146",1,0.482211445233364,0.147792934223084,0.210448835190154,0.159546785353399,0.482211445233364
"342",0,405,6,"train","run_v41541967175933",0,0.257651075815297,0.269580104997732,0.260295566735183,0.212473252451788,0.257651075815297
"343",0,406,6,"train","run_v41542059035613",1,0.373544539739158,0.280624088779874,0.203448296976105,0.142383074504862,0.373544539739158
"344",0,407,6,"train","run_v41541363464430",0,0.264337622071585,0.21153370070548,0.315809894966042,0.208318782256893,0.264337622071585
"345",0,408,6,"train","run_v41536522290128",1,0.332961879215856,0.128138811282489,0.279525192411473,0.259374117090182,0.332961879215856
"346",0,409,6,"train","run_v41540068803025",1,0.302305336129359,0.207088666538934,0.26845627001413,0.222149727317576,0.302305336129359
"347",0,41,5,"airplane","run_v31528233345287",0,0.297207223880226,0.297207223880226,0.0827319969924017,0.395162767919514,0.224898011207858
"348",0,410,6,"train","run_v41541705669045",1,0.475088366039601,0.241400269866317,0.214609418862096,0.0689019452319865,0.475088366039601
"349",0,411,6,"train","run_v41539987007263",1,0.428544673937678,0.0788048613930157,0.0885671682173753,0.404083296451931,0.428544673937678
"350",0,412,6,"train","run_v41537563131629",1,0.46582103403459,0.131623718433184,0.0963650350062497,0.306190212525976,0.46582103403459
"351",0,413,6,"train","run_v41540417011142",0,0.27306790961972,0.160582475943187,0.211562705559186,0.354786908877906,0.27306790961972
"352",0,414,7,"train","run_v41541367390536",1,0.449382942782457,0.197850415660388,0.0776792592274294,0.275087382329726,0.449382942782457
"353",0,415,7,"train","run_v41540148092648",1,0.464300092560981,0.244858853460055,0.109030856730483,0.181810197248481,0.464300092560981
"354",0,416,7,"train","run_v41541183668493",0,0.187915474430052,0.294208372334122,0.296717293076454,0.221158860159373,0.187915474430052
"355",0,417,7,"train","run_v41541887274625",0,0.258828836166875,0.20762654016671,0.363999117320416,0.169545506345998,0.258828836166875
"356",0,418,7,"train","run_v41539886426659",0,0.308812400769889,0.102108513440175,0.242334879186439,0.346744206603498,0.308812400769889
"357",0,419,7,"train","run_v41537052413404",1,0.404629789569457,0.1439020252083,0.235946215317742,0.215521969904501,0.404629789569457
"358",0,42,5,"airplane","run_v31531947226771",0,0.260034779943968,0.260034779943968,0.272406171245282,0.320810437291472,0.146748611519278
"359",0,420,7,"train","run_v41540152827864",0,0.127265821980649,0.145076606875169,0.460490852650028,0.267166718494154,0.127265821980649
"360",0,421,7,"train","run_v41540163229855",1,0.351951493902204,0.12948352072664,0.280823823220046,0.23774116215111,0.351951493902204
"361",0,422,7,"train","run_v41537140916863",1,0.40952664371752,0.233109222562463,0.0970318643896978,0.260332269330319,0.40952664371752
"362",0,423,7,"train","run_v41540076121256",1,0.322728728730757,0.291087012698592,0.225620659341819,0.160563599228832,0.322728728730757
"363",0,424,7,"train","run_v41542052611334",1,0.2874729620639,0.284087664857451,0.218300191520579,0.21013918155807,0.2874729620639
"364",0,425,7,"train","run_v41537138613105",0,0.319019083145073,0.265224071397308,0.0452143388176294,0.37054250663999,0.319019083145073
"365",0,426,7,"train","run_v41539546718723",0,0.271706025215443,0.203005936863983,0.25284240340711,0.272445634513465,0.271706025215443
"366",0,427,7,"train","run_v41537135964729",0,0.27899987965274,0.288554180190959,0.143763268139398,0.288682672016903,0.27899987965274
"367",0,428,7,"train","run_v41536518758194",1,0.415361491462907,0.041481327635665,0.355855393206737,0.187301787694691,0.415361491462907
"368",0,429,7,"train","run_v41537571112129",1,0.38588908254852,0.192766617655563,0.166002338078547,0.255341961717369,0.38588908254852
"369",0,43,5,"airplane","run_v31531432311575",1,0.32907887566514,0.32907887566514,0.271403017796636,0.220421227065161,0.179096879473064
"370",0,430,7,"train","run_v41541795950259",1,0.47202919512082,0.0622942048861382,0.188176579846452,0.27750002014659,0.47202919512082
"371",0,431,7,"train","run_v41541795698223",1,0.43167456874734,0.38430046798508,0.0695964942354696,0.11442846903211,0.43167456874734
"372",0,432,7,"train","run_v41539885875694",0,0.198996066853151,0.380884267133194,0.128402471518527,0.291717194495128,0.198996066853151
"373",0,433,7,"train","run_v41538862238756",1,0.339687599912158,0.216857352731698,0.108442493971989,0.335012553384155,0.339687599912158
"374",0,434,7,"train","run_v41541971355611",1,0.433543839062734,0.157671494492349,0.0486224889976758,0.360162177447241,0.433543839062734
"375",0,435,7,"train","run_v41541884805833",1,0.449594916614715,0.0652707940808383,0.125936575866622,0.359197713437824,0.449594916614715
"376",0,436,7,"train","run_v41537050795705",0,0.185813394032217,0.287604853089071,0.296578108520058,0.230003644358654,0.185813394032217
"377",0,437,8,"train","run_v41541880762793",1,0.407776034581509,0.181978139104164,0.265925649368931,0.144320176945396,0.407776034581509
"378",0,438,8,"train","run_v41541189202663",0,0.189021425253816,0.353350129481322,0.320515415370853,0.137113029894009,0.189021425253816
"379",0,439,8,"train","run_v41537137428018",0,0.0878449774798157,0.18974687201423,0.361630014407364,0.360778136098591,0.0878449774798157
"380",0,44,5,"airplane","run_v31531943456950",0,0.272477322108503,0.272477322108503,0.2305578842603,0.36630414527387,0.130660648357327
"381",0,440,8,"train","run_v41541792446475",0,0.263545846446168,0.27440015904659,0.332142458851657,0.129911535655585,0.263545846446168
"382",0,441,8,"train","run_v41541274872129",0,0.274572724411348,0.367728053109989,0.171372444680156,0.186326777798506,0.274572724411348
"383",0,442,8,"train","run_v41541965592644",1,0.447123945308294,0.0738276055568586,0.143884879415169,0.335163569719678,0.447123945308294
"384",0,443,8,"train","run_v41541892835344",0,0.149692687302373,0.350918427513801,0.438347999489089,0.0610408856947371,0.149692687302373
"385",0,444,8,"train","run_v41537733461054",1,0.439838069898947,0.266065844116,0.0956939994848085,0.198402086500245,0.439838069898947
"386",0,445,8,"train","run_v41538867264244",1,0.34952181822135,0.311924896292311,0.0273112651855052,0.311242020300834,0.34952181822135
"387",0,446,8,"train","run_v41541970057187",1,0.459324708752868,0.106415422587361,0.20414153308432,0.230118335575451,0.459324708752868
"388",0,447,8,"train","run_v41540077082262",1,0.36363541951988,0.149450418781186,0.167018881083056,0.319895280615878,0.36363541951988
"389",0,448,8,"train","run_v41542057738079",1,0.363983485975465,0.244329981048205,0.105752532613671,0.285934000362659,0.363983485975465
"390",0,449,8,"train","run_v41541370666218",1,0.522902893573194,0.197060773418332,0.148280481158051,0.131755851850423,0.522902893573194
"391",0,45,5,"airplane","run_v31531944151133",1,0.48715129314762,0.48715129314762,0.142414065189144,0.258267833604924,0.112166808058311
"392",0,450,8,"train","run_v41541268057770",1,0.443138935447545,0.0974012694106798,0.119600565779438,0.339859229362337,0.443138935447545
"393",0,451,8,"train","run_v41540587543956",0,0.231085102610455,0.310020253309296,0.138468488455717,0.320426155624532,0.231085102610455
"394",0,452,8,"train","run_v41541973838793",1,0.383595518097559,0.162227057634393,0.215232374383033,0.238945049885015,0.383595518097559
"395",0,453,8,"train","run_v41541375421781",0,0.300045999195334,0.187350041409652,0.20361132776706,0.308992631627954,0.300045999195334
"396",0,454,8,"train","run_v41541367019106",1,0.411644121616062,0.140904185322236,0.0964340473752538,0.351017645686448,0.411644121616062
"397",0,455,8,"train","run_v41541880421004",1,0.39673425756044,0.100673863875844,0.241917771970499,0.260674106593217,0.39673425756044
"398",0,456,8,"train","run_v41541372903587",1,0.414616029206978,0.152693132566466,0.168251630991397,0.264439207235159,0.414616029206978
"399",0,457,8,"train","run_v41541886932512",1,0.377279148057675,0.0312888814877947,0.259922736425768,0.331509234028762,0.377279148057675
"400",0,458,8,"train","run_v41542061290742",0,0.257267258572787,0.240976675179964,0.242531208537452,0.259224857709796,0.257267258572787
"401",0,459,8,"train","run_v41541887751107",1,0.480557889314851,0.148861528679376,0.174776697846638,0.195803884159135,0.480557889314851
"402",0,46,6,"airplane","run_v31531433304716",1,0.426120513938104,0.426120513938104,0.388902415684937,0.0347775535572442,0.150199516819715
"403",0,47,6,"airplane","run_v31528583252900",1,0.518460324354671,0.518460324354671,0.228846872094043,0.15634044529522,0.0963523582560666
"404",0,48,6,"airplane","run_v31531691181338",0,0.15614942220036,0.15614942220036,0.291986863605073,0.289966854417313,0.261896859777253
"405",0,49,6,"airplane","run_v31532043949200",0,0.20522425235214,0.20522425235214,0.279039923213612,0.208361501526119,0.307374322908129
"406",0,5,4,"airplane","run_v31531609488118",1,0.382095772334157,0.382095772334157,0.119620251142615,0.227379688595323,0.270904287927905
"407",0,50,6,"airplane","run_v31530816296800",1,0.478915473132688,0.478915473132688,0.29612711585203,0.103047216193016,0.121910194822267
"408",0,51,6,"airplane","run_v31530654982647",1,0.423806184836536,0.423806184836536,0.186160670971291,0.311048812311922,0.0789843318802512
"409",0,52,6,"airplane","run_v31528481999222",1,0.43611111765441,0.43611111765441,0.176211198571283,0.361461371221025,0.026216312553281
"410",0,53,6,"airplane","run_v31532197883703",0,0.341228535030439,0.341228535030439,0.351597549043649,0.151971945076532,0.15520197084938
"411",0,54,6,"airplane","run_v31529182048446",1,0.4052665744542,0.4052665744542,0.263047511256068,0.215762335963288,0.115923578326444
"412",0,55,6,"airplane","run_v31531853489687",1,0.409809517792099,0.409809517792099,0.165182600318776,0.338937492786498,0.0860703891026266
"413",0,56,6,"airplane","run_v31528062667359",1,0.366640922805483,0.366640922805483,0.172605007513542,0.271759160609495,0.18899490907148
"414",0,57,6,"airplane","run_v31531417577259",0,0.284095269452036,0.284095269452036,0.276705729453691,0.324475199522098,0.114723801572175
"415",0,58,6,"airplane","run_v31528487399213",1,0.508722863417142,0.508722863417142,0.194593642831233,0.0742697424129865,0.222413751338638
"416",0,59,6,"airplane","run_v31528405799163",1,0.554988092269417,0.554988092269417,0.146002473486949,0.204876723479918,0.0941327107637157
"417",0,6,4,"airplane","run_v31530482097386",1,0.523215841539428,0.523215841539428,0.20243125253259,0.0774459693089926,0.19690693661899
"418",0,60,6,"airplane","run_v31531341196691",0,0.202094254316498,0.202094254316498,0.251995681669173,0.317586984978389,0.228323079035939
"419",0,61,6,"airplane","run_v31528401599159",1,0.392306211678768,0.392306211678768,0.281684282374246,0.0732148408263271,0.252794665120659
"420",0,62,6,"airplane","run_v31528399199252",0,0.115605076024491,0.115605076024491,0.342694263614348,0.20341608434293,0.338284576018231
"421",0,63,6,"airplane","run_v31532113255816",0,0.282844338436298,0.282844338436298,0.14757613727437,0.257099585241483,0.312479939047848
"422",0,64,6,"airplane","run_v31527977844711",0,0.107438841291474,0.107438841291474,0.472887491054019,0.21906680951086,0.200606858143648
"423",0,65,6,"airplane","run_v31528229399210",1,0.340966454750684,0.340966454750684,0.293225803547105,0.29827545049722,0.0675322912049911
"424",0,66,6,"airplane","run_v31531606164975",1,0.443265789424196,0.443265789424196,0.282236427770953,0.0992858365096408,0.17521194629521
"425",0,67,6,"airplane","run_v31528920077067",1,0.383492444642804,0.383492444642804,0.0904776813258476,0.358779331769914,0.167250542261434
"426",0,68,6,"airplane","run_v31528320073908",1,0.479551134639122,0.479551134639122,0.25239099250007,0.147470013352318,0.120587859508491
"427",0,69,7,"airplane","run_v31531693076482",1,0.499557373611025,0.499557373611025,0.313812920011214,0.106039758377328,0.0805899480004323
"428",0,7,4,"airplane","run_v31532042260290",1,0.346515836712597,0.346515836712597,0.329882744251228,0.143967596135469,0.179633822900706
"429",0,70,7,"airplane","run_v31529088599359",1,0.460178760792782,0.460178760792782,0.382118946278765,0.0605528527848425,0.0971494401436105
"430",0,71,7,"airplane","run_v31528064999186",1,0.448906993924544,0.448906993924544,0.282219515674717,0.0435646695133437,0.225308820887395
"431",0,72,7,"airplane","run_v31528919459689",1,0.496882459519684,0.496882459519684,0.352566449406018,0.0579358855225851,0.0926152055517128
"432",0,73,7,"airplane","run_v31528394999246",1,0.433151198364038,0.433151198364038,0.374227707945563,0.100015288430368,0.0926058052600307
"433",0,74,7,"airplane","run_v31530743542038",1,0.329310148593701,0.329310148593701,0.246640101308653,0.237559380952065,0.186490369145582
"434",0,75,7,"airplane","run_v31529438726305",1,0.563982763798354,0.563982763798354,0.204317812230177,0.110510001752242,0.121189422219227
"435",0,76,7,"airplane","run_v31531606463069",0,0.197235423586525,0.197235423586525,0.154215187451625,0.439488916525767,0.209060472436084
"436",0,77,7,"airplane","run_v31529187059841",0,0.269120561014094,0.269120561014094,0.416317111649216,0.199743979195962,0.114818348140728
"437",0,78,7,"airplane","run_v31530817208588",1,0.393008243180765,0.393008243180765,0.241121419931288,0.305206670544364,0.0606636663435832
"438",0,79,7,"airplane","run_v31531954185970",0,0.178930958526026,0.178930958526026,0.462111455232881,0.112054038441908,0.246903547799185
"439",0,8,4,"airplane","run_v31532042124941",1,0.298905151477023,0.298905151477023,0.235491026791802,0.206695914340135,0.25890790739104
"440",0,80,7,"airplane","run_v31531506560996",1,0.387431270951728,0.387431270951728,0.166239846844199,0.265598794432942,0.180730087771131
"441",0,81,7,"airplane","run_v31530644143472",0,0.333621353154852,0.333621353154852,0.347652831490292,0.271883074836811,0.0468427405180445
"442",0,82,7,"airplane","run_v31530737301771",0,0.369905119215962,0.369905119215962,0.104175974383438,0.126534467918717,0.399384438481883
"443",0,83,7,"airplane","run_v31528999012122",1,0.437543828936594,0.437543828936594,0.28855976545951,0.119614928717412,0.154281476886485
"444",0,84,7,"airplane","run_v31528913633652",0,0.329407253165305,0.329407253165305,0.0501056181600319,0.263997095458032,0.356490033216632
"445",0,85,7,"airplane","run_v31532123073667",1,0.446777422733298,0.446777422733298,0.265268945703763,0.119240541939548,0.168713089623392
"446",0,86,7,"airplane","run_v31530394444658",0,0.310718378831289,0.310718378831289,0.138330428787271,0.165243477226813,0.385707715154627
"447",0,87,7,"airplane","run_v31530558706822",1,0.476497916697901,0.476497916697901,0.236113380579847,0.244815906881107,0.0425727958411451
"448",0,88,7,"airplane","run_v31528838399095",1,0.334898772551107,0.334898772551107,0.213407698533679,0.245645258820029,0.206048270095185
"449",0,89,7,"airplane","run_v31532115662128",0,0.266195332644351,0.266195332644351,0.370024935636638,0.147974378852882,0.215805352866128
"450",0,9,4,"airplane","run_v31530478539938",1,0.40242257412417,0.40242257412417,0.363920292705925,0.104400958048708,0.129256175121197
"451",0,90,7,"airplane","run_v31528057829952",1,0.440735342311182,0.440735342311182,0.163359411629613,0.12337930491984,0.272525941139364
"452",0,91,7,"airplane","run_v31531338246387",1,0.412750586212033,0.412750586212033,0.221461129839107,0.240342690788036,0.125445593160824
"453",0,92,8,"airplane","run_v31529269799195",0,0.375465615362099,0.375465615362099,0.110524724636784,0.0629048805623288,0.451104779438788
"454",0,93,8,"airplane","run_v31528493095544",0,0.22058921043605,0.22058921043605,0.181711612537431,0.230272716995041,0.367426460031479
"455",0,94,8,"airplane","run_v31528744085232",1,0.490675829417117,0.490675829417117,0.305402047349282,0.124764274590977,0.0791578486426246
"456",0,95,8,"airplane","run_v31531686508439",0,0.218098341783607,0.218098341783607,0.261784474654694,0.23155612092623,0.288561062635468
"457",0,96,8,"airplane","run_v31528583580541",0,0.340020791415917,0.340020791415917,0.0883368161147846,0.435718620975909,0.135923771493389
"458",0,97,8,"airplane","run_v31529360218856",0,0.251609172675026,0.251609172675026,0.171435357747017,0.283476045993079,0.293479423584878
"459",0,98,8,"airplane","run_v31532037422524",0,0.234251888865156,0.234251888865156,0.324800437582291,0.257953177518245,0.182994496034308
"460",0,99,8,"airplane","run_v31528578599110",1,0.495977314783273,0.495977314783273,0.215439784224814,0.176250322176338,0.112332578815575
